time_ms,V_reference_mV,m_reference,h_reference,n_reference,V_fitted_mV,m_fitted,h_fitted,n_fitted
0.0000000,-59.979240,0.052932,0.596121,0.317677,-59.977188,0.052932,0.596121,0.317677
0.0066667,-59.958538,0.052936,0.596120,0.317677,-59.954464,0.052936,0.596120,0.317677
0.0133333,-59.937889,0.052943,0.596119,0.317678,-59.931824,0.052944,0.596119,0.317678
0.0200000,-59.917294,0.052954,0.596117,0.317679,-59.909267,0.052956,0.596117,0.317679
0.0266667,-59.896751,0.052968,0.596115,0.317681,-59.886791,0.052971,0.596115,0.317681
0.0333333,-59.876259,0.052985,0.596112,0.317683,-59.864395,0.052990,0.596111,0.317683
0.0400000,-59.855816,0.053005,0.596109,0.317685,-59.842075,0.053012,0.596108,0.317686
0.0466667,-59.835419,0.053029,0.596105,0.317688,-59.819828,0.053038,0.596103,0.317689
0.0533333,-59.815067,0.053055,0.596100,0.317691,-59.797657,0.053067,0.596098,0.317692
0.0600000,-59.794762,0.053084,0.596095,0.317694,-59.775555,0.053099,0.596093,0.317696
0.0666667,-59.774502,0.053116,0.596090,0.317698,-59.753525,0.053133,0.596087,0.317700
0.0733333,-59.754284,0.053151,0.596084,0.317702,-59.731564,0.053171,0.596080,0.317705
0.0800000,-59.734108,0.053188,0.596077,0.317707,-59.709667,0.053212,0.596073,0.317710
0.0866667,-59.713974,0.053227,0.596070,0.317712,-59.687836,0.053255,0.596065,0.317715
0.0933333,-59.693878,0.053270,0.596062,0.317717,-59.666069,0.053301,0.596056,0.317721
0.1000000,-59.673820,0.053314,0.596053,0.317723,-59.644367,0.053350,0.596047,0.317727
0.1066667,-59.653801,0.053361,0.596044,0.317729,-59.622726,0.053401,0.596037,0.317734
0.1133333,-59.633820,0.053410,0.596035,0.317735,-59.601143,0.053454,0.596027,0.317741
0.1200000,-59.613873,0.053461,0.596025,0.317742,-59.579620,0.053510,0.596016,0.317748
0.1266667,-59.593964,0.053515,0.596014,0.317749,-59.558155,0.053568,0.596004,0.317756
0.1333333,-59.574089,0.053570,0.596003,0.317757,-59.536747,0.053629,0.595992,0.317764
0.1400000,-59.554245,0.053628,0.595991,0.317765,-59.515392,0.053691,0.595980,0.317773
0.1466667,-59.534435,0.053687,0.595979,0.317773,-59.494091,0.053756,0.595966,0.317782
0.1533333,-59.514656,0.053748,0.595966,0.317782,-59.472843,0.053822,0.595952,0.317791
0.1600000,-59.494907,0.053811,0.595953,0.317791,-59.451649,0.053891,0.595938,0.317801
0.1666667,-59.475189,0.053876,0.595939,0.317800,-59.430504,0.053961,0.595923,0.317812
0.1733333,-59.455502,0.053943,0.595925,0.317810,-59.409409,0.054033,0.595907,0.317822
0.1800000,-59.435841,0.054011,0.595910,0.317820,-59.388363,0.054107,0.595891,0.317833
0.1866667,-59.416210,0.054081,0.595895,0.317831,-59.367363,0.054183,0.595874,0.317845
0.1933333,-59.396606,0.054152,0.595878,0.317842,-59.346413,0.054260,0.595857,0.317856
0.2000000,-59.377029,0.054225,0.595862,0.317853,-59.325508,0.054339,0.595839,0.317868
0.2066667,-59.357479,0.054300,0.595845,0.317864,-59.304646,0.054420,0.595820,0.317881
0.2133333,-59.337955,0.054376,0.595827,0.317876,-59.283829,0.054502,0.595801,0.317894
0.2200000,-59.318455,0.054453,0.595809,0.317889,-59.263054,0.054586,0.595782,0.317907
0.2266667,-59.298977,0.054532,0.595790,0.317901,-59.242321,0.054671,0.595761,0.317921
0.2333333,-59.279526,0.054612,0.595771,0.317914,-59.221630,0.054757,0.595741,0.317935
0.2400000,-59.260098,0.054693,0.595751,0.317928,-59.200981,0.054845,0.595719,0.317949
0.2466667,-59.240692,0.054776,0.595731,0.317941,-59.180374,0.054934,0.595697,0.317964
0.2533333,-59.221310,0.054860,0.595710,0.317955,-59.159805,0.055025,0.595675,0.317979
0.2600000,-59.201946,0.054945,0.595689,0.317970,-59.139275,0.055116,0.595652,0.317995
0.2666667,-59.182606,0.055031,0.595667,0.317984,-59.118782,0.055209,0.595628,0.318011
0.2733333,-59.163284,0.055119,0.595645,0.318000,-59.098328,0.055303,0.595604,0.318027
0.2800000,-59.143982,0.055207,0.595622,0.318015,-59.077908,0.055399,0.595579,0.318044
0.2866667,-59.124699,0.055297,0.595598,0.318031,-59.057526,0.055495,0.595554,0.318061
0.2933333,-59.105438,0.055388,0.595574,0.318047,-59.037178,0.055593,0.595528,0.318079
0.3000000,-59.086193,0.055479,0.595550,0.318064,-59.016865,0.055691,0.595501,0.318096
0.3066667,-59.066967,0.055572,0.595524,0.318081,-58.996586,0.055791,0.595474,0.318115
0.3133333,-59.047760,0.055666,0.595499,0.318098,-58.976337,0.055891,0.595447,0.318133
0.3200000,-59.028568,0.055761,0.595473,0.318115,-58.956123,0.055993,0.595419,0.318152
0.3266667,-59.009396,0.055856,0.595446,0.318133,-58.935940,0.056095,0.595390,0.318171
0.3333333,-58.990238,0.055953,0.595419,0.318152,-58.915791,0.056199,0.595361,0.318191
0.3400000,-58.971096,0.056050,0.595391,0.318170,-58.895672,0.056303,0.595331,0.318211
0.3466667,-58.951973,0.056148,0.595363,0.318189,-58.875584,0.056408,0.595301,0.318231
0.3533333,-58.932865,0.056247,0.595334,0.318209,-58.855526,0.056514,0.595270,0.318252
0.3600000,-58.913773,0.056347,0.595305,0.318228,-58.835495,0.056621,0.595238,0.318273
0.3666667,-58.894691,0.056448,0.595275,0.318248,-58.815495,0.056729,0.595206,0.318295
0.3733333,-58.875626,0.056549,0.595245,0.318269,-58.795521,0.056837,0.595174,0.318317
0.3800000,-58.856575,0.056652,0.595214,0.318289,-58.775574,0.056947,0.595141,0.318339
0.3866667,-58.837536,0.056755,0.595183,0.318311,-58.755653,0.057057,0.595107,0.318362
0.3933333,-58.818512,0.056858,0.595151,0.318332,-58.735760,0.057167,0.595073,0.318385
0.4000000,-58.799500,0.056963,0.595118,0.318354,-58.715893,0.057279,0.595038,0.318408
0.4066667,-58.780499,0.057068,0.595085,0.318376,-58.696053,0.057391,0.595003,0.318431
0.4133333,-58.761513,0.057174,0.595052,0.318398,-58.676239,0.057504,0.594967,0.318456
0.4200000,-58.742538,0.057281,0.595018,0.318421,-58.656448,0.057617,0.594931,0.318480
0.4266667,-58.723576,0.057388,0.594983,0.318444,-58.636684,0.057731,0.594894,0.318505
0.4333333,-58.704624,0.057496,0.594948,0.318468,-58.616943,0.057846,0.594856,0.318530
0.4400000,-58.685684,0.057604,0.594913,0.318491,-58.597225,0.057961,0.594818,0.318555
0.4466667,-58.666752,0.057713,0.594877,0.318516,-58.577530,0.058077,0.594780,0.318581
0.4533333,-58.647831,0.057823,0.594840,0.318540,-58.557858,0.058194,0.594740,0.318607
0.4600000,-58.628922,0.057933,0.594803,0.318565,-58.538208,0.058311,0.594701,0.318634
0.4666667,-58.610020,0.058044,0.594765,0.318590,-58.518578,0.058429,0.594661,0.318661
0.4733333,-58.591129,0.058155,0.594727,0.318616,-58.498970,0.058547,0.594620,0.318688
0.4800000,-58.572247,0.058267,0.594689,0.318641,-58.479382,0.058666,0.594579,0.318715
0.4866667,-58.553371,0.058380,0.594649,0.318668,-58.459816,0.058785,0.594537,0.318743
0.4933333,-58.534508,0.058493,0.594610,0.318694,-58.440269,0.058905,0.594494,0.318772
0.5000000,-58.515652,0.058607,0.594569,0.318721,-58.420742,0.059025,0.594451,0.318800
0.5066667,-58.496803,0.058721,0.594529,0.318748,-58.401234,0.059146,0.594408,0.318829
0.5133333,-58.477962,0.058835,0.594487,0.318776,-58.381744,0.059268,0.594364,0.318858
0.5200000,-58.459129,0.058951,0.594446,0.318804,-58.362274,0.059389,0.594319,0.318888
0.5266667,-58.440304,0.059066,0.594403,0.318832,-58.342823,0.059512,0.594274,0.318918
0.5333333,-58.421486,0.059182,0.594360,0.318860,-58.323391,0.059634,0.594229,0.318949
0.5400000,-58.402676,0.059299,0.594317,0.318889,-58.303974,0.059758,0.594183,0.318979
0.5466667,-58.383869,0.059416,0.594273,0.318919,-58.284576,0.059881,0.594136,0.319010
0.5533333,-58.365070,0.059534,0.594229,0.318948,-58.265194,0.060005,0.594089,0.319042
0.5600000,-58.346275,0.059652,0.594184,0.318978,-58.245827,0.060130,0.594041,0.319073
0.5666667,-58.327488,0.059770,0.594138,0.319008,-58.226479,0.060255,0.593993,0.319106
0.5733333,-58.308704,0.059889,0.594092,0.319039,-58.207146,0.060380,0.593944,0.319138
0.5800000,-58.289928,0.060008,0.594046,0.319070,-58.187828,0.060506,0.593895,0.319171
0.5866667,-58.271156,0.060128,0.593999,0.319101,-58.168526,0.060632,0.593845,0.319204
0.5933333,-58.252388,0.060248,0.593952,0.319132,-58.149235,0.060758,0.593794,0.319237
0.6000000,-58.233627,0.060369,0.593904,0.319164,-58.129959,0.060885,0.593743,0.319271
0.6066667,-58.214870,0.060490,0.593855,0.319197,-58.110699,0.061012,0.593692,0.319305
0.6133333,-58.196117,0.060611,0.593806,0.319229,-58.091454,0.061140,0.593640,0.319340
0.6200000,-58.177368,0.060733,0.593756,0.319262,-58.072220,0.061268,0.593587,0.319375
0.6266667,-58.158623,0.060855,0.593706,0.319295,-58.052998,0.061396,0.593534,0.319410
0.6333333,-58.139881,0.060978,0.593656,0.319329,-58.033791,0.061525,0.593481,0.319445
0.6400000,-58.121140,0.061101,0.593605,0.319363,-58.014595,0.061654,0.593426,0.319481
0.6466667,-58.102402,0.061224,0.593553,0.319397,-57.995411,0.061783,0.593372,0.319517
0.6533333,-58.083668,0.061348,0.593501,0.319431,-57.976238,0.061913,0.593317,0.319554
0.6600000,-58.064938,0.061472,0.593448,0.319466,-57.957077,0.062043,0.593261,0.319591
0.6666667,-58.046207,0.061597,0.593395,0.319502,-57.937927,0.062174,0.593205,0.319628
0.6733333,-58.027481,0.061721,0.593341,0.319537,-57.918789,0.062304,0.593148,0.319666
0.6800000,-58.008755,0.061847,0.593287,0.319573,-57.899662,0.062435,0.593090,0.319704
0.6866667,-57.990032,0.061972,0.593232,0.319609,-57.880543,0.062567,0.593033,0.319742
0.6933333,-57.971310,0.062098,0.593177,0.319646,-57.861435,0.062699,0.592974,0.319780
0.7000000,-57.952587,0.062224,0.593121,0.319683,-57.842339,0.062831,0.592915,0.319819
0.7066667,-57.933868,0.062351,0.593065,0.319720,-57.823250,0.062963,0.592856,0.319858
0.7133333,-57.915150,0.062478,0.593008,0.319757,-57.804169,0.063096,0.592796,0.319898
0.7200000,-57.896431,0.062605,0.592951,0.319795,-57.785099,0.063229,0.592735,0.319938
0.7266667,-57.877712,0.062733,0.592893,0.319833,-57.766037,0.063362,0.592674,0.319978
0.7333333,-57.858994,0.062861,0.592835,0.319872,-57.746983,0.063495,0.592613,0.320019
0.7400000,-57.840275,0.062990,0.592776,0.319911,-57.727936,0.063629,0.592551,0.320060
0.7466667,-57.821556,0.063118,0.592716,0.319950,-57.708897,0.063763,0.592488,0.320101
0.7533333,-57.802837,0.063247,0.592657,0.319989,-57.689865,0.063898,0.592425,0.320142
0.7600000,-57.784119,0.063377,0.592596,0.320029,-57.670841,0.064033,0.592361,0.320184
0.7666667,-57.765396,0.063506,0.592535,0.320069,-57.651821,0.064168,0.592297,0.320227
0.7733333,-57.746674,0.063636,0.592474,0.320110,-57.632809,0.064303,0.592233,0.320269
0.7800000,-57.727951,0.063767,0.592412,0.320151,-57.613804,0.064439,0.592167,0.320312
0.7866667,-57.709225,0.063897,0.592349,0.320192,-57.594803,0.064574,0.592102,0.320355
0.7933333,-57.690498,0.064028,0.592286,0.320233,-57.575809,0.064711,0.592035,0.320399
0.8000000,-57.671768,0.064160,0.592223,0.320275,-57.556820,0.064847,0.591968,0.320443
0.8066667,-57.653034,0.064291,0.592159,0.320317,-57.537834,0.064984,0.591901,0.320487
0.8133333,-57.634300,0.064423,0.592094,0.320359,-57.518852,0.065121,0.591833,0.320531
0.8200000,-57.615562,0.064556,0.592029,0.320402,-57.499874,0.065258,0.591765,0.320576
0.8266667,-57.596821,0.064688,0.591963,0.320445,-57.480904,0.065396,0.591696,0.320622
0.8333333,-57.578075,0.064821,0.591897,0.320489,-57.461933,0.065534,0.591626,0.320667
0.8400000,-57.559330,0.064954,0.591831,0.320532,-57.442966,0.065672,0.591556,0.320713
0.8466667,-57.540581,0.065088,0.591763,0.320576,-57.424004,0.065810,0.591486,0.320759
0.8533333,-57.521828,0.065222,0.591696,0.320621,-57.405045,0.065949,0.591415,0.320806
0.8600000,-57.503067,0.065356,0.591628,0.320665,-57.386089,0.066088,0.591343,0.320853
0.8666667,-57.484303,0.065491,0.591559,0.320711,-57.367134,0.066227,0.591271,0.320900
0.8733333,-57.465534,0.065625,0.591490,0.320756,-57.348183,0.066366,0.591199,0.320947
0.8800000,-57.446762,0.065760,0.591420,0.320802,-57.329231,0.066506,0.591125,0.320995
0.8866667,-57.427986,0.065896,0.591350,0.320848,-57.310280,0.066646,0.591052,0.321043
0.8933333,-57.409203,0.066032,0.591279,0.320894,-57.291332,0.066786,0.590978,0.321092
0.9000000,-57.390415,0.066168,0.591208,0.320941,-57.272385,0.066927,0.590903,0.321140
0.9066667,-57.371620,0.066304,0.591136,0.320987,-57.253437,0.067068,0.590828,0.321190
0.9133333,-57.352821,0.066441,0.591063,0.321035,-57.234489,0.067209,0.590752,0.321239
0.9200000,-57.334015,0.066578,0.590990,0.321082,-57.215542,0.067350,0.590676,0.321289
0.9266667,-57.315205,0.066715,0.590917,0.321130,-57.196594,0.067492,0.590599,0.321339
0.9333333,-57.296387,0.066853,0.590843,0.321179,-57.177647,0.067634,0.590521,0.321389
0.9400000,-57.277561,0.066991,0.590769,0.321227,-57.158695,0.067776,0.590443,0.321440
0.9466667,-57.258728,0.067129,0.590694,0.321276,-57.139744,0.067919,0.590365,0.321491
0.9533333,-57.239887,0.067267,0.590618,0.321325,-57.120792,0.068061,0.590286,0.321543
0.9600000,-57.221039,0.067406,0.590542,0.321375,-57.101837,0.068204,0.590207,0.321594
0.9666667,-57.202183,0.067545,0.590466,0.321425,-57.082878,0.068348,0.590127,0.321647
0.9733333,-57.183319,0.067685,0.590389,0.321475,-57.063919,0.068491,0.590046,0.321699
0.9800000,-57.164448,0.067825,0.590311,0.321526,-57.044956,0.068635,0.589965,0.321752
0.9866667,-57.145569,0.067965,0.590233,0.321576,-57.025990,0.068779,0.589884,0.321805
0.9933333,-57.126678,0.068105,0.590154,0.321628,-57.007019,0.068923,0.589801,0.321858
1.0000000,-57.107780,0.068246,0.590075,0.321679,-56.988045,0.069068,0.589719,0.321912
1.0066667,-57.088875,0.068387,0.589995,0.321731,-56.969067,0.069213,0.589636,0.321966
1.0133333,-57.069958,0.068529,0.589915,0.321783,-56.950085,0.069358,0.589552,0.322020
1.0200000,-57.051033,0.068670,0.589834,0.321836,-56.931099,0.069504,0.589468,0.322075
1.0266667,-57.032097,0.068812,0.589753,0.321888,-56.912106,0.069649,0.589383,0.322130
1.0333333,-57.013149,0.068955,0.589671,0.321942,-56.893108,0.069796,0.589298,0.322185
1.0400000,-56.994194,0.069097,0.589589,0.321995,-56.874104,0.069942,0.589212,0.322241
1.0466667,-56.975227,0.069240,0.589506,0.322049,-56.855095,0.070088,0.589126,0.322297
1.0533333,-56.956249,0.069384,0.589423,0.322103,-56.836079,0.070235,0.589039,0.322353
1.0600000,-56.937260,0.069527,0.589339,0.322157,-56.817055,0.070383,0.588951,0.322409
1.0666667,-56.918259,0.069671,0.589254,0.322212,-56.798027,0.070530,0.588863,0.322466
1.0733333,-56.899246,0.069815,0.589169,0.322267,-56.778992,0.070678,0.588775,0.322524
1.0800000,-56.880222,0.069960,0.589084,0.322323,-56.759949,0.070826,0.588686,0.322581
1.0866667,-56.861183,0.070105,0.588998,0.322378,-56.740894,0.070974,0.588597,0.322639
1.0933333,-56.842133,0.070250,0.588911,0.322434,-56.721832,0.071123,0.588506,0.322697
1.1000000,-56.823071,0.070396,0.588824,0.322491,-56.702763,0.071272,0.588416,0.322756
1.1066667,-56.803993,0.070542,0.588737,0.322547,-56.683685,0.071421,0.588325,0.322815
1.1133333,-56.784904,0.070688,0.588648,0.322604,-56.664597,0.071571,0.588233,0.322874
1.1200000,-56.765800,0.070835,0.588560,0.322662,-56.645500,0.071720,0.588141,0.322933
1.1266667,-56.746685,0.070982,0.588470,0.322719,-56.626392,0.071870,0.588048,0.322993
1.1333333,-56.727554,0.071129,0.588381,0.322777,-56.607273,0.072021,0.587955,0.323053
1.1400000,-56.708408,0.071277,0.588290,0.322836,-56.588142,0.072172,0.587861,0.323114
1.1466667,-56.689247,0.071424,0.588200,0.322894,-56.569004,0.072323,0.587767,0.323175
1.1533333,-56.670071,0.071573,0.588108,0.322953,-56.549854,0.072474,0.587672,0.323236
1.1600000,-56.650879,0.071721,0.588016,0.323013,-56.530689,0.072626,0.587576,0.323297
1.1666667,-56.631672,0.071870,0.587924,0.323072,-56.511513,0.072778,0.587480,0.323359
1.1733333,-56.612450,0.072020,0.587831,0.323132,-56.492325,0.072930,0.587384,0.323421
1.1800000,-56.593212,0.072170,0.587737,0.323192,-56.473125,0.073083,0.587287,0.323483
1.1866667,-56.573956,0.072320,0.587643,0.323253,-56.453911,0.073235,0.587189,0.323546
1.1933333,-56.554684,0.072470,0.587549,0.323314,-56.434681,0.073389,0.587091,0.323609
1.2000000,-56.535393,0.072621,0.587454,0.323375,-56.415440,0.073542,0.586993,0.323673
1.2066667,-56.516087,0.072772,0.587358,0.323437,-56.396183,0.073696,0.586893,0.323736
1.2133333,-56.496761,0.072923,0.587262,0.323499,-56.376911,0.073850,0.586794,0.323800
1.2200000,-56.477417,0.073075,0.587165,0.323561,-56.357624,0.074005,0.586693,0.323865
1.2266667,-56.458054,0.073227,0.587068,0.323623,-56.338322,0.074160,0.586593,0.323929
1.2333333,-56.438675,0.073380,0.586970,0.323686,-56.319004,0.074315,0.586491,0.323994
1.2400000,-56.419273,0.073533,0.586871,0.323749,-56.299671,0.074471,0.586389,0.324060
1.2466667,-56.399853,0.073686,0.586772,0.323813,-56.280319,0.074626,0.586287,0.324125
1.2533333,-56.380413,0.073840,0.586673,0.323877,-56.260952,0.074783,0.586184,0.324191
1.2600000,-56.360954,0.073994,0.586573,0.323941,-56.241566,0.074939,0.586080,0.324258
1.2666667,-56.341476,0.074148,0.586472,0.324006,-56.222160,0.075096,0.585976,0.324324
1.2733333,-56.321976,0.074303,0.586371,0.324070,-56.202740,0.075254,0.585872,0.324391
1.2800000,-56.302456,0.074459,0.586269,0.324136,-56.183300,0.075411,0.585767,0.324458
1.2866667,-56.282913,0.074614,0.586167,0.324201,-56.163841,0.075569,0.585661,0.324526
1.2933333,-56.263348,0.074770,0.586064,0.324267,-56.144360,0.075727,0.585555,0.324594
1.3000000,-56.243759,0.074927,0.585961,0.324333,-56.124859,0.075886,0.585448,0.324662
1.3066667,-56.224152,0.075083,0.585857,0.324400,-56.105339,0.076045,0.585341,0.324731
1.3133333,-56.204521,0.075240,0.585753,0.324466,-56.085796,0.076205,0.585233,0.324800
1.3200000,-56.184864,0.075398,0.585648,0.324534,-56.066235,0.076365,0.585124,0.324869
1.3266667,-56.165184,0.075556,0.585542,0.324601,-56.046650,0.076525,0.585015,0.324938
1.3333333,-56.145481,0.075714,0.585436,0.324669,-56.027042,0.076685,0.584906,0.325008
1.3400000,-56.125755,0.075873,0.585330,0.324737,-56.007412,0.076846,0.584796,0.325079
1.3466667,-56.106003,0.076032,0.585222,0.324805,-55.987759,0.077008,0.584685,0.325149
1.3533333,-56.086224,0.076192,0.585115,0.324874,-55.968082,0.077169,0.584574,0.325220
1.3600000,-56.066422,0.076352,0.585006,0.324943,-55.948383,0.077331,0.584462,0.325291
1.3666667,-56.046593,0.076512,0.584897,0.325013,-55.928658,0.077494,0.584350,0.325363
1.3733333,-56.026737,0.076673,0.584788,0.325083,-55.908909,0.077657,0.584237,0.325435
1.3800000,-56.006855,0.076835,0.584678,0.325153,-55.889133,0.077820,0.584123,0.325507
1.3866667,-55.986946,0.076996,0.584567,0.325223,-55.869331,0.077984,0.584009,0.325579
1.3933333,-55.967010,0.077158,0.584456,0.325294,-55.849503,0.078148,0.583895,0.325652
1.4000000,-55.947044,0.077321,0.584344,0.325365,-55.829647,0.078312,0.583780,0.325725
1.4066667,-55.927052,0.077484,0.584232,0.325437,-55.809765,0.078477,0.583664,0.325799
1.4133333,-55.907028,0.077647,0.584119,0.325508,-55.789856,0.078643,0.583548,0.325873
1.4200000,-55.886978,0.077811,0.584006,0.325580,-55.769917,0.078808,0.583431,0.325947
1.4266667,-55.866898,0.077976,0.583892,0.325653,-55.749950,0.078975,0.583313,0.326021
1.4333333,-55.846786,0.078141,0.583777,0.325726,-55.729954,0.079141,0.583195,0.326096
1.4400000,-55.826645,0.078306,0.583662,0.325799,-55.709927,0.079308,0.583077,0.326171
1.4466667,-55.806473,0.078472,0.583547,0.325872,-55.689869,0.079476,0.582958,0.326247
1.4533333,-55.786270,0.078638,0.583430,0.325946,-55.669781,0.079644,0.582838,0.326322
1.4600000,-55.766037,0.078804,0.583313,0.326020,-55.649662,0.079812,0.582718,0.326399
1.4666667,-55.745770,0.078971,0.583196,0.326095,-55.629513,0.079981,0.582597,0.326475
1.4733333,-55.725468,0.079139,0.583078,0.326170,-55.609329,0.080150,0.582476,0.326552
1.4800000,-55.705135,0.079307,0.582959,0.326245,-55.589111,0.080320,0.582354,0.326629
1.4866667,-55.684769,0.079476,0.582840,0.326320,-55.568863,0.080490,0.582231,0.326707
1.4933333,-55.664368,0.079645,0.582721,0.326396,-55.548580,0.080661,0.582108,0.326784
1.5000000,-55.643932,0.079814,0.582600,0.326472,-55.528259,0.080832,0.581984,0.326863
1.5066667,-55.623463,0.079984,0.582479,0.326549,-55.507904,0.081004,0.581860,0.326941
1.5133333,-55.602955,0.080155,0.582358,0.326626,-55.487514,0.081176,0.581735,0.327020
1.5200000,-55.582413,0.080326,0.582236,0.326703,-55.467087,0.081348,0.581610,0.327099
1.5266667,-55.561832,0.080497,0.582113,0.326780,-55.446621,0.081521,0.581484,0.327179
1.5333333,-55.541214,0.080669,0.581990,0.326858,-55.426117,0.081695,0.581357,0.327259
1.5400000,-55.520561,0.080842,0.581866,0.326937,-55.405575,0.081869,0.581230,0.327339
1.5466667,-55.499870,0.081015,0.581741,0.327015,-55.384995,0.082044,0.581102,0.327419
1.5533333,-55.479137,0.081189,0.581616,0.327094,-55.364376,0.082219,0.580974,0.327500
1.5600000,-55.458366,0.081363,0.581491,0.327173,-55.343716,0.082394,0.580845,0.327581
1.5666667,-55.437557,0.081537,0.581365,0.327253,-55.323013,0.082571,0.580715,0.327663
1.5733333,-55.416706,0.081712,0.581238,0.327333,-55.302273,0.082747,0.580585,0.327745
1.5800000,-55.395813,0.081888,0.581110,0.327413,-55.281490,0.082924,0.580454,0.327827
1.5866667,-55.374882,0.082064,0.580982,0.327494,-55.260662,0.083102,0.580323,0.327910
1.5933333,-55.353909,0.082241,0.580854,0.327575,-55.239792,0.083280,0.580191,0.327993
1.6000000,-55.332890,0.082419,0.580724,0.327656,-55.218876,0.083459,0.580058,0.328076
1.6066667,-55.311829,0.082597,0.580595,0.327738,-55.197914,0.083638,0.579925,0.328160
1.6133333,-55.290726,0.082775,0.580464,0.327820,-55.176910,0.083818,0.579791,0.328244
1.6200000,-55.269577,0.082954,0.580333,0.327902,-55.155857,0.083999,0.579657,0.328328
1.6266667,-55.248383,0.083134,0.580201,0.327985,-55.134758,0.084180,0.579522,0.328413
1.6333333,-55.227142,0.083314,0.580069,0.328068,-55.113613,0.084361,0.579386,0.328498
1.6400000,-55.205856,0.083495,0.579936,0.328152,-55.092419,0.084544,0.579250,0.328583
1.6466667,-55.184525,0.083676,0.579803,0.328236,-55.071175,0.084726,0.579113,0.328669
1.6533333,-55.163143,0.083858,0.579669,0.328320,-55.049881,0.084910,0.578976,0.328755
1.6600000,-55.141716,0.084041,0.579534,0.328404,-55.028538,0.085094,0.578838,0.328841
1.6666667,-55.120239,0.084224,0.579398,0.328489,-55.007141,0.085278,0.578699,0.328928
1.6733333,-55.098713,0.084408,0.579262,0.328575,-54.985691,0.085464,0.578560,0.329015
1.6800000,-55.077137,0.084592,0.579126,0.328660,-54.964188,0.085649,0.578420,0.329103
1.6866667,-55.055508,0.084777,0.578989,0.328746,-54.942631,0.085836,0.578279,0.329191
1.6933333,-55.033829,0.084963,0.578851,0.328833,-54.921021,0.086023,0.578138,0.329279
1.7000000,-55.012096,0.085149,0.578712,0.328919,-54.899353,0.086211,0.577996,0.329368
1.7066667,-54.990311,0.085336,0.578573,0.329006,-54.877632,0.086399,0.577854,0.329457
1.7133333,-54.968472,0.085524,0.578433,0.329094,-54.855854,0.086588,0.577711,0.329546
1.7200000,-54.946579,0.085712,0.578293,0.329181,-54.834019,0.086778,0.577567,0.329636
1.7266667,-54.924633,0.085901,0.578152,0.329270,-54.812122,0.086968,0.577423,0.329726
1.7333333,-54.902630,0.086091,0.578010,0.329358,-54.790165,0.087159,0.577278,0.329816
1.7400000,-54.880569,0.086281,0.577868,0.329447,-54.768150,0.087351,0.577132,0.329907
1.7466667,-54.858452,0.086472,0.577725,0.329536,-54.746071,0.087543,0.576986,0.329998
1.7533333,-54.836277,0.086664,0.577581,0.329626,-54.723930,0.087736,0.576839,0.330089
1.7600000,-54.814045,0.086856,0.577437,0.329716,-54.701729,0.087930,0.576692,0.330181
1.7666667,-54.791752,0.087049,0.577292,0.329806,-54.679462,0.088124,0.576543,0.330274
1.7733333,-54.769398,0.087243,0.577146,0.329897,-54.657131,0.088320,0.576394,0.330366
1.7800000,-54.746983,0.087437,0.577000,0.329988,-54.634731,0.088515,0.576245,0.330459
1.7866667,-54.724506,0.087632,0.576853,0.330080,-54.612267,0.088712,0.576095,0.330553
1.7933333,-54.701965,0.087828,0.576706,0.330172,-54.589733,0.088910,0.575944,0.330646
1.8000000,-54.679363,0.088025,0.576558,0.330264,-54.567131,0.089108,0.575792,0.330740
1.8066667,-54.656696,0.088222,0.576409,0.330357,-54.544456,0.089307,0.575640,0.330835
1.8133333,-54.633965,0.088421,0.576259,0.330450,-54.521713,0.089506,0.575487,0.330930
1.8200000,-54.611164,0.088620,0.576109,0.330543,-54.498898,0.089707,0.575334,0.331025
1.8266667,-54.588299,0.088819,0.575958,0.330637,-54.476006,0.089908,0.575180,0.331121
1.8333333,-54.565365,0.089020,0.575806,0.330731,-54.453041,0.090110,0.575025,0.331217
1.8400000,-54.542362,0.089221,0.575654,0.330825,-54.430000,0.090313,0.574869,0.331313
1.8466667,-54.519287,0.089423,0.575501,0.330920,-54.406883,0.090517,0.574713,0.331410
1.8533333,-54.496143,0.089626,0.575348,0.331016,-54.383690,0.090721,0.574556,0.331507
1.8600000,-54.472927,0.089829,0.575193,0.331111,-54.360416,0.090926,0.574398,0.331605
1.8666667,-54.449638,0.090034,0.575038,0.331207,-54.337063,0.091132,0.574240,0.331703
1.8733333,-54.426273,0.090239,0.574883,0.331304,-54.313629,0.091339,0.574081,0.331801
1.8800000,-54.402836,0.090445,0.574726,0.331401,-54.290112,0.091547,0.573921,0.331900
1.8866667,-54.379322,0.090652,0.574569,0.331498,-54.266514,0.091756,0.573761,0.331999
1.8933333,-54.355732,0.090860,0.574411,0.331596,-54.242828,0.091966,0.573600,0.332098
1.9000000,-54.332062,0.091069,0.574253,0.331694,-54.219059,0.092176,0.573438,0.332198
1.9066667,-54.308315,0.091278,0.574094,0.331792,-54.195202,0.092388,0.573275,0.332299
1.9133333,-54.284489,0.091489,0.573934,0.331891,-54.171257,0.092600,0.573112,0.332399
1.9200000,-54.260578,0.091700,0.573773,0.331990,-54.147221,0.092813,0.572948,0.332501
1.9266667,-54.236588,0.091912,0.573612,0.332090,-54.123093,0.093027,0.572784,0.332602
1.9333333,-54.212513,0.092125,0.573450,0.332190,-54.098873,0.093243,0.572618,0.332704
1.9400000,-54.188354,0.092339,0.573287,0.332291,-54.074562,0.093459,0.572452,0.332806
1.9466667,-54.164108,0.092554,0.573123,0.332392,-54.050156,0.093676,0.572285,0.332909
1.9533333,-54.139778,0.092770,0.572959,0.332493,-54.025650,0.093894,0.572117,0.333012
1.9600000,-54.115360,0.092987,0.572794,0.332595,-54.001049,0.094113,0.571949,0.333116
1.9666667,-54.090851,0.093205,0.572628,0.332697,-53.976349,0.094333,0.571780,0.333220
1.9733333,-54.066254,0.093423,0.572462,0.332799,-53.951546,0.094554,0.571610,0.333324
1.9800000,-54.041565,0.093643,0.572295,0.332902,-53.926640,0.094776,0.571440,0.333429
1.9866667,-54.016781,0.093864,0.572127,0.333006,-53.901630,0.094999,0.571268,0.333535
1.9933333,-53.991905,0.094086,0.571958,0.333109,-53.876518,0.095223,0.571096,0.333640
2.0000000,-53.966934,0.094308,0.571789,0.333214,-53.851299,0.095449,0.570923,0.333746
2.0066667,-53.941864,0.094532,0.571618,0.333318,-53.825970,0.095675,0.570749,0.333853
2.0133333,-53.916698,0.094757,0.571447,0.333423,-53.800529,0.095903,0.570575,0.333960
2.0200000,-53.891434,0.094983,0.571276,0.333529,-53.774979,0.096131,0.570400,0.334067
2.0266667,-53.866066,0.095210,0.571103,0.333635,-53.749313,0.096361,0.570224,0.334175
2.0333333,-53.840595,0.095438,0.570930,0.333741,-53.723534,0.096592,0.570047,0.334284
2.0400000,-53.815022,0.095667,0.570756,0.333848,-53.697636,0.096824,0.569869,0.334392
2.0466667,-53.789345,0.095897,0.570581,0.333955,-53.671619,0.097057,0.569691,0.334502
2.0533333,-53.763561,0.096128,0.570405,0.334063,-53.645485,0.097291,0.569512,0.334611
2.0600000,-53.737667,0.096361,0.570229,0.334171,-53.619228,0.097527,0.569332,0.334721
2.0666667,-53.711666,0.096594,0.570052,0.334280,-53.592846,0.097763,0.569151,0.334832
2.0733333,-53.685555,0.096829,0.569874,0.334389,-53.566338,0.098001,0.568969,0.334943
2.0800000,-53.659328,0.097065,0.569695,0.334498,-53.539703,0.098241,0.568787,0.335054
2.0866667,-53.632988,0.097302,0.569515,0.334608,-53.512939,0.098481,0.568604,0.335166
2.0933333,-53.606533,0.097540,0.569335,0.334719,-53.486042,0.098723,0.568420,0.335279
2.1000000,-53.579960,0.097779,0.569154,0.334829,-53.459011,0.098966,0.568235,0.335391
2.1066667,-53.553268,0.098020,0.568971,0.334941,-53.431847,0.099210,0.568049,0.335505
2.1133333,-53.526455,0.098262,0.568789,0.335052,-53.404545,0.099456,0.567862,0.335618
2.1200000,-53.499519,0.098505,0.568605,0.335165,-53.377102,0.099703,0.567675,0.335733
2.1266667,-53.472458,0.098750,0.568420,0.335277,-53.349518,0.099951,0.567486,0.335847
2.1333333,-53.445271,0.098995,0.568235,0.335391,-53.321789,0.100201,0.567297,0.335963
2.1400000,-53.417957,0.099242,0.568048,0.335504,-53.293915,0.100452,0.567107,0.336078
2.1466667,-53.390514,0.099491,0.567861,0.335618,-53.265892,0.100705,0.566916,0.336194
2.1533333,-53.362938,0.099740,0.567673,0.335733,-53.237717,0.100959,0.566724,0.336311
2.1600000,-53.335228,0.099991,0.567484,0.335848,-53.209389,0.101215,0.566532,0.336428
2.1666667,-53.307384,0.100244,0.567295,0.335963,-53.180904,0.101472,0.566338,0.336546
2.1733333,-53.279404,0.100497,0.567104,0.336079,-53.152264,0.101730,0.566143,0.336664
2.1800000,-53.251286,0.100753,0.566913,0.336196,-53.123463,0.101990,0.565948,0.336783
2.1866667,-53.223022,0.101009,0.566720,0.336313,-53.094498,0.102252,0.565752,0.336902
2.1933333,-53.194618,0.101267,0.566527,0.336430,-53.065365,0.102515,0.565554,0.337021
2.2000000,-53.166069,0.101527,0.566333,0.336548,-53.036064,0.102780,0.565356,0.337142
2.2066667,-53.137371,0.101787,0.566138,0.336667,-53.006596,0.103046,0.565157,0.337262
2.2133333,-53.108524,0.102050,0.565942,0.336786,-52.976952,0.103314,0.564957,0.337384
2.2200000,-53.079525,0.102314,0.565745,0.336905,-52.947132,0.103584,0.564756,0.337505
2.2266667,-53.050369,0.102579,0.565547,0.337025,-52.917133,0.103855,0.564554,0.337627
2.2333333,-53.021057,0.102846,0.565348,0.337146,-52.886951,0.104128,0.564351,0.337750
2.2400000,-52.991589,0.103115,0.565148,0.337267,-52.856586,0.104403,0.564147,0.337874
2.2466667,-52.961956,0.103385,0.564948,0.337388,-52.826035,0.104679,0.563942,0.337997
2.2533333,-52.932163,0.103657,0.564746,0.337510,-52.795292,0.104957,0.563736,0.338122
2.2600000,-52.902203,0.103930,0.564544,0.337633,-52.764355,0.105237,0.563529,0.338247
2.2666667,-52.872074,0.104205,0.564340,0.337756,-52.733219,0.105519,0.563321,0.338372
2.2733333,-52.841774,0.104482,0.564136,0.337880,-52.701885,0.105803,0.563113,0.338498
2.2800000,-52.811298,0.104761,0.563930,0.338004,-52.670345,0.106089,0.562903,0.338625
2.2866667,-52.780647,0.105041,0.563724,0.338129,-52.638599,0.106376,0.562692,0.338752
2.2933333,-52.749817,0.105323,0.563516,0.338254,-52.606644,0.106666,0.562480,0.338880
2.3000000,-52.718807,0.105606,0.563308,0.338380,-52.574474,0.106957,0.562267,0.339008
2.3066667,-52.687611,0.105892,0.563098,0.338506,-52.542088,0.107251,0.562053,0.339137
2.3133333,-52.656227,0.106179,0.562888,0.338633,-52.509480,0.107546,0.561837,0.339267
2.3200000,-52.624653,0.106468,0.562676,0.338761,-52.476646,0.107844,0.561621,0.339397
2.3266667,-52.592884,0.106759,0.562464,0.338889,-52.443588,0.108143,0.561404,0.339527
2.3333333,-52.560921,0.107052,0.562250,0.339017,-52.410297,0.108445,0.561185,0.339659
2.3400000,-52.528759,0.107347,0.562036,0.339146,-52.376770,0.108749,0.560966,0.339791
2.3466667,-52.496395,0.107644,0.561820,0.339276,-52.343002,0.109055,0.560745,0.339923
2.3533333,-52.463825,0.107943,0.561603,0.339407,-52.308990,0.109363,0.560524,0.340056
2.3600000,-52.431046,0.108244,0.561386,0.339538,-52.274731,0.109674,0.560301,0.340190
2.3666667,-52.398052,0.108546,0.561167,0.339669,-52.240219,0.109987,0.560077,0.340324
2.3733333,-52.364845,0.108851,0.560947,0.339801,-52.205452,0.110302,0.559851,0.340459
2.3800000,-52.331417,0.109158,0.560726,0.339934,-52.170425,0.110620,0.559625,0.340595
2.3866667,-52.297768,0.109467,0.560503,0.340067,-52.135132,0.110940,0.559397,0.340731
2.3933333,-52.263893,0.109779,0.560280,0.340201,-52.099567,0.111262,0.559169,0.340868
2.4000000,-52.229786,0.110092,0.560056,0.340336,-52.063728,0.111587,0.558939,0.341006
2.4066667,-52.195446,0.110408,0.559830,0.340471,-52.027611,0.111914,0.558708,0.341144
2.4133333,-52.160870,0.110726,0.559603,0.340607,-51.991207,0.112244,0.558475,0.341283
2.4200000,-52.126053,0.111046,0.559375,0.340743,-51.954514,0.112577,0.558241,0.341422
2.4266667,-52.090988,0.111369,0.559146,0.340881,-51.917526,0.112912,0.558007,0.341562
2.4333333,-52.055676,0.111693,0.558916,0.341018,-51.880241,0.113250,0.557770,0.341703
2.4400000,-52.020111,0.112021,0.558685,0.341157,-51.842651,0.113590,0.557533,0.341845
2.4466667,-51.984287,0.112351,0.558452,0.341296,-51.804749,0.113934,0.557294,0.341987
2.4533333,-51.948204,0.112683,0.558218,0.341435,-51.766529,0.114280,0.557054,0.342130
2.4600000,-51.911854,0.113017,0.557983,0.341576,-51.727989,0.114629,0.556813,0.342274
2.4666667,-51.875233,0.113355,0.557747,0.341717,-51.689121,0.114981,0.556570,0.342419
2.4733333,-51.838337,0.113694,0.557509,0.341859,-51.649921,0.115336,0.556326,0.342564
2.4800000,-51.801159,0.114037,0.557270,0.342001,-51.610382,0.115694,0.556081,0.342710
2.4866667,-51.763699,0.114382,0.557030,0.342144,-51.570496,0.116055,0.555834,0.342856
2.4933333,-51.725948,0.114730,0.556789,0.342288,-51.530258,0.116419,0.555586,0.343004
2.5000000,-51.687904,0.115080,0.556546,0.342432,-51.489662,0.116787,0.555336,0.343152
2.5066667,-51.649559,0.115434,0.556302,0.342578,-51.448700,0.117157,0.555085,0.343301
2.5133333,-51.610912,0.115790,0.556056,0.342724,-51.407364,0.117531,0.554833,0.343451
2.5200000,-51.571953,0.116149,0.555810,0.342870,-51.365650,0.117908,0.554579,0.343601
2.5266667,-51.532681,0.116511,0.555561,0.343018,-51.323547,0.118289,0.554323,0.343753
2.5333333,-51.493088,0.116876,0.555312,0.343166,-51.281052,0.118673,0.554067,0.343905
2.5400000,-51.453167,0.117244,0.555061,0.343315,-51.238155,0.119060,0.553808,0.344058
2.5466667,-51.412914,0.117615,0.554809,0.343464,-51.194851,0.119452,0.553548,0.344212
2.5533333,-51.372322,0.117989,0.554555,0.343615,-51.151127,0.119846,0.553287,0.344366
2.5600000,-51.331387,0.118366,0.554300,0.343766,-51.106979,0.120245,0.553024,0.344522
2.5666667,-51.290100,0.118747,0.554044,0.343918,-51.062401,0.120647,0.552759,0.344678
2.5733333,-51.248459,0.119131,0.553786,0.344071,-51.017380,0.121053,0.552493,0.344835
2.5800000,-51.206455,0.119518,0.553526,0.344224,-50.971909,0.121463,0.552225,0.344994
2.5866667,-51.164082,0.119909,0.553265,0.344379,-50.925976,0.121878,0.551955,0.345152
2.5933333,-51.121330,0.120303,0.553003,0.344534,-50.879574,0.122296,0.551684,0.345312
2.6000000,-51.078197,0.120700,0.552738,0.344690,-50.832695,0.122718,0.551411,0.345473
2.6066667,-51.034672,0.121101,0.552473,0.344846,-50.785332,0.123144,0.551136,0.345635
2.6133333,-50.990749,0.121506,0.552206,0.345004,-50.737469,0.123575,0.550860,0.345798
2.6200000,-50.946423,0.121914,0.551937,0.345163,-50.689098,0.124010,0.550581,0.345961
2.6266667,-50.901684,0.122327,0.551667,0.345322,-50.640213,0.124450,0.550301,0.346126
2.6333333,-50.856525,0.122743,0.551395,0.345482,-50.590797,0.124894,0.550020,0.346291
2.6400000,-50.810940,0.123162,0.551121,0.345643,-50.540844,0.125343,0.549736,0.346458
2.6466667,-50.764915,0.123586,0.550846,0.345805,-50.490341,0.125797,0.549450,0.346625
2.6533333,-50.718449,0.124014,0.550569,0.345968,-50.439274,0.126255,0.549163,0.346794
2.6600000,-50.671528,0.124446,0.550290,0.346132,-50.387634,0.126718,0.548874,0.346963
2.6666667,-50.624146,0.124882,0.550009,0.346297,-50.335407,0.127187,0.548582,0.347134
2.6733333,-50.576294,0.125322,0.549727,0.346463,-50.282585,0.127660,0.548289,0.347305
2.6800000,-50.527962,0.125767,0.549443,0.346629,-50.229153,0.128139,0.547994,0.347478
2.6866667,-50.479141,0.126216,0.549157,0.346797,-50.175095,0.128623,0.547696,0.347652
2.6933333,-50.429821,0.126670,0.548870,0.346965,-50.120399,0.129112,0.547397,0.347827
2.7000000,-50.379990,0.127128,0.548580,0.347135,-50.065052,0.129607,0.547095,0.348003
2.7066667,-50.329639,0.127591,0.548289,0.347305,-50.009041,0.130107,0.546791,0.348180
2.7133333,-50.278763,0.128058,0.547996,0.347477,-49.952351,0.130614,0.546486,0.348358
2.7200000,-50.227345,0.128530,0.547701,0.347649,-49.894966,0.131126,0.546178,0.348538
2.7266667,-50.175377,0.129008,0.547403,0.347823,-49.836868,0.131644,0.545867,0.348718
2.7333333,-50.122845,0.129490,0.547104,0.347998,-49.778046,0.132168,0.545555,0.348900
2.7400000,-50.069740,0.129977,0.546803,0.348173,-49.718479,0.132699,0.545240,0.349083
2.7466667,-50.016052,0.130470,0.546500,0.348350,-49.658154,0.133236,0.544923,0.349267
2.7533333,-49.961765,0.130968,0.546195,0.348528,-49.597054,0.133779,0.544603,0.349453
2.7600000,-49.906868,0.131471,0.545887,0.348707,-49.535156,0.134330,0.544281,0.349640
2.7666667,-49.851349,0.131980,0.545578,0.348887,-49.472446,0.134887,0.543956,0.349828
2.7733333,-49.795193,0.132494,0.545266,0.349068,-49.408905,0.135451,0.543629,0.350017
2.7800000,-49.738388,0.133014,0.544953,0.349251,-49.344513,0.136022,0.543300,0.350208
2.7866667,-49.680920,0.133540,0.544637,0.349434,-49.279251,0.136600,0.542968,0.350400
2.7933333,-49.622776,0.134072,0.544318,0.349619,-49.213097,0.137186,0.542633,0.350593
2.8000000,-49.563942,0.134610,0.543998,0.349805,-49.146030,0.137779,0.542295,0.350788
2.8066667,-49.504398,0.135154,0.543675,0.349992,-49.078030,0.138380,0.541955,0.350985
2.8133333,-49.444134,0.135705,0.543350,0.350180,-49.009071,0.138989,0.541612,0.351182
2.8200000,-49.383129,0.136262,0.543022,0.350370,-48.939129,0.139606,0.541266,0.351382
2.8266667,-49.321373,0.136826,0.542692,0.350561,-48.868183,0.140232,0.540917,0.351582
2.8333333,-49.258846,0.137396,0.542359,0.350753,-48.796207,0.140866,0.540565,0.351785
2.8400000,-49.195530,0.137973,0.542024,0.350946,-48.723175,0.141509,0.540210,0.351988
2.8466667,-49.131409,0.138557,0.541686,0.351141,-48.649063,0.142160,0.539852,0.352194
2.8533333,-49.066463,0.139149,0.541346,0.351337,-48.573841,0.142821,0.539491,0.352401
2.8600000,-49.000675,0.139747,0.541003,0.351535,-48.497482,0.143491,0.539127,0.352610
2.8666667,-48.934025,0.140354,0.540658,0.351734,-48.419956,0.144170,0.538760,0.352820
2.8733333,-48.866489,0.140967,0.540309,0.351934,-48.341236,0.144860,0.538389,0.353032
2.8800000,-48.798054,0.141589,0.539958,0.352136,-48.261288,0.145559,0.538015,0.353246
2.8866667,-48.728691,0.142219,0.539604,0.352339,-48.180080,0.146269,0.537637,0.353461
2.8933333,-48.658382,0.142856,0.539247,0.352544,-48.097580,0.146989,0.537256,0.353679
2.9000000,-48.587109,0.143503,0.538887,0.352750,-48.013756,0.147720,0.536871,0.353898
2.9066667,-48.514843,0.144157,0.538524,0.352958,-47.928570,0.148462,0.536483,0.354119
2.9133333,-48.441563,0.144820,0.538158,0.353168,-47.841984,0.149215,0.536091,0.354342
2.9200000,-48.367241,0.145493,0.537789,0.353379,-47.753963,0.149980,0.535695,0.354567
2.9266667,-48.291855,0.146174,0.537417,0.353591,-47.664467,0.150757,0.535295,0.354794
2.9333333,-48.215378,0.146865,0.537042,0.353805,-47.573452,0.151546,0.534891,0.355022
2.9400000,-48.137783,0.147565,0.536663,0.354021,-47.480881,0.152347,0.534483,0.355253
2.9466667,-48.059044,0.148275,0.536281,0.354239,-47.386707,0.153162,0.534071,0.355487
2.9533333,-47.979130,0.148994,0.535896,0.354458,-47.290886,0.153989,0.533654,0.355722
2.9600000,-47.898010,0.149725,0.535507,0.354680,-47.193371,0.154830,0.533233,0.355959
2.9666667,-47.815659,0.150465,0.535114,0.354903,-47.094116,0.155685,0.532808,0.356199
2.9733333,-47.732040,0.151216,0.534718,0.355127,-46.993069,0.156554,0.532378,0.356441
2.9800000,-47.647121,0.151979,0.534318,0.355354,-46.890175,0.157438,0.531943,0.356685
2.9866667,-47.560871,0.152752,0.533915,0.355582,-46.785385,0.158337,0.531504,0.356932
2.9933333,-47.473255,0.153537,0.533507,0.355813,-46.678638,0.159252,0.531060,0.357181
3.0000000,-47.384235,0.154334,0.533096,0.356045,-46.569881,0.160182,0.530610,0.357433
3.0066667,-47.293774,0.155142,0.532680,0.356280,-46.459049,0.161128,0.530155,0.357687
3.0133333,-47.201836,0.155964,0.532261,0.356516,-46.346081,0.162092,0.529695,0.357944
3.0200000,-47.108376,0.156797,0.531837,0.356755,-46.230911,0.163073,0.529230,0.358203
3.0266667,-47.013355,0.157644,0.531409,0.356996,-46.113472,0.164071,0.528759,0.358465
3.0333333,-46.916733,0.158504,0.530977,0.357239,-45.993694,0.165088,0.528282,0.358731
3.0400000,-46.818466,0.159378,0.530540,0.357484,-45.871506,0.166123,0.527800,0.358998
3.0466667,-46.718506,0.160266,0.530098,0.357731,-45.746826,0.167178,0.527311,0.359269
3.0533333,-46.616806,0.161168,0.529652,0.357981,-45.619579,0.168253,0.526816,0.359543
3.0600000,-46.513317,0.162086,0.529201,0.358233,-45.489681,0.169348,0.526315,0.359820
3.0666667,-46.407990,0.163018,0.528746,0.358488,-45.357044,0.170465,0.525807,0.360100
3.0733333,-46.300766,0.163966,0.528285,0.358745,-45.221581,0.171603,0.525292,0.360384
3.0800000,-46.191597,0.164929,0.527819,0.359004,-45.083199,0.172764,0.524771,0.360670
3.0866667,-46.080425,0.165910,0.527348,0.359267,-44.941799,0.173948,0.524242,0.360961
3.0933333,-45.967190,0.166907,0.526871,0.359531,-44.797283,0.175155,0.523706,0.361254
3.1000000,-45.851830,0.167921,0.526389,0.359799,-44.649544,0.176388,0.523162,0.361551
3.1066667,-45.734283,0.168953,0.525901,0.360069,-44.498466,0.177646,0.522611,0.361852
3.1133333,-45.614483,0.170004,0.525407,0.360342,-44.343941,0.178930,0.522052,0.362157
3.1200000,-45.492363,0.171073,0.524908,0.360618,-44.185844,0.180241,0.521484,0.362466
3.1266667,-45.367851,0.172162,0.524402,0.360897,-44.024055,0.181579,0.520908,0.362778
3.1333333,-45.240875,0.173270,0.523890,0.361179,-43.858440,0.182947,0.520323,0.363095
3.1400000,-45.111355,0.174399,0.523371,0.361463,-43.688862,0.184345,0.519728,0.363416
3.1466667,-44.979214,0.175550,0.522846,0.361752,-43.515175,0.185773,0.519125,0.363741
3.1533333,-44.844368,0.176721,0.522314,0.362043,-43.337234,0.187233,0.518512,0.364071
3.1600000,-44.706730,0.177915,0.521776,0.362338,-43.154881,0.188726,0.517888,0.364405
3.1666667,-44.566212,0.179133,0.521230,0.362636,-42.967949,0.190253,0.517255,0.364745
3.1733333,-44.422718,0.180373,0.520676,0.362937,-42.776268,0.191815,0.516611,0.365089
3.1800000,-44.276154,0.181639,0.520115,0.363242,-42.579659,0.193414,0.515955,0.365438
3.1866667,-44.126415,0.182929,0.519546,0.363551,-42.377930,0.195050,0.515289,0.365792
3.1933333,-43.973396,0.184245,0.518969,0.363864,-42.170887,0.196726,0.514610,0.366152
3.2000000,-43.816990,0.185588,0.518384,0.364180,-41.958321,0.198442,0.513919,0.366517
3.2066667,-43.657078,0.186959,0.517791,0.364501,-41.740017,0.200200,0.513216,0.366888
3.2133333,-43.493542,0.188358,0.517188,0.364825,-41.515747,0.202001,0.512499,0.367264
3.2200000,-43.326260,0.189786,0.516577,0.365154,-41.285271,0.203847,0.511768,0.367647
3.2266667,-43.155098,0.191245,0.515956,0.365487,-41.048336,0.205740,0.511024,0.368036
3.2333333,-42.979923,0.192734,0.515325,0.365824,-40.804680,0.207681,0.510265,0.368432
3.2400000,-42.800591,0.194256,0.514685,0.366166,-40.554024,0.209673,0.509490,0.368834
3.2466667,-42.616951,0.195812,0.514035,0.366513,-40.296078,0.211717,0.508700,0.369244
3.2533333,-42.428852,0.197402,0.513373,0.366865,-40.030533,0.213815,0.507893,0.369660
3.2600000,-42.236130,0.199027,0.512701,0.367221,-39.757069,0.215970,0.507069,0.370084
3.2666667,-42.038612,0.200689,0.512018,0.367582,-39.475346,0.218183,0.506227,0.370516
3.2733333,-41.836124,0.202389,0.511323,0.367949,-39.185009,0.220457,0.505367,0.370955
3.2800000,-41.628483,0.204129,0.510616,0.368321,-38.885681,0.222794,0.504487,0.371403
3.2866667,-41.415489,0.205909,0.509896,0.368699,-38.576965,0.225197,0.503587,0.371860
3.2933333,-41.196941,0.207731,0.509164,0.369083,-38.258446,0.227669,0.502667,0.372325
3.3000000,-40.972626,0.209597,0.508418,0.369472,-37.929684,0.230211,0.501725,0.372800
3.3066667,-40.742321,0.211508,0.507658,0.369868,-37.590214,0.232829,0.500760,0.373284
3.3133333,-40.505791,0.213466,0.506885,0.370269,-37.239552,0.235523,0.499771,0.373779
3.3200000,-40.262791,0.215472,0.506096,0.370678,-36.877178,0.238299,0.498758,0.374283
3.3266667,-40.013065,0.217529,0.505292,0.371093,-36.502556,0.241158,0.497719,0.374799
3.3333333,-39.756340,0.219637,0.504471,0.371515,-36.115108,0.244105,0.496654,0.375325
3.3400000,-39.492332,0.221800,0.503635,0.371944,-35.714237,0.247144,0.495561,0.375864
3.3466667,-39.220749,0.224018,0.502781,0.372381,-35.299301,0.250278,0.494438,0.376414
3.3533333,-38.941273,0.226295,0.501909,0.372825,-34.869633,0.253511,0.493285,0.376978
3.3600000,-38.653580,0.228631,0.501019,0.373277,-34.424519,0.256848,0.492101,0.377554
3.3666667,-38.357323,0.231031,0.500110,0.373738,-33.963215,0.260294,0.490884,0.378144
3.3733333,-38.052143,0.233495,0.499181,0.374207,-33.484936,0.263854,0.489632,0.378749
3.3800000,-37.737656,0.236028,0.498231,0.374685,-32.988850,0.267532,0.488345,0.379369
3.3866667,-37.413464,0.238630,0.497259,0.375172,-32.474083,0.271333,0.487020,0.380004
3.3933333,-37.079147,0.241305,0.496265,0.375669,-31.939713,0.275264,0.485657,0.380656
3.4000000,-36.734264,0.244056,0.495248,0.376175,-31.384769,0.279331,0.484254,0.381325
3.4066667,-36.378353,0.246886,0.494206,0.376692,-30.808233,0.283538,0.482809,0.382012
3.4133333,-36.010921,0.249799,0.493140,0.377219,-30.209030,0.287894,0.481321,0.382717
3.4200000,-35.631454,0.252796,0.492047,0.377757,-29.586035,0.292404,0.479787,0.383443
3.4266667,-35.239414,0.255883,0.490927,0.378307,-28.938065,0.297076,0.478208,0.384188
3.4333333,-34.834236,0.259062,0.489778,0.378868,-28.263880,0.301916,0.476581,0.384956
3.4400000,-34.415318,0.262338,0.488601,0.379443,-27.562187,0.306933,0.474905,0.385746
3.4466667,-33.982033,0.265714,0.487392,0.380029,-26.831633,0.312135,0.473178,0.386559
3.4533333,-33.533718,0.269195,0.486152,0.380630,-26.070810,0.317529,0.471400,0.387398
3.4600000,-33.069683,0.272785,0.484879,0.381244,-25.278255,0.323125,0.469569,0.388262
3.4666667,-32.589195,0.276489,0.483571,0.381873,-24.452452,0.328931,0.467685,0.389153
3.4733333,-32.091492,0.280311,0.482228,0.382517,-23.591833,0.334956,0.465746,0.390073
3.4800000,-31.575766,0.284256,0.480848,0.383177,-22.694796,0.341209,0.463753,0.391024
3.4866667,-31.041176,0.288331,0.479429,0.383854,-21.759693,0.347701,0.461705,0.392005
3.4933333,-30.486835,0.292539,0.477972,0.384547,-20.784857,0.354440,0.459603,0.393019
3.5000000,-29.911819,0.296888,0.476473,0.385259,-19.768600,0.361436,0.457446,0.394068
3.5066667,-29.315159,0.301383,0.474932,0.385989,-18.709242,0.368699,0.455237,0.395153
3.5133333,-28.695839,0.306029,0.473347,0.386739,-17.605118,0.376237,0.452976,0.396276
3.5200000,-28.052801,0.310835,0.471718,0.387510,-16.454609,0.384062,0.450665,0.397439
3.5266667,-27.384945,0.315805,0.470043,0.388302,-15.256166,0.392181,0.448305,0.398643
3.5333333,-26.691122,0.320948,0.468321,0.389116,-14.008347,0.400602,0.445901,0.399890
3.5400000,-25.970142,0.326270,0.466551,0.389954,-12.709852,0.409334,0.443454,0.401183
3.5466667,-25.220774,0.331779,0.464732,0.390816,-11.359578,0.418382,0.440968,0.402524
3.5533333,-24.441744,0.337482,0.462863,0.391703,-9.956665,0.427754,0.438445,0.403913
3.5600000,-23.631742,0.343387,0.460945,0.392618,-8.500560,0.437452,0.435891,0.405354
3.5666667,-22.789431,0.349502,0.458976,0.393560,-6.991086,0.447480,0.433308,0.406848
3.5733333,-21.913439,0.355835,0.456956,0.394532,-5.428519,0.457838,0.430701,0.408397
3.5800000,-21.002380,0.362394,0.454887,0.395534,-3.813670,0.468525,0.428074,0.410004
3.5866667,-20.054859,0.369187,0.452767,0.396568,-2.147970,0.479536,0.425430,0.411669
3.5933333,-19.069479,0.376222,0.450598,0.397636,-0.433559,0.490866,0.422774,0.413395
3.6000000,-18.044859,0.383506,0.448381,0.398738,1.326625,0.502503,0.420108,0.415184
3.6066667,-16.979652,0.391049,0.446118,0.399877,3.128765,0.514436,0.417437,0.417036
3.6133333,-15.872565,0.398856,0.443810,0.401054,4.968098,0.526647,0.414763,0.418953
3.6200000,-14.722380,0.406935,0.441459,0.402271,6.838858,0.539117,0.412090,0.420936
3.6266667,-13.527982,0.415292,0.439068,0.403529,8.734252,0.551821,0.409420,0.422986
3.6333333,-12.288397,0.423933,0.436639,0.404830,10.646460,0.564733,0.406755,0.425102
3.6400000,-11.002823,0.432863,0.434176,0.406175,12.566681,0.577822,0.404097,0.427286
3.6466667,-9.670678,0.442084,0.431681,0.407568,14.485221,0.591053,0.401448,0.429535
3.6533333,-8.291644,0.451600,0.429157,0.409008,16.391626,0.604390,0.398810,0.431851
3.6600000,-6.865720,0.461411,0.426609,0.410499,18.274870,0.617794,0.396182,0.434230
3.6666667,-5.393281,0.471516,0.424040,0.412041,20.123587,0.631222,0.393568,0.436672
3.6733333,-3.875135,0.481913,0.421453,0.413636,21.926344,0.644634,0.390966,0.439174
3.6800000,-2.312590,0.492597,0.418852,0.415286,23.671951,0.657985,0.388379,0.441734
3.6866667,-0.707515,0.503560,0.416239,0.416993,25.349777,0.671234,0.385806,0.444348
3.6933333,0.937597,0.514793,0.413619,0.418757,26.950066,0.684337,0.383248,0.447014
3.7000000,2.619569,0.526282,0.410994,0.420580,28.464231,0.697255,0.380706,0.449726
3.7066667,4.334495,0.538014,0.408368,0.422463,29.885120,0.709951,0.378178,0.452482
3.7133333,6.077703,0.549970,0.405741,0.424407,31.207203,0.722389,0.375667,0.455276
3.7200000,7.843732,0.562128,0.403118,0.426412,32.426704,0.734537,0.373171,0.458105
3.7266667,9.626334,0.574464,0.400500,0.428478,33.541649,0.746370,0.370691,0.460963
3.7333333,11.418503,0.586953,0.397888,0.430606,34.551830,0.757862,0.368227,0.463847
3.7400000,13.212525,0.599564,0.395285,0.432796,35.458710,0.768994,0.365778,0.466751
3.7466667,15.000075,0.612266,0.392691,0.435046,36.265240,0.779753,0.363346,0.469671
3.7533333,16.772329,0.625026,0.390109,0.437356,36.975639,0.790127,0.360929,0.472604
3.7600000,18.520121,0.637809,0.387538,0.439724,37.595158,0.800109,0.358528,0.475546
3.7666667,20.234121,0.650577,0.384980,0.442149,38.129795,0.809696,0.356143,0.478492
3.7733333,21.905048,0.663295,0.382436,0.444628,38.586044,0.818888,0.353773,0.481439
3.7800000,23.523880,0.675926,0.379905,0.447159,38.970642,0.827688,0.351420,0.484385
3.7866667,25.082088,0.688433,0.377389,0.449740,39.290356,0.836100,0.349081,0.487327
3.7933333,26.571856,0.700781,0.374887,0.452366,39.551804,0.844133,0.346759,0.490262
3.8000000,27.986273,0.712938,0.372400,0.455035,39.761303,0.851796,0.344451,0.493188
3.8066667,29.319519,0.724871,0.369929,0.457743,39.924767,0.859098,0.342159,0.496103
3.8133333,30.566994,0.736553,0.367473,0.460487,40.047638,0.866051,0.339882,0.499005
3.8200000,31.725403,0.747957,0.365032,0.463262,40.134846,0.872668,0.337620,0.501894
3.8266667,32.792797,0.759062,0.362606,0.466065,40.190796,0.878961,0.335374,0.504768
3.8333333,33.768555,0.769847,0.360196,0.468891,40.219383,0.884942,0.333142,0.507626
3.8400000,34.653328,0.780298,0.357802,0.471736,40.224010,0.890625,0.330925,0.510467
3.8466667,35.448929,0.790402,0.355423,0.474598,40.207630,0.896023,0.328723,0.513290
3.8533333,36.158188,0.800150,0.353059,0.477471,40.172779,0.901148,0.326535,0.516095
3.8600000,36.784801,0.809536,0.350711,0.480354,40.121628,0.906013,0.324363,0.518882
3.8666667,37.333141,0.818559,0.348378,0.483241,40.056023,0.910630,0.322204,0.521649
3.8733333,37.808079,0.827217,0.346061,0.486131,39.977524,0.915011,0.320060,0.524397
3.8800000,38.214813,0.835514,0.343759,0.489020,39.887455,0.919168,0.317931,0.527125
3.8866667,38.558701,0.843453,0.341472,0.491907,39.786930,0.923111,0.315815,0.529833
3.8933333,38.845116,0.851041,0.339200,0.494787,39.676891,0.926851,0.313714,0.532521
3.9000000,39.079330,0.858286,0.336943,0.497660,39.558128,0.930398,0.311627,0.535188
3.9066667,39.266418,0.865196,0.334701,0.500524,39.431320,0.933761,0.309553,0.537835
3.9133333,39.411167,0.871782,0.332474,0.503376,39.297039,0.936951,0.307494,0.540462
3.9200000,39.518047,0.878054,0.330262,0.506215,39.155769,0.939976,0.305448,0.543068
3.9266667,39.591164,0.884023,0.328065,0.509041,39.007935,0.942844,0.303416,0.545653
3.9333333,39.634251,0.889700,0.325882,0.511851,38.853893,0.945563,0.301398,0.548217
3.9400000,39.650669,0.895098,0.323713,0.514646,38.693958,0.948142,0.299393,0.550761
3.9466667,39.643406,0.900228,0.321560,0.517424,38.528404,0.950587,0.297401,0.553284
3.9533333,39.615116,0.905102,0.319420,0.520184,38.357475,0.952904,0.295423,0.555786
3.9600000,39.568119,0.909730,0.317295,0.522926,38.181385,0.955102,0.293458,0.558268
3.9666667,39.504452,0.914125,0.315184,0.525650,38.000332,0.957186,0.291506,0.560729
3.9733333,39.425873,0.918296,0.313087,0.528354,37.814487,0.959161,0.289567,0.563169
3.9800000,39.333916,0.922255,0.311004,0.531040,37.624012,0.961033,0.287642,0.565589
3.9866667,39.229893,0.926012,0.308935,0.533705,37.429050,0.962809,0.285729,0.567988
3.9933333,39.114937,0.929576,0.306879,0.536351,37.229740,0.964492,0.283829,0.570366
4.0000000,38.990025,0.932958,0.304838,0.538976,37.026207,0.966088,0.281941,0.572724
4.0066667,38.855991,0.936166,0.302810,0.541581,36.818569,0.967600,0.280067,0.575061
4.0133333,38.713554,0.939208,0.300795,0.544166,36.606934,0.969034,0.278205,0.577378
4.0200000,38.563335,0.942094,0.298795,0.546730,36.391407,0.970393,0.276355,0.579675
4.0266667,38.405865,0.944831,0.296807,0.549274,36.172089,0.971682,0.274518,0.581952
4.0333333,38.241604,0.947426,0.294833,0.551797,35.949074,0.972903,0.272693,0.584208
4.0400000,38.070953,0.949888,0.292872,0.554299,35.722454,0.974061,0.270880,0.586444
4.0466667,37.894264,0.952222,0.290924,0.556781,35.492317,0.975158,0.269080,0.588660
4.0533333,37.711842,0.954436,0.288989,0.559242,35.258747,0.976198,0.267291,0.590856
4.0600000,37.523952,0.956535,0.287067,0.561682,35.021828,0.977183,0.265515,0.593033
4.0666667,37.330837,0.958525,0.285158,0.564102,34.781635,0.978117,0.263750,0.595189
4.0733333,37.132713,0.960412,0.283262,0.566501,34.538250,0.979002,0.261998,0.597326
4.0800000,36.929771,0.962202,0.281379,0.568879,34.291744,0.979840,0.260257,0.599443
4.0866667,36.722183,0.963899,0.279508,0.571237,34.042191,0.980634,0.258528,0.601541
4.0933333,36.510113,0.965507,0.277649,0.573574,33.789665,0.981386,0.256810,0.603619
4.1000000,36.293701,0.967033,0.275803,0.575891,33.534233,0.982099,0.255104,0.605678
4.1066667,36.073090,0.968479,0.273970,0.578187,33.275963,0.982773,0.253410,0.607718
4.1133333,35.848400,0.969850,0.272149,0.580463,33.014927,0.983411,0.251727,0.609738
4.1200000,35.619755,0.971150,0.270340,0.582719,32.751190,0.984015,0.250055,0.611740
4.1266667,35.387260,0.972382,0.268543,0.584954,32.484814,0.984587,0.248394,0.613723
4.1333333,35.151024,0.973550,0.266758,0.587169,32.215866,0.985128,0.246745,0.615686
4.1400000,34.911148,0.974658,0.264985,0.589364,31.944407,0.985639,0.245107,0.617631
4.1466667,34.667725,0.975707,0.263224,0.591539,31.670498,0.986123,0.243480,0.619558
4.1533333,34.420849,0.976702,0.261475,0.593694,31.394201,0.986579,0.241863,0.621465
4.1600000,34.170609,0.977644,0.259738,0.595830,31.115576,0.987011,0.240258,0.623355
4.1666667,33.917091,0.978537,0.258012,0.597945,30.834682,0.987418,0.238664,0.625226
4.1733333,33.660378,0.979384,0.256298,0.600041,30.551579,0.987802,0.237080,0.627079
4.1800000,33.400551,0.980185,0.254596,0.602117,30.266323,0.988165,0.235507,0.628914
4.1866667,33.137688,0.980945,0.252905,0.604174,29.978971,0.988506,0.233945,0.630730
4.1933333,32.871864,0.981664,0.251225,0.606211,29.689581,0.988828,0.232393,0.632529
4.2000000,32.603157,0.982345,0.249557,0.608229,29.398207,0.989130,0.230852,0.634310
4.2066667,32.331638,0.982989,0.247899,0.610227,29.104902,0.989415,0.229321,0.636074
4.2133333,32.057381,0.983599,0.246254,0.612207,28.809723,0.989682,0.227800,0.637820
4.2200000,31.780457,0.984176,0.244619,0.614168,28.512720,0.989932,0.226290,0.639548
4.2266667,31.500933,0.984722,0.242995,0.616109,28.213947,0.990167,0.224790,0.641259
4.2333333,31.218878,0.985238,0.241382,0.618032,27.913454,0.990386,0.223300,0.642953
4.2400000,30.934359,0.985726,0.239780,0.619936,27.611294,0.990591,0.221821,0.644630
4.2466667,30.647442,0.986187,0.238189,0.621822,27.307516,0.990782,0.220351,0.646290
4.2533333,30.358191,0.986622,0.236608,0.623689,27.002171,0.990960,0.218891,0.647933
4.2600000,30.066669,0.987033,0.235039,0.625537,26.695305,0.991125,0.217442,0.649559
4.2666667,29.772942,0.987420,0.233480,0.627368,26.386969,0.991277,0.216002,0.651168
4.2733333,29.477068,0.987785,0.231931,0.629180,26.077208,0.991418,0.214572,0.652761
4.2800000,29.179111,0.988129,0.230393,0.630974,25.766069,0.991548,0.213152,0.654338
4.2866667,28.879129,0.988453,0.228865,0.632750,25.453600,0.991666,0.211741,0.655898
4.2933333,28.577183,0.988757,0.227348,0.634509,25.139847,0.991775,0.210340,0.657442
4.3000000,28.273331,0.989043,0.225841,0.636249,24.824850,0.991873,0.208949,0.658970
4.3066667,27.967628,0.989311,0.224344,0.637972,24.508657,0.991961,0.207567,0.660482
4.3133333,27.660135,0.989562,0.222857,0.639678,24.191311,0.992040,0.206194,0.661978
4.3200000,27.350906,0.989797,0.221381,0.641366,23.872854,0.992110,0.204831,0.663458
4.3266667,27.039993,0.990017,0.219914,0.643037,23.553328,0.992170,0.203477,0.664923
4.3333333,26.727453,0.990222,0.218458,0.644690,23.232773,0.992223,0.202133,0.666372
4.3400000,26.413340,0.990413,0.217011,0.646327,22.911232,0.992267,0.200798,0.667806
4.3466667,26.097704,0.990590,0.215574,0.647947,22.588741,0.992303,0.199472,0.669224
4.3533333,25.780600,0.990754,0.214147,0.649550,22.265343,0.992331,0.198155,0.670627
4.3600000,25.462076,0.990905,0.212730,0.651136,21.941074,0.992352,0.196847,0.672016
4.3666667,25.142183,0.991044,0.211323,0.652705,21.615974,0.992365,0.195548,0.673389
4.3733333,24.820972,0.991172,0.209925,0.654258,21.290079,0.992371,0.194258,0.674747
4.3800000,24.498491,0.991288,0.208536,0.655795,20.963425,0.992370,0.192977,0.676090
4.3866667,24.174788,0.991394,0.207157,0.657316,20.636051,0.992363,0.191705,0.677419
4.3933333,23.849907,0.991489,0.205788,0.658820,20.307987,0.992348,0.190442,0.678734
4.4000000,23.523897,0.991574,0.204428,0.660308,19.979271,0.992327,0.189187,0.680034
4.4066667,23.196802,0.991649,0.203077,0.661781,19.649935,0.992299,0.187941,0.681319
4.4133333,22.868670,0.991715,0.201736,0.663237,19.320015,0.992265,0.186704,0.682590
4.4200000,22.539541,0.991772,0.200403,0.664678,18.989542,0.992225,0.185476,0.683848
4.4266667,22.209461,0.991820,0.199080,0.666103,18.658546,0.992179,0.184256,0.685091
4.4333333,21.878473,0.991859,0.197766,0.667513,18.327063,0.992126,0.183044,0.686320
4.4400000,21.546618,0.991890,0.196462,0.668908,17.995117,0.992068,0.181841,0.687536
4.4466667,21.213934,0.991913,0.195166,0.670287,17.662745,0.992003,0.180646,0.688738
4.4533333,20.880463,0.991928,0.193879,0.671651,17.329969,0.991933,0.179460,0.689926
4.4600000,20.546244,0.991935,0.192601,0.673001,16.996820,0.991857,0.178282,0.691101
4.4666667,20.211317,0.991934,0.191332,0.674335,16.663330,0.991775,0.177112,0.692262
4.4733333,19.875717,0.991926,0.190071,0.675655,16.329523,0.991687,0.175951,0.693410
4.4800000,19.539484,0.991911,0.188820,0.676959,15.995424,0.991594,0.174798,0.694545
4.4866667,19.202654,0.991889,0.187577,0.678250,15.661062,0.991495,0.173653,0.695667
4.4933333,18.865261,0.991860,0.186343,0.679526,15.326463,0.991390,0.172516,0.696776
4.5000000,18.527342,0.991824,0.185117,0.680787,14.991652,0.991280,0.171387,0.697872
4.5066667,18.188929,0.991781,0.183900,0.682034,14.656651,0.991164,0.170266,0.698955
4.5133333,17.850056,0.991732,0.182691,0.683268,14.321486,0.991042,0.169153,0.700026
4.5200000,17.510754,0.991676,0.181491,0.684487,13.986178,0.990915,0.168048,0.701084
4.5266667,17.171057,0.991613,0.180300,0.685692,13.650753,0.990782,0.166951,0.702129
4.5333333,16.830996,0.991545,0.179116,0.686883,13.315228,0.990643,0.165862,0.703162
4.5400000,16.490601,0.991469,0.177941,0.688061,12.979629,0.990498,0.164780,0.704183
4.5466667,16.149902,0.991388,0.176775,0.689225,12.643972,0.990348,0.163706,0.705192
4.5533333,15.808928,0.991300,0.175616,0.690376,12.308283,0.990192,0.162640,0.706188
4.5600000,15.467707,0.991206,0.174466,0.691513,11.972578,0.990030,0.161582,0.707173
4.5666667,15.126266,0.991106,0.173324,0.692637,11.636874,0.989863,0.160532,0.708146
4.5733333,14.784636,0.991000,0.172190,0.693748,11.301193,0.989689,0.159489,0.709106
4.5800000,14.442838,0.990887,0.171064,0.694846,10.965555,0.989510,0.158453,0.710055
4.5866667,14.100900,0.990768,0.169946,0.695930,10.629976,0.989324,0.157426,0.710993
4.5933333,13.758848,0.990644,0.168837,0.697002,10.294473,0.989132,0.156405,0.711919
4.6000000,13.416705,0.990513,0.167735,0.698061,9.959061,0.988935,0.155393,0.712833
4.6066667,13.074496,0.990376,0.166641,0.699108,9.623757,0.988731,0.154387,0.713736
4.6133333,12.732244,0.990233,0.165555,0.700142,9.288579,0.988521,0.153389,0.714628
4.6200000,12.389970,0.990083,0.164476,0.701163,8.953539,0.988304,0.152399,0.715508
4.6266667,12.047695,0.989928,0.163406,0.702172,8.618653,0.988081,0.151416,0.716378
4.6333333,11.705442,0.989766,0.162343,0.703169,8.283935,0.987852,0.150440,0.717236
4.6400000,11.363232,0.989597,0.161288,0.704153,7.949398,0.987615,0.149471,0.718083
4.6466667,11.021085,0.989423,0.160241,0.705126,7.615055,0.987373,0.148510,0.718920
4.6533333,10.679021,0.989242,0.159201,0.706086,7.280919,0.987123,0.147556,0.719746
4.6600000,10.337057,0.989055,0.158169,0.707034,6.947001,0.986867,0.146609,0.720561
4.6666667,9.995213,0.988861,0.157145,0.707971,6.613317,0.986603,0.145670,0.721365
4.6733333,9.653504,0.988661,0.156128,0.708896,6.279876,0.986333,0.144737,0.722159
4.6800000,9.311950,0.988454,0.155118,0.709809,5.946688,0.986055,0.143812,0.722942
4.6866667,8.970565,0.988240,0.154117,0.710711,5.613768,0.985770,0.142893,0.723715
4.6933333,8.629366,0.988020,0.153122,0.711602,5.281121,0.985478,0.141982,0.724478
4.7000000,8.288367,0.987793,0.152135,0.712481,4.948759,0.985177,0.141078,0.725231
4.7066667,7.947584,0.987559,0.151155,0.713348,4.616691,0.984870,0.140180,0.725973
4.7133333,7.607031,0.987317,0.150183,0.714205,4.284924,0.984554,0.139290,0.726705
4.7200000,7.266723,0.987069,0.149218,0.715050,3.953471,0.984231,0.138407,0.727428
4.7266667,6.926673,0.986814,0.148261,0.715885,3.622335,0.983899,0.137531,0.728140
4.7333333,6.586894,0.986551,0.147310,0.716708,3.291526,0.983560,0.136661,0.728842
4.7400000,6.247396,0.986281,0.146367,0.717521,2.961051,0.983211,0.135799,0.729535
4.7466667,5.908194,0.986003,0.145431,0.718323,2.630918,0.982855,0.134943,0.730218
4.7533333,5.569297,0.985718,0.144502,0.719114,2.301131,0.982490,0.134094,0.730892
4.7600000,5.230719,0.985425,0.143581,0.719894,1.971698,0.982116,0.133252,0.731555
4.7666667,4.892469,0.985124,0.142666,0.720665,1.642625,0.981732,0.132417,0.732210
4.7733333,4.554557,0.984815,0.141759,0.721424,1.313916,0.981340,0.131588,0.732855
4.7800000,4.216993,0.984498,0.140859,0.722173,0.985577,0.980939,0.130767,0.733490
4.7866667,3.879787,0.984172,0.139966,0.722912,0.657611,0.980528,0.129952,0.734116
4.7933333,3.542946,0.983839,0.139079,0.723641,0.330026,0.980107,0.129144,0.734733
4.8000000,3.206478,0.983496,0.138200,0.724360,0.002824,0.979677,0.128342,0.735341
4.8066667,2.870391,0.983145,0.137328,0.725068,-0.323990,0.979237,0.127547,0.735940
4.8133333,2.534693,0.982786,0.136463,0.725767,-0.650413,0.978786,0.126759,0.736530
4.8200000,2.199392,0.982417,0.135605,0.726456,-0.976441,0.978325,0.125978,0.737111
4.8266667,1.864491,0.982039,0.134753,0.727135,-1.302072,0.977854,0.125203,0.737683
4.8333333,1.530000,0.981652,0.133909,0.727804,-1.627305,0.977372,0.124435,0.738246
4.8400000,1.195924,0.981255,0.133071,0.728463,-1.952138,0.976879,0.123673,0.738800
4.8466667,0.862268,0.980849,0.132241,0.729113,-2.276566,0.976374,0.122918,0.739345
4.8533333,0.529036,0.980433,0.131417,0.729753,-2.600588,0.975859,0.122170,0.739882
4.8600000,0.196232,0.980007,0.130600,0.730384,-2.924205,0.975332,0.121428,0.740411
4.8666667,-0.136138,0.979570,0.129790,0.731006,-3.247415,0.974793,0.120693,0.740930
4.8733333,-0.468069,0.979124,0.128987,0.731618,-3.570217,0.974242,0.119964,0.741442
4.8800000,-0.799559,0.978666,0.128190,0.732221,-3.892612,0.973678,0.119242,0.741945
4.8866667,-1.130605,0.978199,0.127400,0.732814,-4.214600,0.973103,0.118526,0.742439
4.8933333,-1.461205,0.977720,0.126617,0.733399,-4.536180,0.972514,0.117817,0.742926
4.9000000,-1.791354,0.977230,0.125841,0.733974,-4.857352,0.971913,0.117114,0.743404
4.9066667,-2.121052,0.976729,0.125071,0.734541,-5.178119,0.971299,0.116418,0.743873
4.9133333,-2.450296,0.976216,0.124309,0.735098,-5.498480,0.970671,0.115728,0.744335
4.9200000,-2.779085,0.975691,0.123552,0.735647,-5.818438,0.970029,0.115045,0.744789
4.9266667,-3.107417,0.975155,0.122803,0.736187,-6.137995,0.969374,0.114369,0.745234
4.9333333,-3.435290,0.974606,0.122060,0.736718,-6.457152,0.968704,0.113698,0.745672
4.9400000,-3.762706,0.974045,0.121324,0.737240,-6.775912,0.968020,0.113034,0.746102
4.9466667,-4.089664,0.973471,0.120594,0.737754,-7.094279,0.967321,0.112377,0.746523
4.9533333,-4.416162,0.972884,0.119872,0.738259,-7.412254,0.966607,0.111726,0.746937
4.9600000,-4.742202,0.972284,0.119155,0.738756,-7.729841,0.965878,0.111082,0.747344
4.9666667,-5.067783,0.971671,0.118446,0.739244,-8.047043,0.965133,0.110444,0.747742
4.9733333,-5.392910,0.971044,0.117743,0.739724,-8.363864,0.964373,0.109812,0.748133
4.9800000,-5.717580,0.970404,0.117046,0.740196,-8.680309,0.963596,0.109187,0.748516
4.9866667,-6.041798,0.969749,0.116357,0.740659,-8.996383,0.962803,0.108568,0.748892
4.9933333,-6.365566,0.969080,0.115674,0.741114,-9.312089,0.961993,0.107956,0.749260
5.0000000,-6.688885,0.968396,0.114997,0.741561,-9.627436,0.961166,0.107350,0.749621
5.0066667,-7.011757,0.967697,0.114327,0.742000,-9.942427,0.960322,0.106750,0.749974
5.0133333,-7.334188,0.966983,0.113663,0.742431,-10.257067,0.959460,0.106157,0.750319
5.0200000,-7.656178,0.966253,0.113007,0.742854,-10.571363,0.958580,0.105570,0.750658
5.0266667,-7.977731,0.965508,0.112356,0.743268,-10.885323,0.957682,0.104990,0.750989
5.0333333,-8.298852,0.964747,0.111713,0.743675,-11.198954,0.956765,0.104416,0.751313
5.0400000,-8.619546,0.963969,0.111075,0.744074,-11.512262,0.955829,0.103848,0.751630
5.0466667,-8.939816,0.963174,0.110445,0.744466,-11.825257,0.954874,0.103287,0.751939
5.0533333,-9.259668,0.962363,0.109821,0.744849,-12.137945,0.953899,0.102733,0.752241
5.0600000,-9.579106,0.961534,0.109203,0.745225,-12.450336,0.952904,0.102184,0.752537
5.0666667,-9.898136,0.960688,0.108592,0.745593,-12.762437,0.951888,0.101642,0.752825
5.0733333,-10.216765,0.959824,0.107988,0.745954,-13.074260,0.950852,0.101107,0.753106
5.0800000,-10.534999,0.958941,0.107390,0.746307,-13.385814,0.949794,0.100578,0.753380
5.0866667,-10.852844,0.958040,0.106798,0.746652,-13.697108,0.948715,0.100055,0.753648
5.0933333,-11.170307,0.957120,0.106214,0.746990,-14.008155,0.947614,0.099539,0.753908
5.1000000,-11.487395,0.956180,0.105635,0.747321,-14.318965,0.946490,0.099029,0.754162
5.1066667,-11.804117,0.955221,0.105064,0.747644,-14.629552,0.945344,0.098525,0.754408
5.1133333,-12.120481,0.954242,0.104498,0.747960,-14.939926,0.944174,0.098028,0.754648
5.1200000,-12.436496,0.953243,0.103940,0.748268,-15.250101,0.942981,0.097538,0.754881
5.1266667,-12.752172,0.952223,0.103388,0.748570,-15.560091,0.941764,0.097053,0.755108
5.1333333,-13.067517,0.951181,0.102842,0.748864,-15.869907,0.940522,0.096575,0.755328
5.1400000,-13.382543,0.950118,0.102303,0.749151,-16.179567,0.939256,0.096104,0.755541
5.1466667,-13.697259,0.949034,0.101770,0.749431,-16.489084,0.937964,0.095639,0.755747
5.1533333,-14.011675,0.947927,0.101244,0.749704,-16.798473,0.936646,0.095181,0.755947
5.1600000,-14.325804,0.946797,0.100725,0.749970,-17.107752,0.935302,0.094729,0.756140
5.1666667,-14.639653,0.945644,0.100212,0.750228,-17.416939,0.933932,0.094283,0.756327
5.1733333,-14.953240,0.944468,0.099706,0.750480,-17.726053,0.932534,0.093844,0.756508
5.1800000,-15.266576,0.943268,0.099206,0.750725,-18.035112,0.931108,0.093411,0.756682
5.1866667,-15.579674,0.942043,0.098713,0.750963,-18.344133,0.929654,0.092985,0.756849
5.1933333,-15.892550,0.940794,0.098226,0.751194,-18.653137,0.928171,0.092565,0.757010
5.2000000,-16.205215,0.939519,0.097746,0.751419,-18.962147,0.926660,0.092151,0.757165
5.2066667,-16.517689,0.938219,0.097273,0.751636,-19.271181,0.925118,0.091744,0.757313
5.2133333,-16.829985,0.936893,0.096806,0.751847,-19.580265,0.923546,0.091344,0.757455
5.2200000,-17.142118,0.935539,0.096346,0.752051,-19.889421,0.921943,0.090950,0.757591
5.2266667,-17.454109,0.934159,0.095892,0.752249,-20.198675,0.920309,0.090563,0.757720
5.2333333,-17.765972,0.932751,0.095445,0.752440,-20.508049,0.918643,0.090182,0.757843
5.2400000,-18.077724,0.931315,0.095004,0.752624,-20.817570,0.916944,0.089807,0.757960
5.2466667,-18.389389,0.929851,0.094570,0.752802,-21.127266,0.915212,0.089439,0.758071
5.2533333,-18.700983,0.928357,0.094143,0.752973,-21.437166,0.913446,0.089078,0.758175
5.2600000,-19.012529,0.926834,0.093722,0.753137,-21.747299,0.911646,0.088723,0.758274
5.2666667,-19.324049,0.925281,0.093308,0.753295,-22.057697,0.909811,0.088374,0.758366
5.2733333,-19.635561,0.923697,0.092901,0.753447,-22.368389,0.907941,0.088032,0.758452
5.2800000,-19.947092,0.922081,0.092500,0.753592,-22.679407,0.906034,0.087697,0.758532
5.2866667,-20.258665,0.920434,0.092105,0.753731,-22.990786,0.904090,0.087368,0.758606
5.2933333,-20.570305,0.918755,0.091718,0.753863,-23.302561,0.902108,0.087045,0.758674
5.3000000,-20.882038,0.917042,0.091337,0.753989,-23.614769,0.900089,0.086730,0.758736
5.3066667,-21.193890,0.915296,0.090962,0.754109,-23.927446,0.898030,0.086420,0.758792
5.3133333,-21.505888,0.913516,0.090594,0.754222,-24.240635,0.895931,0.086118,0.758842
5.3200000,-21.818062,0.911702,0.090233,0.754329,-24.554373,0.893793,0.085821,0.758886
5.3266667,-22.130440,0.909851,0.089879,0.754430,-24.868700,0.891612,0.085532,0.758923
5.3333333,-22.443054,0.907965,0.089531,0.754525,-25.183664,0.889390,0.085249,0.758955
5.3400000,-22.755938,0.906042,0.089190,0.754613,-25.499308,0.887125,0.084972,0.758981
5.3466667,-23.069122,0.904082,0.088855,0.754695,-25.815676,0.884816,0.084703,0.759001
5.3533333,-23.382643,0.902084,0.088528,0.754771,-26.132816,0.882463,0.084439,0.759015
5.3600000,-23.696533,0.900047,0.088206,0.754841,-26.450781,0.880065,0.084183,0.759023
5.3666667,-24.010832,0.897970,0.087892,0.754905,-26.769617,0.877621,0.083933,0.759025
5.3733333,-24.325575,0.895854,0.087584,0.754963,-27.089380,0.875129,0.083689,0.759021
5.3800000,-24.640802,0.893697,0.087283,0.755014,-27.410126,0.872590,0.083452,0.759012
5.3866667,-24.956556,0.891498,0.086989,0.755059,-27.731907,0.870001,0.083222,0.758996
5.3933333,-25.272875,0.889256,0.086701,0.755099,-28.054785,0.867363,0.082999,0.758975
5.4000000,-25.589806,0.886972,0.086420,0.755132,-28.378817,0.864674,0.082782,0.758947
5.4066667,-25.907391,0.884644,0.086146,0.755159,-28.704067,0.861933,0.082572,0.758914
5.4133333,-26.225676,0.882270,0.085878,0.755180,-29.030598,0.859140,0.082368,0.758875
5.4200000,-26.544708,0.879852,0.085617,0.755195,-29.358475,0.856292,0.082171,0.758829
5.4266667,-26.864540,0.877386,0.085363,0.755205,-29.687767,0.853389,0.081981,0.758778
5.4333333,-27.185223,0.874874,0.085116,0.755208,-30.018543,0.850430,0.081798,0.758722
5.4400000,-27.506805,0.872313,0.084875,0.755205,-30.350876,0.847414,0.081621,0.758659
5.4466667,-27.829344,0.869703,0.084641,0.755196,-30.684839,0.844340,0.081451,0.758590
5.4533333,-28.152893,0.867042,0.084414,0.755181,-31.020510,0.841206,0.081288,0.758515
5.4600000,-28.477510,0.864331,0.084194,0.755160,-31.357964,0.838011,0.081131,0.758435
5.4666667,-28.803257,0.861568,0.083980,0.755133,-31.697283,0.834754,0.080982,0.758348
5.4733333,-29.130190,0.858751,0.083774,0.755100,-32.038551,0.831433,0.080839,0.758256
5.4800000,-29.458374,0.855880,0.083573,0.755062,-32.381851,0.828047,0.080703,0.758157
5.4866667,-29.787874,0.852955,0.083380,0.755017,-32.727272,0.824595,0.080573,0.758053
5.4933333,-30.118757,0.849972,0.083194,0.754966,-33.074902,0.821076,0.080451,0.757942
5.5000000,-30.451090,0.846933,0.083014,0.754909,-33.424831,0.817487,0.080335,0.757826
5.5066667,-30.784945,0.843835,0.082841,0.754847,-33.777157,0.813828,0.080227,0.757704
5.5133333,-31.120392,0.840677,0.082675,0.754778,-34.131973,0.810096,0.080125,0.757575
5.5200000,-31.457506,0.837458,0.082516,0.754703,-34.489376,0.806291,0.080030,0.757441
5.5266667,-31.796362,0.834177,0.082364,0.754622,-34.849472,0.802410,0.079942,0.757300
5.5333333,-32.137039,0.830832,0.082219,0.754536,-35.212360,0.798452,0.079861,0.757154
5.5400000,-32.479614,0.827423,0.082080,0.754443,-35.578144,0.794415,0.079787,0.757001
5.5466667,-32.824173,0.823947,0.081948,0.754344,-35.946930,0.790297,0.079720,0.756842
5.5533333,-33.170799,0.820404,0.081824,0.754240,-36.318829,0.786097,0.079660,0.756677
5.5600000,-33.519577,0.816792,0.081706,0.754129,-36.693951,0.781813,0.079607,0.756506
5.5666667,-33.870590,0.813110,0.081595,0.754012,-37.072407,0.777442,0.079561,0.756328
5.5733333,-34.223934,0.809355,0.081491,0.753889,-37.454308,0.772983,0.079523,0.756144
5.5800000,-34.579700,0.805527,0.081394,0.753760,-37.839771,0.768434,0.079491,0.755954
5.5866667,-34.937977,0.801625,0.081304,0.753625,-38.228916,0.763792,0.079467,0.755758
5.5933333,-35.298862,0.797645,0.081221,0.753484,-38.621857,0.759055,0.079450,0.755555
5.6000000,-35.662453,0.793587,0.081145,0.753336,-39.018711,0.754222,0.079440,0.755346
5.6066667,-36.028843,0.789450,0.081076,0.753183,-39.419598,0.749289,0.079438,0.755131
5.6133333,-36.398136,0.785230,0.081014,0.753023,-39.824635,0.744255,0.079443,0.754909
5.6200000,-36.770432,0.780927,0.080960,0.752857,-40.233940,0.739117,0.079455,0.754680
5.6266667,-37.145832,0.776539,0.080912,0.752685,-40.647633,0.733874,0.079475,0.754445
5.6333333,-37.524441,0.772063,0.080872,0.752507,-41.065826,0.728521,0.079502,0.754204
5.6400000,-37.906361,0.767498,0.080838,0.752322,-41.488640,0.723058,0.079537,0.753955
5.6466667,-38.291698,0.762842,0.080812,0.752131,-41.916183,0.717480,0.079580,0.753701
5.6533333,-38.680561,0.758093,0.080793,0.751934,-42.348572,0.711787,0.079630,0.753439
5.6600000,-39.073051,0.753248,0.080782,0.751730,-42.785908,0.705974,0.079688,0.753171
5.6666667,-39.469280,0.748306,0.080778,0.751520,-43.228298,0.700040,0.079754,0.752895
5.6733333,-39.869347,0.743264,0.080781,0.751303,-43.675838,0.693982,0.079828,0.752613
5.6800000,-40.273357,0.738121,0.080791,0.751080,-44.128620,0.687796,0.079910,0.752325
5.6866667,-40.681419,0.732874,0.080809,0.750850,-44.586731,0.681481,0.080000,0.752029
5.6933333,-41.093632,0.727521,0.080835,0.750614,-45.050251,0.675033,0.080098,0.751726
5.7000000,-41.510098,0.722059,0.080868,0.750372,-45.519249,0.668451,0.080204,0.751416
5.7066667,-41.930912,0.716486,0.080909,0.750122,-45.993782,0.661730,0.080319,0.751099
5.7133333,-42.356174,0.710800,0.080957,0.749866,-46.473904,0.654869,0.080442,0.750775
5.7200000,-42.785973,0.704998,0.081013,0.749604,-46.959644,0.647865,0.080573,0.750444
5.7266667,-43.220398,0.699078,0.081077,0.749334,-47.451027,0.640715,0.080714,0.750106
5.7333333,-43.659531,0.693038,0.081148,0.749058,-47.948059,0.633417,0.080863,0.749760
5.7400000,-44.103451,0.686874,0.081228,0.748775,-48.450729,0.625968,0.081021,0.749407
5.7466667,-44.552227,0.680586,0.081315,0.748485,-48.959007,0.618367,0.081188,0.749047
5.7533333,-45.005924,0.674169,0.081410,0.748188,-49.472839,0.610611,0.081364,0.748679
5.7600000,-45.464600,0.667622,0.081514,0.747885,-49.992153,0.602698,0.081549,0.748304
5.7666667,-45.928295,0.660943,0.081626,0.747574,-50.516853,0.594626,0.081744,0.747922
5.7733333,-46.397045,0.654129,0.081746,0.747256,-51.046810,0.586395,0.081949,0.747532
5.7800000,-46.870876,0.647177,0.081874,0.746932,-51.581871,0.578002,0.082164,0.747135
5.7866667,-47.349796,0.640086,0.082011,0.746600,-52.121853,0.569448,0.082388,0.746730
5.7933333,-47.833805,0.632854,0.082157,0.746261,-52.666538,0.560731,0.082623,0.746318
5.8000000,-48.322880,0.625477,0.082311,0.745915,-53.215675,0.551851,0.082868,0.745898
5.8066667,-48.816986,0.617956,0.082474,0.745562,-53.768974,0.542810,0.083123,0.745470
5.8133333,-49.316071,0.610287,0.082647,0.745202,-54.326107,0.533607,0.083389,0.745035
5.8200000,-49.820057,0.602470,0.082828,0.744834,-54.886711,0.524244,0.083667,0.744593
5.8266667,-50.328850,0.594502,0.083018,0.744459,-55.450375,0.514724,0.083955,0.744143
5.8333333,-50.842331,0.586384,0.083218,0.744077,-56.016651,0.505049,0.084255,0.743685
5.8400000,-51.360352,0.578113,0.083427,0.743687,-56.585045,0.495223,0.084566,0.743220
5.8466667,-51.882744,0.569690,0.083646,0.743291,-57.155022,0.485249,0.084889,0.742748
5.8533333,-52.409306,0.561114,0.083875,0.742886,-57.725998,0.475133,0.085225,0.742268
5.8600000,-52.939812,0.552386,0.084114,0.742475,-58.297352,0.464881,0.085572,0.741781
5.8666667,-53.473999,0.543506,0.084363,0.742056,-58.868423,0.454500,0.085932,0.741286
5.8733333,-54.011578,0.534475,0.084622,0.741630,-59.438507,0.443998,0.086305,0.740784
5.8800000,-54.552223,0.525295,0.084892,0.741197,-60.006863,0.433383,0.086691,0.740275
5.8866667,-55.095573,0.515968,0.085172,0.740756,-60.572716,0.422666,0.087090,0.739759
5.8933333,-55.641235,0.506497,0.085463,0.740308,-61.135265,0.411857,0.087502,0.739235
5.9000000,-56.188778,0.496884,0.085766,0.739853,-61.693680,0.400969,0.087928,0.738705
5.9066667,-56.737732,0.487135,0.086080,0.739390,-62.247108,0.390015,0.088368,0.738168
5.9133333,-57.287598,0.477253,0.086405,0.738920,-62.794693,0.379008,0.088821,0.737625
5.9200000,-57.837833,0.467245,0.086742,0.738443,-63.335564,0.367963,0.089289,0.737074
5.9266667,-58.387871,0.457117,0.087091,0.737959,-63.868855,0.356897,0.089770,0.736518
5.9333333,-58.937103,0.446876,0.087452,0.737468,-64.393707,0.345827,0.090266,0.735955
5.9400000,-59.484894,0.436530,0.087825,0.736970,-64.909279,0.334769,0.090776,0.735385
5.9466667,-60.030579,0.426088,0.088211,0.736465,-65.414757,0.323742,0.091301,0.734810
5.9533333,-60.573471,0.415560,0.088609,0.735953,-65.909355,0.312764,0.091840,0.734229
5.9600000,-61.112858,0.404956,0.089020,0.735434,-66.392334,0.301853,0.092393,0.733643
5.9666667,-61.648014,0.394289,0.089444,0.734909,-66.863007,0.291030,0.092960,0.733051
5.9733333,-62.178200,0.383571,0.089882,0.734377,-67.320740,0.280313,0.093541,0.732453
5.9800000,-62.702667,0.372815,0.090332,0.733839,-67.764961,0.269720,0.094137,0.731851
5.9866667,-63.220665,0.362035,0.090796,0.733294,-68.195168,0.259270,0.094746,0.731243
5.9933333,-63.731453,0.351247,0.091273,0.732744,-68.610931,0.248981,0.095369,0.730631
6.0000000,-64.234299,0.340465,0.091764,0.732187,-69.011909,0.238869,0.096005,0.730015
6.0066667,-64.728485,0.329706,0.092269,0.731624,-69.397827,0.228951,0.096654,0.729394
6.0133333,-65.213326,0.318987,0.092787,0.731056,-69.768494,0.219241,0.097317,0.728769
6.0200000,-65.688148,0.308323,0.093318,0.730482,-70.123795,0.209755,0.097991,0.728140
6.0266667,-66.152344,0.297732,0.093864,0.729902,-70.463699,0.200503,0.098678,0.727508
6.0333333,-66.605324,0.287232,0.094422,0.729318,-70.788254,0.191498,0.099376,0.726872
6.0400000,-67.046555,0.276838,0.094995,0.728728,-71.097572,0.182748,0.100086,0.726233
6.0466667,-67.475555,0.266568,0.095580,0.728133,-71.391838,0.174263,0.100807,0.725591
6.0533333,-67.891907,0.256439,0.096179,0.727534,-71.671288,0.166049,0.101538,0.724946
6.0600000,-68.295250,0.246465,0.096791,0.726930,-71.936218,0.158110,0.102279,0.724299
6.0666667,-68.685280,0.236662,0.097415,0.726322,-72.186981,0.150452,0.103030,0.723648
6.0733333,-69.061768,0.227045,0.098052,0.725709,-72.423973,0.143075,0.103790,0.722996
6.0800000,-69.424538,0.217627,0.098701,0.725093,-72.647614,0.135982,0.104558,0.722342
6.0866667,-69.773491,0.208419,0.099362,0.724473,-72.858360,0.129170,0.105335,0.721685
6.0933333,-70.108589,0.199434,0.100035,0.723849,-73.056686,0.122640,0.106120,0.721027
6.1000000,-70.429848,0.190682,0.100720,0.723221,-73.243095,0.116387,0.106912,0.720367
6.1066667,-70.737343,0.182170,0.101415,0.722591,-73.418098,0.110409,0.107710,0.719706
6.1133333,-71.031212,0.173908,0.102121,0.721958,-73.582207,0.104700,0.108516,0.719043
6.1200000,-71.311638,0.165900,0.102837,0.721321,-73.735947,0.099255,0.109327,0.718379
6.1266667,-71.578857,0.158151,0.103564,0.720682,-73.879822,0.094068,0.110144,0.717714
6.1333333,-71.833138,0.150666,0.104299,0.720041,-74.014343,0.089133,0.110966,0.717048
6.1400000,-72.074791,0.143447,0.105044,0.719397,-74.140015,0.084440,0.111793,0.716381
6.1466667,-72.304161,0.136494,0.105798,0.718750,-74.257324,0.079984,0.112625,0.715714
6.1533333,-72.521614,0.129807,0.106560,0.718102,-74.366737,0.075757,0.113461,0.715045
6.1600000,-72.727539,0.123386,0.107330,0.717452,-74.468719,0.071749,0.114301,0.714377
6.1666667,-72.922348,0.117228,0.108107,0.716800,-74.563713,0.067953,0.115144,0.713707
6.1733333,-73.106461,0.111330,0.108891,0.716147,-74.652145,0.064360,0.115990,0.713038
6.1800000,-73.280296,0.105689,0.109683,0.715492,-74.734413,0.060962,0.116840,0.712368
6.1866667,-73.444298,0.100299,0.110480,0.714836,-74.810905,0.057751,0.117692,0.711698
6.1933333,-73.598892,0.095155,0.111284,0.714179,-74.881989,0.054717,0.118547,0.711028
6.2000000,-73.744514,0.090251,0.112093,0.713520,-74.948013,0.051854,0.119404,0.710358
6.2066667,-73.881584,0.085582,0.112908,0.712860,-75.009300,0.049153,0.120262,0.709687
6.2133333,-74.010529,0.081139,0.113727,0.712200,-75.066170,0.046606,0.121123,0.709017
6.2200000,-74.131760,0.076917,0.114551,0.711539,-75.118912,0.044206,0.121986,0.708347
6.2266667,-74.245674,0.072908,0.115380,0.710877,-75.167793,0.041945,0.122849,0.707677
6.2333333,-74.352661,0.069104,0.116212,0.710214,-75.213081,0.039816,0.123714,0.707007
6.2400000,-74.453094,0.065498,0.117048,0.709552,-75.255020,0.037812,0.124580,0.706338
6.2466667,-74.547333,0.062082,0.117888,0.708888,-75.293831,0.035927,0.125447,0.705669
6.2533333,-74.635727,0.058848,0.118731,0.708224,-75.329727,0.034153,0.126315,0.705000
6.2600000,-74.718613,0.055788,0.119577,0.707560,-75.362907,0.032486,0.127184,0.704331
6.2666667,-74.796295,0.052896,0.120426,0.706896,-75.393562,0.030919,0.128053,0.703663
6.2733333,-74.869087,0.050164,0.121277,0.706231,-75.421860,0.029446,0.128922,0.702995
6.2800000,-74.937271,0.047583,0.122130,0.705567,-75.447960,0.028063,0.129792,0.702328
6.2866667,-75.001122,0.045148,0.122986,0.704902,-75.472015,0.026763,0.130662,0.701661
6.2933333,-75.060898,0.042851,0.123843,0.704238,-75.494171,0.025543,0.131533,0.700994
6.3000000,-75.116844,0.040685,0.124702,0.703573,-75.514549,0.024398,0.132403,0.700328
6.3066667,-75.169197,0.038643,0.125563,0.702909,-75.533279,0.023323,0.133273,0.699663
6.3133333,-75.218170,0.036720,0.126425,0.702245,-75.550468,0.022314,0.134143,0.698998
6.3200000,-75.263962,0.034909,0.127289,0.701580,-75.566231,0.021368,0.135013,0.698334
6.3266667,-75.306778,0.033205,0.128153,0.700917,-75.580658,0.020480,0.135883,0.697670
6.3333333,-75.346794,0.031601,0.129019,0.700253,-75.593842,0.019647,0.136752,0.697007
6.3400000,-75.384186,0.030092,0.129885,0.699590,-75.605865,0.018866,0.137622,0.696344
6.3466667,-75.419113,0.028673,0.130752,0.698927,-75.616806,0.018134,0.138490,0.695683
6.3533333,-75.451729,0.027339,0.131620,0.698264,-75.626740,0.017448,0.139358,0.695021
6.3600000,-75.482170,0.026085,0.132488,0.697602,-75.635735,0.016804,0.140226,0.694361
6.3666667,-75.510574,0.024907,0.133357,0.696940,-75.643852,0.016201,0.141093,0.693701
6.3733333,-75.537071,0.023800,0.134226,0.696278,-75.651154,0.015636,0.141960,0.693042
6.3800000,-75.561768,0.022760,0.135095,0.695617,-75.657692,0.015106,0.142826,0.692383
6.3866667,-75.584785,0.021784,0.135965,0.694957,-75.663521,0.014610,0.143691,0.691725
6.3933333,-75.606216,0.020867,0.136834,0.694297,-75.668686,0.014145,0.144556,0.691068
6.4000000,-75.626167,0.020007,0.137704,0.693637,-75.673233,0.013710,0.145420,0.690411
6.4066667,-75.644722,0.019200,0.138574,0.692978,-75.677200,0.013302,0.146283,0.689755
6.4133333,-75.661972,0.018442,0.139443,0.692320,-75.680626,0.012920,0.147146,0.689100
6.4200000,-75.677994,0.017732,0.140312,0.691662,-75.683548,0.012562,0.148007,0.688446
6.4266667,-75.692863,0.017065,0.141181,0.691005,-75.685997,0.012227,0.148868,0.687792
6.4333333,-75.706642,0.016440,0.142050,0.690348,-75.688004,0.011913,0.149728,0.687139
6.4400000,-75.719406,0.015853,0.142918,0.689692,-75.689598,0.011619,0.150587,0.686487
6.4466667,-75.731216,0.015303,0.143786,0.689036,-75.690804,0.011344,0.151446,0.685836
6.4533333,-75.742126,0.014788,0.144654,0.688381,-75.691650,0.011087,0.152303,0.685185
6.4600000,-75.752190,0.014304,0.145521,0.687727,-75.692162,0.010846,0.153159,0.684535
6.4666667,-75.761452,0.013851,0.146388,0.687073,-75.692352,0.010620,0.154015,0.683886
6.4733333,-75.769966,0.013427,0.147254,0.686420,-75.692245,0.010409,0.154870,0.683237
6.4800000,-75.777779,0.013029,0.148119,0.685768,-75.691856,0.010212,0.155724,0.682589
6.4866667,-75.784927,0.012656,0.148984,0.685116,-75.691208,0.010027,0.156576,0.681942
6.4933333,-75.791458,0.012307,0.149848,0.684465,-75.690315,0.009854,0.157428,0.681296
6.5000000,-75.797401,0.011979,0.150712,0.683815,-75.689194,0.009693,0.158279,0.680651
6.5066667,-75.802788,0.011673,0.151575,0.683165,-75.687851,0.009542,0.159129,0.680006
6.5133333,-75.807655,0.011386,0.152437,0.682516,-75.686302,0.009400,0.159978,0.679362
6.5200000,-75.812035,0.011117,0.153299,0.681868,-75.684563,0.009268,0.160826,0.678719
6.5266667,-75.815948,0.010865,0.154160,0.681221,-75.682648,0.009145,0.161673,0.678076
6.5333333,-75.819427,0.010629,0.155020,0.680574,-75.680565,0.009029,0.162519,0.677435
6.5400000,-75.822495,0.010408,0.155879,0.679927,-75.678322,0.008921,0.163363,0.676794
6.5466667,-75.825180,0.010201,0.156737,0.679282,-75.675926,0.008820,0.164207,0.676154
6.5533333,-75.827499,0.010007,0.157595,0.678637,-75.673386,0.008726,0.165050,0.675514
6.5600000,-75.829468,0.009826,0.158452,0.677993,-75.670715,0.008638,0.165892,0.674876
6.5666667,-75.831116,0.009657,0.159308,0.677350,-75.667915,0.008556,0.166733,0.674238
6.5733333,-75.832451,0.009498,0.160163,0.676707,-75.665001,0.008479,0.167572,0.673601
6.5800000,-75.833496,0.009349,0.161017,0.676066,-75.661972,0.008408,0.168411,0.672964
6.5866667,-75.834267,0.009210,0.161870,0.675424,-75.658836,0.008341,0.169249,0.672329
6.5933333,-75.834778,0.009080,0.162722,0.674784,-75.655602,0.008279,0.170085,0.671694
6.6000000,-75.835045,0.008958,0.163574,0.674144,-75.652267,0.008221,0.170921,0.671060
6.6066667,-75.835083,0.008844,0.164424,0.673505,-75.648842,0.008167,0.171755,0.670427
6.6133333,-75.834900,0.008738,0.165274,0.672867,-75.645332,0.008116,0.172589,0.669795
6.6200000,-75.834503,0.008638,0.166123,0.672230,-75.641739,0.008069,0.173421,0.669163
6.6266667,-75.833916,0.008545,0.166970,0.671593,-75.638069,0.008025,0.174253,0.668532
6.6333333,-75.833138,0.008458,0.167817,0.670957,-75.634331,0.007985,0.175083,0.667902
6.6400000,-75.832184,0.008377,0.168663,0.670322,-75.630516,0.007947,0.175912,0.667273
6.6466667,-75.831062,0.008301,0.169508,0.669688,-75.626640,0.007912,0.176740,0.666644
6.6533333,-75.829781,0.008230,0.170352,0.669054,-75.622696,0.007879,0.177567,0.666016
6.6600000,-75.828346,0.008164,0.171194,0.668421,-75.618690,0.007849,0.178393,0.665389
6.6666667,-75.826767,0.008102,0.172036,0.667789,-75.614632,0.007821,0.179218,0.664763
6.6733333,-75.825058,0.008044,0.172877,0.667157,-75.610519,0.007795,0.180042,0.664137
6.6800000,-75.823219,0.007990,0.173717,0.666526,-75.606354,0.007770,0.180865,0.663513
6.6866667,-75.821251,0.007940,0.174556,0.665896,-75.602135,0.007748,0.181686,0.662889
6.6933333,-75.819168,0.007893,0.175394,0.665267,-75.597870,0.007728,0.182507,0.662266
6.7000000,-75.816971,0.007849,0.176231,0.664639,-75.593559,0.007708,0.183326,0.661643
6.7066667,-75.814674,0.007808,0.177067,0.664011,-75.589203,0.007691,0.184145,0.661022
6.7133333,-75.812271,0.007770,0.177901,0.663384,-75.584801,0.007675,0.184962,0.660401
6.7200000,-75.809776,0.007735,0.178735,0.662758,-75.580360,0.007660,0.185779,0.659781
6.7266667,-75.807190,0.007702,0.179568,0.662133,-75.575874,0.007646,0.186594,0.659161
6.7333333,-75.804512,0.007671,0.180400,0.661508,-75.571350,0.007634,0.187408,0.658543
6.7400000,-75.801750,0.007643,0.181231,0.660884,-75.566795,0.007623,0.188221,0.657925
6.7466667,-75.798912,0.007616,0.182060,0.660261,-75.562202,0.007612,0.189033,0.657308
6.7533333,-75.795998,0.007591,0.182889,0.659638,-75.557571,0.007603,0.189844,0.656692
6.7600000,-75.793007,0.007569,0.183717,0.659017,-75.552910,0.007594,0.190654,0.656076
6.7666667,-75.789948,0.007547,0.184543,0.658396,-75.548218,0.007587,0.191463,0.655462
6.7733333,-75.786819,0.007528,0.185369,0.657775,-75.543495,0.007580,0.192270,0.654848
6.7800000,-75.783630,0.007510,0.186193,0.657156,-75.538742,0.007574,0.193077,0.654234
6.7866667,-75.780380,0.007493,0.187017,0.656537,-75.533958,0.007568,0.193882,0.653622
6.7933333,-75.777069,0.007478,0.187839,0.655919,-75.529144,0.007563,0.194687,0.653010
6.8000000,-75.773697,0.007463,0.188661,0.655302,-75.524300,0.007559,0.195490,0.652399
6.8066667,-75.770271,0.007450,0.189481,0.654686,-75.519432,0.007555,0.196293,0.651789
6.8133333,-75.766792,0.007438,0.190300,0.654070,-75.514534,0.007552,0.197094,0.651180
6.8200000,-75.763268,0.007427,0.191119,0.653455,-75.509613,0.007550,0.197894,0.650571
6.8266667,-75.759689,0.007417,0.191936,0.652841,-75.504662,0.007548,0.198693,0.649963
6.8333333,-75.756065,0.007408,0.192752,0.652228,-75.499687,0.007546,0.199491,0.649356
6.8400000,-75.752396,0.007399,0.193567,0.651615,-75.494690,0.007545,0.200288,0.648750
6.8466667,-75.748688,0.007391,0.194381,0.651003,-75.489670,0.007544,0.201084,0.648144
6.8533333,-75.744934,0.007384,0.195194,0.650392,-75.484627,0.007543,0.201879,0.647540
6.8600000,-75.741142,0.007378,0.196006,0.649782,-75.479561,0.007543,0.202673,0.646936
6.8666667,-75.737312,0.007373,0.196817,0.649172,-75.474472,0.007544,0.203465,0.646332
6.8733333,-75.733444,0.007368,0.197627,0.648563,-75.469360,0.007544,0.204257,0.645730
6.8800000,-75.729538,0.007363,0.198436,0.647955,-75.464226,0.007545,0.205047,0.645128
6.8866667,-75.725601,0.007359,0.199244,0.647348,-75.459068,0.007546,0.205837,0.644527
6.8933333,-75.721626,0.007356,0.200050,0.646741,-75.453888,0.007547,0.206625,0.643927
6.9000000,-75.717621,0.007353,0.200856,0.646135,-75.448692,0.007549,0.207413,0.643327
6.9066667,-75.713577,0.007350,0.201661,0.645530,-75.443474,0.007551,0.208199,0.642728
6.9133333,-75.709503,0.007348,0.202464,0.644925,-75.438232,0.007553,0.208984,0.642130
6.9200000,-75.705399,0.007346,0.203267,0.644322,-75.432976,0.007555,0.209768,0.641533
6.9266667,-75.701263,0.007345,0.204068,0.643719,-75.427696,0.007557,0.210551,0.640937
6.9333333,-75.697105,0.007344,0.204869,0.643117,-75.422394,0.007560,0.211333,0.640341
6.9400000,-75.692917,0.007343,0.205668,0.642515,-75.417076,0.007563,0.212114,0.639746
6.9466667,-75.688698,0.007343,0.206467,0.641915,-75.411736,0.007566,0.212894,0.639152
6.9533333,-75.684456,0.007343,0.207264,0.641315,-75.406380,0.007569,0.213673,0.638558
6.9600000,-75.680183,0.007343,0.208060,0.640715,-75.401001,0.007572,0.214451,0.637965
6.9666667,-75.675888,0.007343,0.208855,0.640117,-75.395607,0.007575,0.215227,0.637373
6.9733333,-75.671570,0.007344,0.209649,0.639519,-75.390190,0.007579,0.216003,0.636782
6.9800000,-75.667221,0.007345,0.210443,0.638922,-75.384758,0.007582,0.216777,0.636191
6.9866667,-75.662849,0.007346,0.211235,0.638326,-75.379311,0.007586,0.217551,0.635602
6.9933333,-75.658455,0.007347,0.212026,0.637731,-75.373840,0.007590,0.218323,0.635013
7.0000000,-75.654037,0.007349,0.212816,0.637136,-75.368355,0.007594,0.219095,0.634424
7.0066667,-75.649597,0.007351,0.213605,0.636542,-75.362846,0.007598,0.219865,0.633837
7.0133333,-75.645134,0.007352,0.214392,0.635949,-75.357323,0.007602,0.220634,0.633250
7.0200000,-75.640648,0.007354,0.215179,0.635356,-75.351784,0.007606,0.221403,0.632664
7.0266667,-75.636139,0.007357,0.215965,0.634764,-75.346222,0.007611,0.222170,0.632079
7.0333333,-75.631615,0.007359,0.216750,0.634173,-75.340645,0.007615,0.222936,0.631494
7.0400000,-75.627068,0.007361,0.217534,0.633583,-75.335052,0.007619,0.223701,0.630910
7.0466667,-75.622498,0.007364,0.218316,0.632993,-75.329445,0.007624,0.224465,0.630327
7.0533333,-75.617905,0.007367,0.219098,0.632405,-75.323814,0.007629,0.225228,0.629745
7.0600000,-75.613297,0.007369,0.219878,0.631816,-75.318169,0.007633,0.225990,0.629163
7.0666667,-75.608665,0.007372,0.220658,0.631229,-75.312508,0.007638,0.226751,0.628582
7.0733333,-75.604019,0.007375,0.221437,0.630642,-75.306824,0.007643,0.227511,0.628002
7.0800000,-75.599350,0.007378,0.222214,0.630056,-75.301125,0.007648,0.228270,0.627423
7.0866667,-75.594658,0.007382,0.222990,0.629471,-75.295410,0.007653,0.229027,0.626844
7.0933333,-75.589951,0.007385,0.223766,0.628887,-75.289680,0.007658,0.229784,0.626266
7.1000000,-75.585228,0.007388,0.224540,0.628303,-75.283928,0.007663,0.230540,0.625689
7.1066667,-75.580482,0.007392,0.225313,0.627720,-75.278160,0.007668,0.231294,0.625112
7.1133333,-75.575722,0.007395,0.226086,0.627138,-75.272377,0.007673,0.232048,0.624537
7.1200000,-75.570938,0.007399,0.226857,0.626556,-75.266571,0.007678,0.232800,0.623962
7.1266667,-75.566139,0.007403,0.227627,0.625975,-75.260750,0.007683,0.233552,0.623387
7.1333333,-75.561325,0.007406,0.228396,0.625395,-75.254913,0.007688,0.234302,0.622814
7.1400000,-75.556488,0.007410,0.229165,0.624816,-75.249062,0.007694,0.235052,0.622241
7.1466667,-75.551636,0.007414,0.229932,0.624237,-75.243195,0.007699,0.235800,0.621669
7.1533333,-75.546768,0.007418,0.230698,0.623659,-75.237305,0.007705,0.236548,0.621098
7.1600000,-75.541878,0.007422,0.231463,0.623082,-75.231400,0.007710,0.237294,0.620527
7.1666667,-75.536972,0.007426,0.232227,0.622506,-75.225479,0.007715,0.238039,0.619957
7.1733333,-75.532051,0.007430,0.232990,0.621930,-75.219543,0.007721,0.238783,0.619388
7.1800000,-75.527115,0.007434,0.233752,0.621355,-75.213585,0.007726,0.239527,0.618820
7.1866667,-75.522156,0.007438,0.234513,0.620781,-75.207611,0.007732,0.240269,0.618252
7.1933333,-75.517181,0.007442,0.235273,0.620207,-75.201622,0.007738,0.241010,0.617685
7.2000000,-75.512192,0.007447,0.236032,0.619634,-75.195618,0.007743,0.241750,0.617119
7.2066667,-75.507187,0.007451,0.236790,0.619062,-75.189590,0.007749,0.242489,0.616553
7.2133333,-75.502159,0.007455,0.237547,0.618491,-75.183548,0.007755,0.243227,0.615988
7.2200000,-75.497116,0.007460,0.238302,0.617920,-75.177490,0.007760,0.243964,0.615424
7.2266667,-75.492058,0.007464,0.239057,0.617350,-75.171417,0.007766,0.244700,0.614861
7.2333333,-75.486984,0.007469,0.239811,0.616781,-75.165329,0.007772,0.245435,0.614298
7.2400000,-75.481895,0.007473,0.240564,0.616212,-75.159218,0.007778,0.246169,0.613736
7.2466667,-75.476791,0.007478,0.241316,0.615644,-75.153091,0.007784,0.246902,0.613175
7.2533333,-75.471672,0.007482,0.242066,0.615077,-75.146950,0.007789,0.247634,0.612614
7.2600000,-75.466530,0.007487,0.242816,0.614511,-75.140793,0.007795,0.248365,0.612055
7.2666667,-75.461372,0.007491,0.243565,0.613945,-75.134613,0.007801,0.249095,0.611496
7.2733333,-75.456200,0.007496,0.244313,0.613380,-75.128418,0.007807,0.249824,0.610937
7.2800000,-75.451012,0.007501,0.245059,0.612816,-75.122208,0.007813,0.250552,0.610380
7.2866667,-75.445808,0.007505,0.245805,0.612252,-75.115982,0.007819,0.251278,0.609823
7.2933333,-75.440590,0.007510,0.246550,0.611689,-75.109734,0.007825,0.252004,0.609267
7.3000000,-75.435356,0.007515,0.247293,0.611127,-75.103470,0.007831,0.252729,0.608711
7.3066667,-75.430107,0.007520,0.248036,0.610566,-75.097191,0.007837,0.253453,0.608157
7.3133333,-75.424835,0.007525,0.248777,0.610005,-75.090897,0.007844,0.254175,0.607602
7.3200000,-75.419548,0.007529,0.249518,0.609445,-75.084579,0.007850,0.254897,0.607049
7.3266667,-75.414246,0.007534,0.250258,0.608886,-75.078247,0.007856,0.255618,0.606497
7.3333333,-75.408928,0.007539,0.250996,0.608327,-75.071899,0.007862,0.256338,0.605945
7.3400000,-75.403595,0.007544,0.251734,0.607769,-75.065536,0.007868,0.257056,0.605393
7.3466667,-75.398247,0.007549,0.252471,0.607212,-75.059158,0.007875,0.257774,0.604843
7.3533333,-75.392883,0.007554,0.253206,0.606656,-75.052757,0.007881,0.258491,0.604293
7.3600000,-75.387505,0.007559,0.253941,0.606100,-75.046341,0.007887,0.259206,0.603744
7.3666667,-75.382111,0.007564,0.254674,0.605545,-75.039909,0.007894,0.259921,0.603196
7.3733333,-75.376701,0.007569,0.255407,0.604991,-75.033455,0.007900,0.260635,0.602648
7.3800000,-75.371277,0.007574,0.256138,0.604437,-75.026985,0.007906,0.261347,0.602101
7.3866667,-75.365829,0.007579,0.256869,0.603884,-75.020500,0.007913,0.262059,0.601555
7.3933333,-75.360367,0.007584,0.257599,0.603332,-75.014000,0.007919,0.262769,0.601009
7.4000000,-75.354889,0.007590,0.258327,0.602780,-75.007477,0.007926,0.263479,0.600465
7.4066667,-75.349396,0.007595,0.259055,0.602230,-75.000938,0.007932,0.264188,0.599920
7.4133333,-75.343887,0.007600,0.259781,0.601679,-74.994385,0.007938,0.264895,0.599377
7.4200000,-75.338364,0.007605,0.260507,0.601130,-74.987816,0.007945,0.265602,0.598834
7.4266667,-75.332825,0.007610,0.261231,0.600581,-74.981224,0.007952,0.266308,0.598292
7.4333333,-75.327271,0.007616,0.261955,0.600033,-74.974617,0.007958,0.267012,0.597751
7.4400000,-75.321701,0.007621,0.262678,0.599486,-74.967995,0.007965,0.267716,0.597210
7.4466667,-75.316116,0.007626,0.263399,0.598939,-74.961349,0.007971,0.268418,0.596670
7.4533333,-75.310516,0.007631,0.264120,0.598393,-74.954689,0.007978,0.269120,0.596131
7.4600000,-75.304901,0.007637,0.264839,0.597848,-74.948013,0.007985,0.269821,0.595593
7.4666667,-75.299271,0.007642,0.265558,0.597303,-74.941322,0.007991,0.270520,0.595055
7.4733333,-75.293617,0.007648,0.266276,0.596760,-74.934608,0.007998,0.271219,0.594518
7.4800000,-75.287949,0.007653,0.266992,0.596216,-74.927879,0.008005,0.271917,0.593981
7.4866667,-75.282265,0.007658,0.267708,0.595674,-74.921135,0.008012,0.272613,0.593446
7.4933333,-75.276566,0.007664,0.268423,0.595132,-74.914368,0.008018,0.273309,0.592911
7.5000000,-75.270851,0.007669,0.269136,0.594591,-74.907585,0.008025,0.274004,0.592376
7.5066667,-75.265121,0.007675,0.269849,0.594051,-74.900787,0.008032,0.274697,0.591843
7.5133333,-75.259377,0.007680,0.270561,0.593511,-74.893967,0.008039,0.275390,0.591310
7.5200000,-75.253616,0.007686,0.271271,0.592972,-74.887131,0.008046,0.276082,0.590778
7.5266667,-75.247841,0.007691,0.271981,0.592434,-74.880280,0.008053,0.276772,0.590246
7.5333333,-75.242050,0.007697,0.272690,0.591896,-74.873413,0.008060,0.277462,0.589715
7.5400000,-75.236244,0.007703,0.273398,0.591359,-74.866524,0.008066,0.278151,0.589185
7.5466667,-75.230415,0.007708,0.274105,0.590823,-74.859619,0.008073,0.278839,0.588656
7.5533333,-75.224571,0.007714,0.274810,0.590287,-74.852699,0.008080,0.279525,0.588127
7.5600000,-75.218712,0.007719,0.275515,0.589752,-74.845757,0.008088,0.280211,0.587599
7.5666667,-75.212837,0.007725,0.276219,0.589218,-74.838799,0.008095,0.280896,0.587071
7.5733333,-75.206947,0.007731,0.276922,0.588684,-74.831825,0.008102,0.281580,0.586545
7.5800000,-75.201042,0.007737,0.277624,0.588152,-74.824829,0.008109,0.282263,0.586019
7.5866667,-75.195122,0.007742,0.278325,0.587619,-74.817818,0.008116,0.282944,0.585493
7.5933333,-75.189186,0.007748,0.279025,0.587088,-74.810791,0.008123,0.283625,0.584969
7.6000000,-75.183235,0.007754,0.279724,0.586557,-74.803741,0.008130,0.284305,0.584445
7.6066667,-75.177261,0.007760,0.280422,0.586027,-74.796677,0.008137,0.284984,0.583921
7.6133333,-75.171272,0.007765,0.281119,0.585498,-74.789589,0.008145,0.285662,0.583399
7.6200000,-75.165268,0.007771,0.281815,0.584969,-74.782486,0.008152,0.286339,0.582877
7.6266667,-75.159248,0.007777,0.282510,0.584441,-74.775368,0.008159,0.287015,0.582356
7.6333333,-75.153214,0.007783,0.283204,0.583913,-74.768227,0.008166,0.287690,0.581835
7.6400000,-75.147163,0.007789,0.283897,0.583387,-74.761070,0.008174,0.288364,0.581316
7.6466667,-75.141098,0.007795,0.284589,0.582861,-74.753899,0.008181,0.289037,0.580796
7.6533333,-75.135010,0.007801,0.285281,0.582335,-74.746704,0.008189,0.289709,0.580278
7.6600000,-75.128906,0.007807,0.285971,0.581811,-74.739494,0.008196,0.290380,0.579760
7.6666667,-75.122787,0.007813,0.286660,0.581287,-74.732269,0.008203,0.291051,0.579243
7.6733333,-75.116653,0.007819,0.287349,0.580763,-74.725021,0.008211,0.291720,0.578727
7.6800000,-75.110504,0.007825,0.288036,0.580241,-74.717758,0.008218,0.292388,0.578211
7.6866667,-75.104340,0.007831,0.288722,0.579719,-74.710480,0.008226,0.293055,0.577696
7.6933333,-75.098160,0.007837,0.289408,0.579197,-74.703178,0.008233,0.293721,0.577181
7.7000000,-75.091957,0.007843,0.290092,0.578677,-74.695862,0.008241,0.294387,0.576668
7.7066667,-75.085739,0.007849,0.290776,0.578157,-74.688522,0.008248,0.295051,0.576155
7.7133333,-75.079506,0.007855,0.291458,0.577638,-74.681168,0.008256,0.295715,0.575642
7.7200000,-75.073257,0.007861,0.292140,0.577119,-74.673798,0.008264,0.296377,0.575131
7.7266667,-75.066994,0.007868,0.292821,0.576601,-74.666405,0.008271,0.297038,0.574620
7.7333333,-75.060715,0.007874,0.293500,0.576084,-74.658997,0.008279,0.297699,0.574109
7.7400000,-75.054420,0.007880,0.294179,0.575567,-74.651566,0.008287,0.298359,0.573600
7.7466667,-75.048103,0.007886,0.294857,0.575051,-74.644119,0.008295,0.299017,0.573091
7.7533333,-75.041771,0.007893,0.295534,0.574536,-74.636658,0.008302,0.299675,0.572582
7.7600000,-75.035423,0.007899,0.296209,0.574021,-74.629173,0.008310,0.300331,0.572075
7.7666667,-75.029060,0.007905,0.296884,0.573507,-74.621674,0.008318,0.300987,0.571568
7.7733333,-75.022682,0.007912,0.297558,0.572994,-74.614151,0.008326,0.301642,0.571061
7.7800000,-75.016281,0.007918,0.298231,0.572482,-74.606613,0.008334,0.302296,0.570556
7.7866667,-75.009865,0.007924,0.298903,0.571970,-74.599060,0.008341,0.302948,0.570051
7.7933333,-75.003433,0.007931,0.299574,0.571458,-74.591484,0.008349,0.303600,0.569547
7.8000000,-74.996986,0.007937,0.300245,0.570948,-74.583893,0.008357,0.304251,0.569043
7.8066667,-74.990524,0.007943,0.300914,0.570438,-74.576279,0.008365,0.304901,0.568540
7.8133333,-74.984047,0.007950,0.301582,0.569929,-74.568649,0.008373,0.305550,0.568038
7.8200000,-74.977547,0.007956,0.302249,0.569420,-74.560997,0.008381,0.306198,0.567536
7.8266667,-74.971031,0.007963,0.302916,0.568912,-74.553329,0.008389,0.306846,0.567035
7.8333333,-74.964500,0.007969,0.303581,0.568405,-74.545647,0.008398,0.307492,0.566535
7.8400000,-74.957954,0.007976,0.304246,0.567898,-74.537941,0.008406,0.308137,0.566035
7.8466667,-74.951385,0.007983,0.304909,0.567392,-74.530220,0.008414,0.308781,0.565536
7.8533333,-74.944801,0.007989,0.305572,0.566887,-74.522476,0.008422,0.309425,0.565038
7.8600000,-74.938202,0.007996,0.306233,0.566382,-74.514717,0.008430,0.310067,0.564541
7.8666667,-74.931587,0.008002,0.306894,0.565878,-74.506935,0.008438,0.310708,0.564044
7.8733333,-74.924957,0.008009,0.307554,0.565375,-74.499138,0.008447,0.311349,0.563547
7.8800000,-74.918304,0.008016,0.308213,0.564872,-74.491325,0.008455,0.311988,0.563052
7.8866667,-74.911636,0.008022,0.308871,0.564370,-74.483490,0.008463,0.312627,0.562557
7.8933333,-74.904953,0.008029,0.309528,0.563869,-74.475639,0.008472,0.313265,0.562063
7.9000000,-74.898254,0.008036,0.310184,0.563368,-74.467766,0.008480,0.313901,0.561569
7.9066667,-74.891541,0.008043,0.310839,0.562868,-74.459877,0.008488,0.314537,0.561076
7.9133333,-74.884804,0.008050,0.311493,0.562369,-74.451965,0.008497,0.315172,0.560584
7.9200000,-74.878052,0.008056,0.312146,0.561870,-74.444038,0.008505,0.315806,0.560092
7.9266667,-74.871284,0.008063,0.312798,0.561372,-74.436089,0.008514,0.316439,0.559601
7.9333333,-74.864502,0.008070,0.313450,0.560875,-74.428123,0.008522,0.317071,0.559111
7.9400000,-74.857697,0.008077,0.314100,0.560378,-74.420143,0.008531,0.317702,0.558621
7.9466667,-74.850876,0.008084,0.314750,0.559882,-74.412140,0.008539,0.318332,0.558132
7.9533333,-74.844040,0.008091,0.315398,0.559386,-74.404121,0.008548,0.318961,0.557644
7.9600000,-74.837189,0.008098,0.316046,0.558892,-74.396080,0.008556,0.319590,0.557156
7.9666667,-74.830315,0.008105,0.316692,0.558397,-74.388023,0.008565,0.320217,0.556669
7.9733333,-74.823425,0.008112,0.317338,0.557904,-74.379944,0.008574,0.320843,0.556183
7.9800000,-74.816521,0.008119,0.317983,0.557411,-74.371849,0.008582,0.321469,0.555697
7.9866667,-74.809593,0.008126,0.318627,0.556919,-74.363731,0.008591,0.322094,0.555212
7.9933333,-74.802650,0.008133,0.319270,0.556427,-74.355598,0.008600,0.322717,0.554727
8.0000000,-74.795692,0.008140,0.319912,0.555936,-74.347443,0.008609,0.323340,0.554244
8.0066667,-74.788719,0.008147,0.320553,0.555446,-74.339272,0.008618,0.323962,0.553761
8.0133333,-74.781723,0.008154,0.321193,0.554956,-74.331078,0.008626,0.324582,0.553278
8.0200000,-74.774712,0.008162,0.321833,0.554467,-74.322868,0.008635,0.325202,0.552796
8.0266667,-74.767685,0.008169,0.322471,0.553979,-74.314636,0.008644,0.325821,0.552315
8.0333333,-74.760643,0.008176,0.323108,0.553491,-74.306389,0.008653,0.326439,0.551835
8.0400000,-74.753578,0.008183,0.323745,0.553004,-74.298119,0.008662,0.327057,0.551355
8.0466667,-74.746498,0.008190,0.324381,0.552518,-74.289833,0.008671,0.327673,0.550876
8.0533333,-74.739403,0.008198,0.325015,0.552032,-74.281525,0.008680,0.328288,0.550397
8.0600000,-74.732285,0.008205,0.325649,0.551547,-74.273201,0.008689,0.328903,0.549919
8.0666667,-74.725151,0.008212,0.326282,0.551063,-74.264854,0.008698,0.329516,0.549442
8.0733333,-74.718002,0.008220,0.326914,0.550579,-74.256493,0.008707,0.330128,0.548965
8.0800000,-74.710838,0.008227,0.327545,0.550096,-74.248108,0.008717,0.330740,0.548489
8.0866667,-74.703651,0.008235,0.328175,0.549613,-74.239708,0.008726,0.331351,0.548014
8.0933333,-74.696449,0.008242,0.328804,0.549131,-74.231285,0.008735,0.331961,0.547539
8.1000000,-74.689232,0.008250,0.329433,0.548650,-74.222847,0.008744,0.332569,0.547065
8.1066667,-74.681992,0.008257,0.330060,0.548169,-74.214386,0.008754,0.333177,0.546592
8.1133333,-74.674736,0.008265,0.330686,0.547689,-74.205910,0.008763,0.333784,0.546119
8.1200000,-74.667465,0.008272,0.331312,0.547210,-74.197411,0.008772,0.334390,0.545647
8.1266667,-74.660172,0.008280,0.331937,0.546731,-74.188896,0.008782,0.334996,0.545176
8.1333333,-74.652863,0.008287,0.332560,0.546253,-74.180359,0.008791,0.335600,0.544705
8.1400000,-74.645538,0.008295,0.333183,0.545776,-74.171806,0.008800,0.336203,0.544235
8.1466667,-74.638191,0.008303,0.333805,0.545299,-74.163231,0.008810,0.336806,0.543765
8.1533333,-74.630829,0.008310,0.334426,0.544823,-74.154640,0.008819,0.337407,0.543296
8.1600000,-74.623451,0.008318,0.335046,0.544347,-74.146027,0.008829,0.338008,0.542828
8.1666667,-74.616051,0.008326,0.335665,0.543872,-74.137398,0.008838,0.338608,0.542360
8.1733333,-74.608635,0.008333,0.336284,0.543398,-74.128746,0.008848,0.339207,0.541893
8.1800000,-74.601204,0.008341,0.336901,0.542924,-74.120079,0.008858,0.339804,0.541427
8.1866667,-74.593750,0.008349,0.337518,0.542451,-74.111389,0.008867,0.340401,0.540961
8.1933333,-74.586281,0.008357,0.338133,0.541979,-74.102684,0.008877,0.340998,0.540496
8.2000000,-74.578796,0.008365,0.338748,0.541507,-74.093956,0.008887,0.341593,0.540032
8.2066667,-74.571289,0.008373,0.339362,0.541036,-74.085213,0.008896,0.342187,0.539568
8.2133333,-74.563766,0.008380,0.339975,0.540566,-74.076447,0.008906,0.342780,0.539105
8.2200000,-74.556229,0.008388,0.340587,0.540096,-74.067665,0.008916,0.343373,0.538643
8.2266667,-74.548668,0.008396,0.341198,0.539626,-74.058861,0.008926,0.343964,0.538181
8.2333333,-74.541092,0.008404,0.341808,0.539158,-74.050041,0.008936,0.344555,0.537719
8.2400000,-74.533501,0.008412,0.342417,0.538690,-74.041199,0.008946,0.345145,0.537259
8.2466667,-74.525887,0.008420,0.343026,0.538223,-74.032333,0.008956,0.345734,0.536799
8.2533333,-74.518257,0.008428,0.343633,0.537756,-74.023453,0.008965,0.346322,0.536340
8.2600000,-74.510612,0.008437,0.344240,0.537290,-74.014549,0.008975,0.346909,0.535881
8.2666667,-74.502945,0.008445,0.344845,0.536824,-74.005630,0.008986,0.347495,0.535423
8.2733333,-74.495262,0.008453,0.345450,0.536359,-73.996689,0.008996,0.348080,0.534965
8.2800000,-74.487556,0.008461,0.346054,0.535895,-73.987732,0.009006,0.348665,0.534509
8.2866667,-74.479836,0.008469,0.346657,0.535432,-73.978752,0.009016,0.349248,0.534052
8.2933333,-74.472099,0.008477,0.347259,0.534969,-73.969757,0.009026,0.349831,0.533597
8.3000000,-74.464340,0.008486,0.347861,0.534506,-73.960739,0.009036,0.350413,0.533142
8.3066667,-74.456566,0.008494,0.348461,0.534045,-73.951706,0.009046,0.350993,0.532688
8.3133333,-74.448776,0.008502,0.349061,0.533584,-73.942650,0.009057,0.351573,0.532234
8.3200000,-74.440964,0.008511,0.349659,0.533123,-73.933571,0.009067,0.352152,0.531781
8.3266667,-74.433136,0.008519,0.350257,0.532663,-73.924477,0.009077,0.352730,0.531329
8.3333333,-74.425285,0.008527,0.350854,0.532204,-73.915359,0.009088,0.353308,0.530877
8.3400000,-74.417419,0.008536,0.351450,0.531745,-73.906227,0.009098,0.353884,0.530426
8.3466667,-74.409538,0.008544,0.352045,0.531287,-73.897072,0.009109,0.354460,0.529975
8.3533333,-74.401634,0.008553,0.352639,0.530830,-73.887901,0.009119,0.355034,0.529525
8.3600000,-74.393715,0.008561,0.353232,0.530373,-73.878708,0.009130,0.355608,0.529076
8.3666667,-74.385773,0.008570,0.353825,0.529917,-73.869499,0.009140,0.356181,0.528628
8.3733333,-74.377815,0.008578,0.354416,0.529462,-73.860268,0.009151,0.356753,0.528180
8.3800000,-74.369843,0.008587,0.355007,0.529007,-73.851013,0.009161,0.357324,0.527732
8.3866667,-74.361847,0.008595,0.355597,0.528552,-73.841743,0.009172,0.357894,0.527285
8.3933333,-74.353836,0.008604,0.356185,0.528099,-73.832451,0.009183,0.358463,0.526839
8.4000000,-74.345802,0.008613,0.356773,0.527646,-73.823143,0.009193,0.359031,0.526394
8.4066667,-74.337753,0.008621,0.357361,0.527193,-73.813812,0.009204,0.359599,0.525949
8.4133333,-74.329689,0.008630,0.357947,0.526742,-73.804466,0.009215,0.360166,0.525505
8.4200000,-74.321602,0.008639,0.358532,0.526290,-73.795097,0.009226,0.360731,0.525061
8.4266667,-74.313499,0.008648,0.359117,0.525840,-73.785713,0.009236,0.361296,0.524618
8.4333333,-74.305374,0.008657,0.359700,0.525390,-73.776306,0.009247,0.361860,0.524176
8.4400000,-74.297234,0.008665,0.360283,0.524940,-73.766876,0.009258,0.362423,0.523734
8.4466667,-74.289070,0.008674,0.360865,0.524492,-73.757431,0.009269,0.362985,0.523293
8.4533333,-74.280891,0.008683,0.361446,0.524044,-73.747963,0.009280,0.363547,0.522852
8.4600000,-74.272697,0.008692,0.362026,0.523596,-73.738480,0.009291,0.364107,0.522412
8.4666667,-74.264481,0.008701,0.362605,0.523149,-73.728973,0.009302,0.364667,0.521973
8.4733333,-74.256248,0.008710,0.363184,0.522703,-73.719452,0.009313,0.365226,0.521534
8.4800000,-74.247993,0.008719,0.363761,0.522257,-73.709908,0.009325,0.365784,0.521096
8.4866667,-74.239723,0.008728,0.364338,0.521812,-73.700340,0.009336,0.366340,0.520659
8.4933333,-74.231430,0.008737,0.364914,0.521368,-73.690758,0.009347,0.366897,0.520222
8.5000000,-74.223122,0.008746,0.365489,0.520924,-73.681152,0.009358,0.367452,0.519786
8.5066667,-74.214798,0.008755,0.366063,0.520480,-73.671532,0.009369,0.368006,0.519350
8.5133333,-74.206451,0.008765,0.366636,0.520038,-73.661888,0.009381,0.368560,0.518915
8.5200000,-74.198090,0.008774,0.367208,0.519596,-73.652229,0.009392,0.369112,0.518481
8.5266667,-74.189705,0.008783,0.367780,0.519154,-73.642548,0.009404,0.369664,0.518047
8.5333333,-74.181305,0.008792,0.368350,0.518714,-73.632851,0.009415,0.370215,0.517614
8.5400000,-74.172882,0.008802,0.368920,0.518273,-73.623131,0.009426,0.370765,0.517181
8.5466667,-74.164444,0.008811,0.369489,0.517834,-73.613388,0.009438,0.371314,0.516749
8.5533333,-74.155983,0.008820,0.370057,0.517395,-73.603630,0.009449,0.371863,0.516318
8.5600000,-74.147507,0.008830,0.370624,0.516956,-73.593849,0.009461,0.372410,0.515887
8.5666667,-74.139015,0.008839,0.371191,0.516519,-73.584053,0.009473,0.372957,0.515457
8.5733333,-74.130501,0.008848,0.371756,0.516081,-73.574234,0.009484,0.373502,0.515028
8.5800000,-74.121971,0.008858,0.372321,0.515645,-73.564392,0.009496,0.374047,0.514599
8.5866667,-74.113419,0.008867,0.372884,0.515209,-73.554535,0.009508,0.374591,0.514171
8.5933333,-74.104851,0.008877,0.373447,0.514773,-73.544655,0.009519,0.375134,0.513743
8.6000000,-74.096260,0.008886,0.374009,0.514339,-73.534760,0.009531,0.375677,0.513316
8.6066667,-74.087654,0.008896,0.374570,0.513904,-73.524841,0.009543,0.376218,0.512890
8.6133333,-74.079025,0.008906,0.375131,0.513471,-73.514908,0.009555,0.376758,0.512464
8.6200000,-74.070381,0.008915,0.375690,0.513038,-73.504951,0.009567,0.377298,0.512039
8.6266667,-74.061714,0.008925,0.376249,0.512605,-73.494972,0.009579,0.377837,0.511614
8.6333333,-74.053032,0.008935,0.376806,0.512174,-73.484978,0.009591,0.378375,0.511190
8.6400000,-74.044334,0.008945,0.377363,0.511743,-73.474960,0.009603,0.378912,0.510767
8.6466667,-74.035614,0.008954,0.377919,0.511312,-73.464928,0.009615,0.379448,0.510344
8.6533333,-74.026878,0.008964,0.378475,0.510882,-73.454872,0.009627,0.379984,0.509922
8.6600000,-74.018120,0.008974,0.379029,0.510453,-73.444801,0.009639,0.380518,0.509500
8.6666667,-74.009346,0.008984,0.379582,0.510024,-73.434708,0.009651,0.381052,0.509079
8.6733333,-74.000549,0.008994,0.380135,0.509596,-73.424591,0.009664,0.381585,0.508659
8.6800000,-73.991737,0.009004,0.380687,0.509168,-73.414459,0.009676,0.382117,0.508239
8.6866667,-73.982903,0.009014,0.381238,0.508741,-73.404305,0.009688,0.382648,0.507820
8.6933333,-73.974052,0.009024,0.381788,0.508315,-73.394135,0.009700,0.383179,0.507401
8.7000000,-73.965179,0.009034,0.382337,0.507889,-73.383942,0.009713,0.383708,0.506983
8.7066667,-73.956291,0.009044,0.382886,0.507464,-73.373734,0.009725,0.384237,0.506566
8.7133333,-73.947380,0.009054,0.383433,0.507039,-73.363503,0.009738,0.384764,0.506149
8.7200000,-73.938454,0.009064,0.383980,0.506615,-73.353249,0.009750,0.385291,0.505733
8.7266667,-73.929504,0.009074,0.384526,0.506191,-73.342979,0.009763,0.385817,0.505318
8.7333333,-73.920540,0.009084,0.385071,0.505769,-73.332687,0.009775,0.386343,0.504903
8.7400000,-73.911552,0.009095,0.385615,0.505346,-73.322380,0.009788,0.386867,0.504488
8.7466667,-73.902550,0.009105,0.386158,0.504925,-73.312050,0.009801,0.387391,0.504074
8.7533333,-73.893524,0.009115,0.386701,0.504504,-73.301704,0.009813,0.387913,0.503661
8.7600000,-73.884483,0.009126,0.387243,0.504083,-73.291336,0.009826,0.388435,0.503249
8.7666667,-73.875420,0.009136,0.387784,0.503663,-73.280945,0.009839,0.388956,0.502837
8.7733333,-73.866341,0.009146,0.388324,0.503244,-73.270538,0.009852,0.389476,0.502425
8.7800000,-73.857239,0.009157,0.388863,0.502825,-73.260109,0.009865,0.389996,0.502015
8.7866667,-73.848122,0.009167,0.389401,0.502407,-73.249664,0.009877,0.390514,0.501605
8.7933333,-73.838982,0.009178,0.389939,0.501990,-73.239197,0.009890,0.391032,0.501195
8.8000000,-73.829826,0.009188,0.390475,0.501573,-73.228714,0.009903,0.391549,0.500786
8.8066667,-73.820648,0.009199,0.391011,0.501156,-73.218208,0.009916,0.392065,0.500378
8.8133333,-73.811455,0.009209,0.391546,0.500740,-73.207687,0.009929,0.392580,0.499970
8.8200000,-73.802238,0.009220,0.392080,0.500325,-73.197144,0.009943,0.393094,0.499563
8.8266667,-73.793007,0.009231,0.392614,0.499911,-73.186577,0.009956,0.393608,0.499156
8.8333333,-73.783752,0.009241,0.393146,0.499497,-73.175995,0.009969,0.394120,0.498750
8.8400000,-73.774483,0.009252,0.393678,0.499083,-73.165390,0.009982,0.394632,0.498345
8.8466667,-73.765190,0.009263,0.394209,0.498670,-73.154770,0.009995,0.395143,0.497940
8.8533333,-73.755882,0.009274,0.394739,0.498258,-73.144127,0.010009,0.395653,0.497536
8.8600000,-73.746552,0.009285,0.395268,0.497846,-73.133469,0.010022,0.396163,0.497132
8.8666667,-73.737206,0.009295,0.395796,0.497435,-73.122787,0.010035,0.396671,0.496729
8.8733333,-73.727837,0.009306,0.396324,0.497025,-73.112083,0.010049,0.397179,0.496327
8.8800000,-73.718452,0.009317,0.396851,0.496615,-73.101364,0.010062,0.397686,0.495925
8.8866667,-73.709045,0.009328,0.397376,0.496206,-73.090622,0.010076,0.398192,0.495524
8.8933333,-73.699623,0.009339,0.397902,0.495797,-73.079865,0.010089,0.398697,0.495123
8.9000000,-73.690178,0.009350,0.398426,0.495389,-73.069084,0.010103,0.399201,0.494723
8.9066667,-73.680717,0.009361,0.398949,0.494981,-73.058289,0.010117,0.399705,0.494323
8.9133333,-73.671234,0.009373,0.399472,0.494574,-73.047470,0.010130,0.400208,0.493924
8.9200000,-73.661736,0.009384,0.399994,0.494168,-73.036636,0.010144,0.400709,0.493526
8.9266667,-73.652214,0.009395,0.400515,0.493762,-73.025780,0.010158,0.401210,0.493128
8.9333333,-73.642677,0.009406,0.401035,0.493356,-73.014900,0.010172,0.401711,0.492731
8.9400000,-73.633118,0.009417,0.401554,0.492952,-73.004005,0.010186,0.402210,0.492335
8.9466667,-73.623543,0.009429,0.402072,0.492548,-72.993088,0.010200,0.402709,0.491939
8.9533333,-73.613945,0.009440,0.402590,0.492144,-72.982155,0.010213,0.403207,0.491543
8.9600000,-73.604332,0.009451,0.403107,0.491741,-72.971199,0.010227,0.403703,0.491148
8.9666667,-73.594696,0.009463,0.403623,0.491339,-72.960228,0.010241,0.404200,0.490754
8.9733333,-73.585045,0.009474,0.404138,0.490937,-72.949234,0.010256,0.404695,0.490360
8.9800000,-73.575371,0.009486,0.404653,0.490536,-72.938225,0.010270,0.405189,0.489967
8.9866667,-73.565674,0.009497,0.405166,0.490135,-72.927193,0.010284,0.405683,0.489575
8.9933333,-73.555962,0.009509,0.405679,0.489735,-72.916145,0.010298,0.406176,0.489183
9.0000000,-73.546227,0.009520,0.406191,0.489335,-72.905075,0.010312,0.406668,0.488792
9.0066667,-73.536476,0.009532,0.406702,0.488936,-72.893982,0.010327,0.407159,0.488401
9.0133333,-73.526703,0.009544,0.407213,0.488538,-72.882874,0.010341,0.407650,0.488011
9.0200000,-73.516914,0.009555,0.407722,0.488140,-72.871742,0.010355,0.408139,0.487621
9.0266667,-73.507103,0.009567,0.408231,0.487743,-72.860596,0.010370,0.408628,0.487232
9.0333333,-73.497276,0.009579,0.408739,0.487346,-72.849426,0.010384,0.409116,0.486844
9.0400000,-73.487427,0.009591,0.409246,0.486950,-72.838242,0.010399,0.409603,0.486456
9.0466667,-73.477562,0.009603,0.409752,0.486555,-72.827034,0.010413,0.410090,0.486069
9.0533333,-73.467674,0.009615,0.410258,0.486160,-72.815811,0.010428,0.410575,0.485682
9.0600000,-73.457771,0.009626,0.410762,0.485766,-72.804565,0.010443,0.411060,0.485296
9.0666667,-73.447845,0.009638,0.411266,0.485372,-72.793304,0.010457,0.411544,0.484911
9.0733333,-73.437904,0.009650,0.411769,0.484979,-72.782021,0.010472,0.412027,0.484526
9.0800000,-73.427940,0.009662,0.412272,0.484586,-72.770721,0.010487,0.412509,0.484141
9.0866667,-73.417961,0.009675,0.412773,0.484194,-72.759399,0.010502,0.412991,0.483758
9.0933333,-73.407959,0.009687,0.413274,0.483802,-72.748062,0.010517,0.413472,0.483374
9.1000000,-73.397934,0.009699,0.413774,0.483411,-72.736702,0.010532,0.413952,0.482992
9.1066667,-73.387894,0.009711,0.414273,0.483021,-72.725327,0.010547,0.414431,0.482610
9.1133333,-73.377831,0.009723,0.414771,0.482631,-72.713928,0.010562,0.414909,0.482228
9.1200000,-73.367752,0.009736,0.415269,0.482242,-72.702515,0.010577,0.415386,0.481847
9.1266667,-73.357651,0.009748,0.415765,0.481853,-72.691078,0.010592,0.415863,0.481467
9.1333333,-73.347534,0.009760,0.416261,0.481465,-72.679619,0.010607,0.416339,0.481087
9.1400000,-73.337395,0.009773,0.416756,0.481078,-72.668144,0.010622,0.416814,0.480708
9.1466667,-73.327240,0.009785,0.417250,0.480691,-72.656647,0.010638,0.417289,0.480330
9.1533333,-73.317062,0.009797,0.417744,0.480304,-72.645134,0.010653,0.417762,0.479952
9.1600000,-73.306870,0.009810,0.418237,0.479918,-72.633598,0.010668,0.418235,0.479574
9.1666667,-73.296654,0.009823,0.418728,0.479533,-72.622047,0.010684,0.418707,0.479197
9.1733333,-73.286423,0.009835,0.419220,0.479148,-72.610474,0.010699,0.419178,0.478821
9.1800000,-73.276169,0.009848,0.419710,0.478764,-72.598885,0.010715,0.419648,0.478445
9.1866667,-73.265900,0.009860,0.420199,0.478381,-72.587273,0.010730,0.420118,0.478070
9.1933333,-73.255608,0.009873,0.420688,0.477998,-72.575645,0.010746,0.420586,0.477696
9.2000000,-73.245293,0.009886,0.421176,0.477615,-72.563995,0.010761,0.421054,0.477322
9.2066667,-73.234962,0.009899,0.421663,0.477233,-72.552330,0.010777,0.421521,0.476948
9.2133333,-73.224609,0.009911,0.422149,0.476852,-72.540649,0.010793,0.421988,0.476575
9.2200000,-73.214241,0.009924,0.422635,0.476471,-72.528946,0.010809,0.422453,0.476203
9.2266667,-73.203850,0.009937,0.423120,0.476091,-72.517227,0.010824,0.422918,0.475831
9.2333333,-73.193443,0.009950,0.423604,0.475711,-72.505486,0.010840,0.423382,0.475460
9.2400000,-73.183014,0.009963,0.424087,0.475332,-72.493729,0.010856,0.423845,0.475090
9.2466667,-73.172569,0.009976,0.424569,0.474954,-72.481949,0.010872,0.424308,0.474720
9.2533333,-73.162102,0.009989,0.425051,0.474576,-72.470154,0.010888,0.424769,0.474350
9.2600000,-73.151619,0.010002,0.425532,0.474198,-72.458336,0.010904,0.425230,0.473981
9.2666667,-73.141113,0.010016,0.426012,0.473821,-72.446503,0.010920,0.425690,0.473613
9.2733333,-73.130592,0.010029,0.426491,0.473445,-72.434647,0.010937,0.426149,0.473245
9.2800000,-73.120049,0.010042,0.426969,0.473069,-72.422775,0.010953,0.426608,0.472878
9.2866667,-73.109489,0.010055,0.427447,0.472694,-72.410881,0.010969,0.427066,0.472511
9.2933333,-73.098907,0.010069,0.427924,0.472320,-72.398972,0.010985,0.427522,0.472145
9.3000000,-73.088310,0.010082,0.428400,0.471946,-72.387039,0.011002,0.427979,0.471780
9.3066667,-73.077690,0.010095,0.428875,0.471572,-72.375092,0.011018,0.428434,0.471415
9.3133333,-73.067047,0.010109,0.429350,0.471199,-72.363121,0.011035,0.428888,0.471050
9.3200000,-73.056389,0.010122,0.429824,0.470827,-72.351135,0.011051,0.429342,0.470687
9.3266667,-73.045708,0.010136,0.430297,0.470455,-72.339134,0.011068,0.429795,0.470323
9.3333333,-73.035011,0.010149,0.430769,0.470084,-72.327110,0.011084,0.430247,0.469961
9.3400000,-73.024292,0.010163,0.431240,0.469713,-72.315071,0.011101,0.430699,0.469599
9.3466667,-73.013557,0.010177,0.431711,0.469343,-72.303009,0.011118,0.431149,0.469237
9.3533333,-73.002800,0.010190,0.432181,0.468973,-72.290932,0.011135,0.431599,0.468876
9.3600000,-72.992027,0.010204,0.432650,0.468604,-72.278831,0.011151,0.432048,0.468516
9.3666667,-72.981232,0.010218,0.433118,0.468235,-72.266716,0.011168,0.432497,0.468156
9.3733333,-72.970421,0.010232,0.433586,0.467867,-72.254578,0.011185,0.432944,0.467797
9.3800000,-72.959587,0.010246,0.434052,0.467500,-72.242424,0.011202,0.433391,0.467438
9.3866667,-72.948738,0.010259,0.434518,0.467133,-72.230255,0.011219,0.433837,0.467080
9.3933333,-72.937866,0.010273,0.434984,0.466767,-72.218063,0.011236,0.434282,0.466722
9.4000000,-72.926979,0.010287,0.435448,0.466401,-72.205856,0.011253,0.434727,0.466365
9.4066667,-72.916069,0.010301,0.435912,0.466036,-72.193626,0.011271,0.435170,0.466008
9.4133333,-72.905144,0.010315,0.436375,0.465671,-72.181381,0.011288,0.435613,0.465652
9.4200000,-72.894196,0.010330,0.436837,0.465307,-72.169113,0.011305,0.436055,0.465297
9.4266667,-72.883224,0.010344,0.437298,0.464944,-72.156830,0.011323,0.436497,0.464942
9.4333333,-72.872238,0.010358,0.437759,0.464581,-72.144531,0.011340,0.436937,0.464588
9.4400000,-72.861229,0.010372,0.438219,0.464218,-72.132210,0.011357,0.437377,0.464234
9.4466667,-72.850204,0.010387,0.438678,0.463856,-72.119873,0.011375,0.437816,0.463881
9.4533333,-72.839157,0.010401,0.439136,0.463495,-72.107513,0.011392,0.438255,0.463529
9.4600000,-72.828094,0.010415,0.439593,0.463134,-72.095139,0.011410,0.438692,0.463176
9.4666667,-72.817009,0.010430,0.440050,0.462774,-72.082748,0.011428,0.439129,0.462825
9.4733333,-72.805908,0.010444,0.440506,0.462414,-72.070335,0.011445,0.439565,0.462474
9.4800000,-72.794785,0.010459,0.440961,0.462055,-72.057907,0.011463,0.440000,0.462124
9.4866667,-72.783646,0.010473,0.441416,0.461696,-72.045464,0.011481,0.440435,0.461774
9.4933333,-72.772484,0.010488,0.441870,0.461338,-72.032997,0.011499,0.440868,0.461425
9.5000000,-72.761307,0.010503,0.442323,0.460981,-72.020515,0.011517,0.441301,0.461076
9.5066667,-72.750107,0.010517,0.442775,0.460624,-72.008011,0.011535,0.441733,0.460728
9.5133333,-72.738892,0.010532,0.443226,0.460267,-71.995491,0.011553,0.442165,0.460380
9.5200000,-72.727654,0.010547,0.443677,0.459911,-71.982956,0.011571,0.442595,0.460033
9.5266667,-72.716400,0.010562,0.444127,0.459556,-71.970398,0.011589,0.443025,0.459686
9.5333333,-72.705124,0.010577,0.444576,0.459201,-71.957825,0.011607,0.443455,0.459341
9.5400000,-72.693832,0.010592,0.445024,0.458847,-71.945236,0.011625,0.443883,0.458995
9.5466667,-72.682518,0.010606,0.445472,0.458493,-71.932625,0.011644,0.444311,0.458650
9.5533333,-72.671188,0.010622,0.445919,0.458140,-71.919998,0.011662,0.444737,0.458306
9.5600000,-72.659836,0.010637,0.446365,0.457787,-71.907349,0.011680,0.445164,0.457962
9.5666667,-72.648468,0.010652,0.446810,0.457435,-71.894684,0.011699,0.445589,0.457619
9.5733333,-72.637077,0.010667,0.447255,0.457084,-71.882004,0.011717,0.446013,0.457276
9.5800000,-72.625671,0.010682,0.447699,0.456733,-71.869301,0.011736,0.446437,0.456934
9.5866667,-72.614243,0.010697,0.448142,0.456382,-71.856583,0.011755,0.446860,0.456593
9.5933333,-72.602798,0.010713,0.448584,0.456032,-71.843849,0.011773,0.447283,0.456252
9.6000000,-72.591331,0.010728,0.449026,0.455683,-71.831093,0.011792,0.447704,0.455911
9.6066667,-72.579849,0.010743,0.449467,0.455334,-71.818321,0.011811,0.448125,0.455571
9.6133333,-72.568344,0.010759,0.449907,0.454986,-71.805534,0.011830,0.448545,0.455232
9.6200000,-72.556824,0.010774,0.450346,0.454638,-71.792725,0.011849,0.448965,0.454893
9.6266667,-72.545280,0.010790,0.450785,0.454291,-71.779900,0.011867,0.449383,0.454555
9.6333333,-72.533722,0.010805,0.451223,0.453944,-71.767059,0.011887,0.449801,0.454217
9.6400000,-72.522141,0.010821,0.451660,0.453598,-71.754204,0.011906,0.450218,0.453880
9.6466667,-72.510544,0.010837,0.452096,0.453252,-71.741325,0.011925,0.450635,0.453543
9.6533333,-72.498924,0.010853,0.452532,0.452907,-71.728432,0.011944,0.451050,0.453207
9.6600000,-72.487289,0.010868,0.452966,0.452562,-71.715523,0.011963,0.451465,0.452872
9.6666667,-72.475632,0.010884,0.453400,0.452218,-71.702591,0.011982,0.451879,0.452537
9.6733333,-72.463959,0.010900,0.453834,0.451875,-71.689644,0.012002,0.452292,0.452202
9.6800000,-72.452263,0.010916,0.454266,0.451532,-71.676682,0.012021,0.452705,0.451868
9.6866667,-72.440552,0.010932,0.454698,0.451190,-71.663696,0.012041,0.453117,0.451535
9.6933333,-72.428818,0.010948,0.455129,0.450848,-71.650696,0.012060,0.453528,0.451202
9.7000000,-72.417068,0.010964,0.455560,0.450506,-71.637680,0.012080,0.453938,0.450870
9.7066667,-72.405296,0.010980,0.455989,0.450166,-71.624649,0.012099,0.454348,0.450538
9.7133333,-72.393509,0.010996,0.456418,0.449825,-71.611595,0.012119,0.454757,0.450207
9.7200000,-72.381699,0.011012,0.456847,0.449486,-71.598526,0.012139,0.455165,0.449876
9.7266667,-72.369873,0.011029,0.457274,0.449146,-71.585442,0.012159,0.455573,0.449546
9.7333333,-72.358025,0.011045,0.457701,0.448808,-71.572342,0.012178,0.455979,0.449217
9.7400000,-72.346161,0.011061,0.458127,0.448470,-71.559219,0.012198,0.456385,0.448888
9.7466667,-72.334282,0.011078,0.458552,0.448132,-71.546082,0.012218,0.456791,0.448559
9.7533333,-72.322380,0.011094,0.458976,0.447795,-71.532928,0.012238,0.457195,0.448231
9.7600000,-72.310463,0.011111,0.459400,0.447458,-71.519760,0.012259,0.457599,0.447904
9.7666667,-72.298523,0.011127,0.459823,0.447122,-71.506569,0.012279,0.458002,0.447577
9.7733333,-72.286568,0.011144,0.460245,0.446787,-71.493362,0.012299,0.458404,0.447251
9.7800000,-72.274590,0.011161,0.460667,0.446452,-71.480141,0.012319,0.458806,0.446925
9.7866667,-72.262596,0.011177,0.461088,0.446118,-71.466904,0.012340,0.459206,0.446600
9.7933333,-72.250580,0.011194,0.461508,0.445784,-71.453644,0.012360,0.459607,0.446275
9.8000000,-72.238548,0.011211,0.461927,0.445450,-71.440369,0.012380,0.460006,0.445951
9.8066667,-72.226494,0.011228,0.462345,0.445117,-71.427078,0.012401,0.460405,0.445627
9.8133333,-72.214424,0.011245,0.462763,0.444785,-71.413773,0.012421,0.460802,0.445304
9.8200000,-72.202332,0.011262,0.463180,0.444453,-71.400452,0.012442,0.461200,0.444981
9.8266667,-72.190224,0.011279,0.463597,0.444122,-71.387108,0.012463,0.461596,0.444659
9.8333333,-72.178101,0.011296,0.464013,0.443791,-71.373749,0.012483,0.461992,0.444338
9.8400000,-72.165955,0.011313,0.464427,0.443461,-71.360374,0.012504,0.462387,0.444017
9.8466667,-72.153793,0.011330,0.464842,0.443132,-71.346985,0.012525,0.462781,0.443696
9.8533333,-72.141609,0.011347,0.465255,0.442802,-71.333580,0.012546,0.463175,0.443376
9.8600000,-72.129410,0.011365,0.465668,0.442474,-71.320152,0.012567,0.463567,0.443057
9.8666667,-72.117188,0.011382,0.466080,0.442146,-71.306709,0.012588,0.463959,0.442738
9.8733333,-72.104950,0.011399,0.466491,0.441818,-71.293251,0.012609,0.464351,0.442420
9.8800000,-72.092697,0.011417,0.466902,0.441491,-71.279778,0.012630,0.464741,0.442102
9.8866667,-72.080421,0.011434,0.467312,0.441165,-71.266289,0.012652,0.465131,0.441785
9.8933333,-72.068130,0.011452,0.467721,0.440839,-71.252785,0.012673,0.465520,0.441468
9.9000000,-72.055817,0.011469,0.468129,0.440513,-71.239258,0.012694,0.465909,0.441152
9.9066667,-72.043488,0.011487,0.468537,0.440188,-71.225716,0.012716,0.466297,0.440836
9.9133333,-72.031136,0.011505,0.468944,0.439864,-71.212158,0.012737,0.466684,0.440521
9.9200000,-72.018768,0.011523,0.469350,0.439540,-71.198586,0.012759,0.467070,0.440207
9.9266667,-72.006386,0.011540,0.469755,0.439217,-71.184998,0.012780,0.467456,0.439893
9.9333333,-71.993980,0.011558,0.470160,0.438894,-71.171394,0.012802,0.467840,0.439579
9.9400000,-71.981560,0.011576,0.470564,0.438571,-71.157776,0.012824,0.468225,0.439266
9.9466667,-71.969116,0.011594,0.470968,0.438250,-71.144142,0.012845,0.468608,0.438954
9.9533333,-71.956657,0.011612,0.471370,0.437928,-71.130486,0.012867,0.468991,0.438642
9.9600000,-71.944176,0.011630,0.471772,0.437608,-71.116814,0.012889,0.469373,0.438331
9.9666667,-71.931679,0.011648,0.472173,0.437287,-71.103127,0.012911,0.469754,0.438020
9.9733333,-71.919167,0.011666,0.472574,0.436968,-71.089424,0.012933,0.470135,0.437709
9.9800000,-71.906631,0.011685,0.472974,0.436649,-71.075706,0.012955,0.470514,0.437400
9.9866667,-71.894081,0.011703,0.473373,0.436330,-71.061974,0.012977,0.470894,0.437090
9.9933333,-71.881508,0.011721,0.473771,0.436012,-71.048225,0.013000,0.471272,0.436782
