ground_truth_index,row_in_group,g_leak,g_K,g_Na,stored_spike_count_distance,stored_dtw_distance
0,15,0.0007066629515263288,0.3455720755573271,1.6085201546227617,2,4229.456904327334
0,39,0.000855802144397792,1.278871107353517,3.603674828029373,2,5002.063700326862
0,52,0.000856895904198577,1.2781536110849592,3.6005099949272386,2,4966.532267666392
0,76,0.0007312062319769949,0.49696923432220913,1.874902926445082,2,4255.430701978567
0,89,0.0007322999917777799,0.4962517380536513,1.871738093342948,2,4303.712025757905
0,126,0.0008571577305810002,1.4241859234120007,3.530755015100579,2,5052.844343266298
0,150,0.0007064585468371645,0.39705909681025703,1.6109130944700014,2,4102.895674916909
0,163,0.0007075523066379495,0.3963416005416992,1.6077482613678673,2,4100.608859786756
0,200,0.0007075570902752037,0.4114997291372954,1.6341275573612706,2,4104.503634472255
0,224,0.0007311965002062889,0.5243101719866476,1.8649797092629292,2,4324.941607107396
0,237,0.0007322902600070738,0.5235926757180898,1.861814876160795,2,4336.926536759713
0,261,0.0007311912945062699,0.5230172842395042,1.8614648408633079,2,4281.327569975706
0,274,0.0007322850543070549,0.5222997879709464,1.8583000077611738,2,4342.127396851748
0,298,0.000706505630806918,0.4095566298490293,1.6241464011705482,2,4067.1981753207165
0,311,0.000707599390607703,0.40883913358047147,1.620981568068414,2,4125.316412669363
0,348,0.0007076093385356663,0.37870738219869216,1.6281878940075487,2,4072.306473795022
0,372,0.0008566188999419022,1.365627150056573,3.5695841164258915,2,4993.501220611379
0,385,0.0008577126597426872,1.3649096537880152,3.566419283323757,2,5001.964000876523
0,422,0.0007076329199767167,0.4175664827042708,1.6298567079629043,2,4125.967792986982
0,459,0.0007076476553080891,0.39073164104466307,1.6311916631682473,2,4122.279629994595
0,496,0.0007076541418968414,0.3513474290896011,1.6735661391746817,2,4191.946376768781
0,520,0.000706592251753549,0.4052962394330899,1.6089364798454955,2,4082.8329285884606
0,533,0.000707686011554334,0.4045787431645321,1.6057716467433614,2,4145.927964658393
0,570,0.0007077088421994132,0.3548654043226646,1.6301876241382738,2,4204.323735496921
0,607,0.0007077172344495225,0.3499586113954673,1.6691888587586654,2,4178.916725842649
0,644,0.0007322479680353276,0.43225149531933027,1.9396840275971858,2,4323.569097229453
0,681,0.0007077547084983229,0.348347479614929,1.6212817738735048,2,4226.210606070375
0,705,0.0007066828751001178,0.3986289245335107,1.6141633435537182,2,4110.216291775694
0,718,0.0007077766349009028,0.39791142826495285,1.610998510451584,2,4138.305330377986
0,755,0.0007074915495158455,0.3883519617167382,1.6284964207714219,2,4061.0678200915145
0,779,0.0007066921195759746,0.4135245445478962,1.6255589478096606,2,4119.830083872964
0,792,0.0007077858793767596,0.4128070482793384,1.6223941147075265,2,4079.783224935938
0,829,0.0007074838968624838,0.39110314140440416,1.6275145004277831,2,4115.532001737639
0,866,0.0007074628993273263,0.35504525324279484,1.6015400781825238,2,4247.267574805955
0,903,0.0007072267444650734,0.3534969167468641,1.5974514132663442,2,4246.691869203313
0,927,0.000706168389956028,0.398995427931135,1.6085469041450753,2,4075.246032682144
0,940,0.000707262149756813,0.3982779316625772,1.6053820710429412,2,4133.086915482782
0,964,0.0007061701998622012,0.4013188251892171,1.614204219753572,2,4069.64087845197
0,977,0.0007072639596629862,0.40060132892065925,1.6110393866514379,2,4134.811559343732
0,1001,0.0008539300752974364,1.248023583723971,3.574611167807093,2,4939.818723612389
0,1014,0.0008550238350982214,1.2473060874554132,3.5714463347049588,2,4986.441520287703
0,1038,0.0007061842848363663,0.4027477357921596,1.6072557710531172,2,4104.461479575841
0,1051,0.0007072780446371513,0.4020302395236018,1.6040909379509831,2,4126.288591709081
0,1075,0.0007061845817115923,0.40708117637415153,1.6218376239129944,2,4085.98668217531
0,1088,0.0007072783415123773,0.4063636801055937,1.6186727908108602,2,4121.5190253976325
0,1112,0.0007312700368644221,0.5128098332013877,1.8623369127225005,2,4257.978199633307
0,1125,0.0007323637966652071,0.51209233693283,1.8591720796203663,2,4325.77954028822
0,1162,0.000707314122281248,0.3804487489389574,1.6258470152816544,2,4094.1374117047576
0,1186,0.0007062281224680547,0.40903263623088987,1.6269856500118711,2,4047.283104528771
0,1199,0.0007073218822688397,0.40831513996233204,1.623820816909737,2,4073.1711391595895
0,1236,0.0007323433519186008,0.4316171291594614,1.8752325668269245,2,4385.705790962991
0,1260,0.0007312440736184719,0.5073299414520838,1.8722141651422992,2,4276.440132003988
0,1273,0.0007323378334192569,0.506612445183526,1.869049332040165,2,4280.1790147037
0,1310,0.0007323354958430659,0.5257644546701874,1.841663054929172,2,4393.929417417117
0,1334,0.0007312396717716091,0.5044235810464739,1.8695246219481767,2,4259.544838402942
0,1347,0.0007323334315723941,0.5037060847779161,1.8663597888460426,2,4326.22168360982
0,1384,0.0007073675433953313,0.4035428623508714,1.627714622203413,2,4096.885834729754
0,1408,0.0007312362184324824,0.5221386251658591,1.8691321540596364,2,4243.896828710839
0,1421,0.0007323299782332674,0.5214211288973012,1.8659673209575023,2,4301.181656354019
0,1458,0.0007073835554769861,0.380320250303619,1.6257475420823662,2,4119.91362112977
0,1495,0.000707422357278701,0.38510964034632617,1.6348899182933305,2,4068.204443197728
0,1532,0.0008563149667169141,1.471605995244003,3.4953871904371536,2,5118.199967347177
0,1569,0.0008563574228275808,1.2784541477806797,3.6275811961857896,2,4929.478500569681
0,1606,0.0007074665039634694,0.3446326517513564,1.6740772325269693,2,4189.527060615915
0,1643,0.0007072126541108407,0.3948532365065879,1.633791412312438,2,4089.4994838153384
0,1667,0.0007311388864603206,0.5184214081727339,1.8467130658199153,2,4325.272095505186
0,1680,0.0007322326462611056,0.5177039119041761,1.8435482327177812,2,4338.636122043253
0,1717,0.0007078599597627501,0.355438364939835,1.6096482753527424,2,4231.920823371595
0,1754,0.0008622796063260333,1.3715332874912454,3.690879594674397,2,5003.694182764821
0,1791,0.0007082625793644557,0.40766502745529726,1.637169161745431,2,4101.010181392964
0,1828,0.0007082763760538228,0.35880092570068606,1.6747804406385423,2,4241.570090069726
0,1865,0.0008627665008384359,1.1874971163132346,3.7235209523271156,2,5056.068912613366
0,1889,0.0007072139420451777,0.39288811947678515,1.632413454855069,2,4059.2259115952415
0,1902,0.0007083077018459627,0.3921706232082273,1.629248621752935,2,4122.0423291764655
0,1939,0.0007083226754036046,0.38437065013045507,1.6332592889197415,2,4124.65515681967
0,1963,0.0007072297241477977,0.405983559358964,1.62623275072195,2,4101.740801102019
0,1976,0.0007083234839485827,0.4052660630904062,1.623067917619816,2,4112.049612173048
0,2013,0.0007083594813398471,0.3575477153838634,1.6072554611192242,2,4233.442536434685
0,2050,0.0007321100791450392,0.43752343326354287,1.9408065134614139,2,4304.562379672541
0,2087,0.0007321090724685328,0.5231921384379286,1.8919015236428613,2,4283.5012788490485
0,2124,0.0007084132953242387,0.4123086499316301,1.638733904353575,2,4107.851792772875
0,2161,0.0007084198123950755,0.39858650689238306,1.6386899945733238,2,4093.9580530604812
0,2185,0.0007073422929419427,0.3867658455390494,1.6347876301629825,2,4083.576735739777
0,2198,0.0007084360527427277,0.3860483492704916,1.6316227970608483,2,4107.084579043821
0,2222,0.0007073613662331147,0.3560712585550313,1.6111916045817363,2,4241.580736660256
0,2235,0.0007084551260338997,0.3553537622864735,1.6080267714796022,2,4277.5575505761635
0,2272,0.0008637673266042502,1.513313481552649,3.6255961283146863,2,5155.006599233981
0,2296,0.000707368987209421,0.4124312022429233,1.6373943993040234,2,4058.4821355276686
0,2309,0.000708462747010206,0.41171370597436546,1.6342295662018893,2,4127.646963882181
0,2346,0.0007320885040083246,0.4975786871210014,1.8847513379758285,2,4258.703835364758
0,2370,0.0007074085096917859,0.39818948521156666,1.634904496270758,2,4087.760488919917
0,2383,0.0007085022694925709,0.39747198894300884,1.6317396631686238,2,4099.915390653929
0,2420,0.000863987581278123,1.4822705003179844,3.636554388836357,2,5127.584603482973
0,2444,0.0007071548049595368,0.4162563978821465,1.6255427580601391,2,4091.1207512542887
0,2457,0.0007082485647603218,0.4155389016135887,1.622377924958005,2,4152.069877723498
0,2481,0.0007067092447453211,0.3977860028941991,1.6152296950319653,2,4100.291579775358
0,2494,0.0007078030045461061,0.39706850662564125,1.6120648619298312,2,4161.177756293811
0,2518,0.0007071039925976788,0.3544961389492515,1.6096395325560258,2,4228.925249347767
0,2531,0.0007081977523984638,0.3537786426806937,1.6064746994538917,2,4264.425191251701
0,2555,0.0007070347499147642,0.3545775463798526,1.6086938815332175,2,4229.792841399279
0,2568,0.0007081285097155492,0.3538600501112948,1.6055290484310833,2,4269.742562778695
0,2605,0.0008595444057077887,1.504444305147866,3.5480763099463575,2,5122.470053183763
0,2629,0.0007067929448999028,0.3495314545988748,1.6218700167133966,2,4201.683873446694
0,2642,0.0007078867047006878,0.348813958330317,1.6187051836112625,2,4231.245206650391
0,2666,0.0008587502853601559,1.2839359172021132,3.672254003138492,2,4989.531994611707
0,2679,0.0008598440451609409,1.2832184209335553,3.6690891700363575,2,5005.107142856682
0,2703,0.0007068086278167248,0.41164560070623873,1.6254029453391887,2,4130.714357464054
0,2716,0.0007079023876175098,0.4109281044376809,1.6222381122370546,2,4100.271095522343
0,2753,0.0007322120164824936,0.43038211073821986,1.8859799803740334,2,4384.532539821799
0,2777,0.0007311165624030964,0.5144501733410272,1.852285497087106,2,4318.92330840698
0,2790,0.0007322103222038814,0.5137326770724693,1.849120663984972,2,4324.659457080353
0,2814,0.0007311155435407383,0.49408051134869124,1.874583468054366,2,4272.016415368315
0,2827,0.0007322093033415233,0.4933630150801334,1.871418634952232,2,4307.894277011647
0,2851,0.0007068374690313169,0.4122488193321233,1.6188522637774834,2,4126.226032838185
0,2864,0.0007079312288321019,0.4115313230635655,1.6156874306753493,2,4106.202275221371
0,2901,0.0007079438041525014,0.35357842851220955,1.6245762445079899,2,4219.49000789581
0,2938,0.000707960008826128,0.41469880096187783,1.6083965187399938,2,4132.236952417701
0,2962,0.00073109719948506,0.5127444073381664,1.8724289809379902,2,4249.420319506729
0,2975,0.000732190959285845,0.5120269110696086,1.869264147835856,2,4296.983235187663
0,3012,0.0007080135730525455,0.3467207885045557,1.6832751291683667,2,4176.424739117139
0,3036,0.00070693030157342,0.40168656424409366,1.624585544236774,2,4116.339845475145
0,3049,0.000708024061374205,0.40096906797553583,1.62142071113464,2,4105.5584833796765
0,3073,0.0008598534601126509,1.3188013207533502,3.667964030135724,2,4994.893768008375
0,3086,0.0008609472199134359,1.3180838244847923,3.66479919703359,2,5020.318738780233
0,3110,0.0007069586950064434,0.41531543305973034,1.625399915519526,2,4114.100015162096
0,3123,0.0007080524548072284,0.4145979367911725,1.622235082417392,2,4135.342509774846
0,3147,0.0007310866489348461,0.5116479716328066,1.870931136451711,2,4265.151671473773
0,3160,0.0007321804087356311,0.5109304753642488,1.8677663033495768,2,4275.766533471718
0,3184,0.0007310816045240859,0.5137793113307034,1.887122490329355,2,4239.9650515603
0,3197,0.0007321753643248709,0.5130618150621455,1.883957657227221,2,4262.670107433859
0,3221,0.0007070250207841058,0.40649024325273286,1.621863690248135,2,4106.389072911988
0,3234,0.0007081187805848908,0.40577274698417504,1.6186988571460008,2,4087.3127785443617
0,3258,0.0008603463183175861,1.3091131143339427,3.6983160122552916,2,4946.024913413265
0,3271,0.000861440078118371,1.3083956180653848,3.6951511791531573,2,4968.13962221121
0,3295,0.0007070823244879293,0.40560272927590846,1.633732099071698,2,4082.9991781653666
0,3308,0.0007081760842887143,0.40488523300735063,1.6305672659695638,2,4129.699160476974
0,3345,0.0007320694892420706,0.4372720225067854,1.9390210944020012,2,4298.132143071914
0,3382,0.0007071842694275909,0.35513295196098116,1.6061814785600002,2,4211.54683827296
0,3419,0.0008537982939756651,1.4167444715892306,3.459903443743888,2,5087.489019617562
0,3443,0.0007314654831517112,0.5138883856510623,1.8569622099337117,2,4273.418056588519
0,3456,0.0007325592429524962,0.5131708893825045,1.8537973768315776,2,4358.7111166233235
0,3493,0.0007063022185910745,0.409369690254169,1.5858826218075222,2,4130.35386389379
0,3530,0.0007325545246249775,0.5230419967777638,1.8963744404832956,2,4302.442822268928
0,3567,0.0007063516684405006,0.4019018005138721,1.6219264035255037,2,4038.7030018357714
0,3591,0.000847303708085402,1.3209576465108719,3.3904276571242074,2,4985.041112668876
0,3604,0.000848397467886187,1.320240150242314,3.387262824022073,2,5034.989119283
0,3641,0.0007063730160466818,0.3949101730853285,1.614488147752507,2,4078.3354515006145
0,3678,0.000732547608649552,0.5014481598179845,1.898095959718187,2,4279.961183040716
0,3715,0.0007325427784497896,0.43978365951456727,1.9351383879501958,2,4299.854439183697
0,3739,0.0007053404730692648,0.39721690486573835,1.6104154088187685,2,4032.445817904418
0,3752,0.0007064342328700498,0.3964994085971805,1.6072505757166344,2,4127.907410496951
0,3789,0.0007064393152364764,0.391282698368717,1.619121579325001,2,4060.0423796459872
0,3826,0.0007064531998459167,0.35431151490785745,1.6495935955927494,2,4208.918274589694
0,3850,0.0008480196756427501,1.1636714992107111,3.4857855041848667,2,4938.783764065624
0,3863,0.000849113435443535,1.1629540029421532,3.4826206710827323,2,4933.549276538355
0,3900,0.0008491743479253671,1.3851824524060097,3.374563570899047,2,5074.57588612438
0,3924,0.0007053700829414869,0.3954344749994521,1.617689753133768,2,4110.885186190596
0,3937,0.0007064638427422719,0.3947169787308943,1.6145249200316338,2,4056.863140225661
0,3974,0.0007064656444257641,0.38966243118739713,1.6241688079171273,2,4088.9513042053954
0,3998,0.0007053868034551283,0.40523947759410706,1.59176636958577,2,4114.114311008566
0,4011,0.0007064805632559133,0.40452198132554923,1.588601536483636,2,4155.504302770841
0,4035,0.0007053991785955437,0.4018042062720312,1.6192533062070125,2,4075.5938017350877
0,4048,0.0007064929383963287,0.40108671000347335,1.6160884731048784,2,4062.7851718366815
0,4085,0.0007064949521902341,0.41360940763248244,1.6249035316637022,2,4086.787279521553
0,4122,0.0007065072147753167,0.3525282185327958,1.6123470208477721,2,4223.603590156123
0,4146,0.000731474499945933,0.523855698443566,1.8854995299560455,2,4305.877986958289
0,4159,0.000732568259746718,0.5231382021750082,1.8823346968539114,2,4310.500989308899
0,4196,0.0007065090133916078,0.39248423301980384,1.6252842388334026,2,4093.1174159621723
0,4233,0.0007062616846821234,0.3470971667901285,1.6566536769757056,2,4173.918812787354
0,4270,0.0007062491590713562,0.395789778751256,1.6198440308964432,2,4064.054330222555
0,4294,0.0007315625775275254,0.5245235266288863,1.8780654263295764,2,4277.266896505861
0,4307,0.0007326563373283104,0.5238060303603286,1.8749005932274423,2,4297.085054752539
0,4344,0.0007059990769842878,0.35073072812762185,1.6554382705128532,2,4166.451721375876
0,4368,0.0007315405500946106,0.5051757303155084,1.8911756448303716,2,4245.773489307393
0,4381,0.0007326343098953956,0.5044582340469507,1.8880108117282375,2,4271.780427053004
0,4418,0.0008463241889509565,1.3375855630330977,3.342615546344123,2,5076.5840049602475
0,4442,0.0007049953647203968,0.3960190475029759,1.6017860411091074,2,4047.05028464234
0,4455,0.0007060891245211818,0.39530155123441807,1.5986212080069733,2,4123.823890593405
0,4479,0.0007315203332844457,0.5153452883009968,1.877683155341122,2,4277.247332980168
0,4492,0.0007326140930852306,0.5146277920324389,1.8745183222389878,2,4299.07844305556
0,4516,0.0007050239304201634,0.34577532697090524,1.6027221024594978,2,4180.081100030686
0,4529,0.0007061176902209484,0.3450578307023474,1.5995572693573636,2,4227.862247101994
0,4566,0.0007061537641323,0.38723396286430517,1.6205642592733382,2,4081.842660994985
0,4603,0.0007061562087909835,0.3505186952853786,1.593613243843972,2,4241.500648738459
0,4640,0.0008469353845992685,1.3517289988470182,3.3492648857813223,2,5078.654851308184
0,4677,0.0007061711550844693,0.4027156700095452,1.6224973570068277,2,4078.629133137281
0,4701,0.0008461053685528541,1.2653643468731801,3.391585847313119,2,4957.971545109651
0,4714,0.0008471991283536391,1.2646468506046222,3.3884210142109845,2,4981.633867056728
0,4738,0.000731491659793421,0.48087503171517854,1.8863641366133899,2,4247.068423172412
0,4751,0.000732585419594206,0.4801575354466207,1.8831993035112558,2,4297.888678466039
0,4775,0.0007051241957146726,0.3483688966246705,1.5940500096066041,2,4208.03181490893
0,4788,0.0007062179555154575,0.3476514003561127,1.59088517650447,2,4246.270478562024
0,4812,0.0007051308356088532,0.4016167514720808,1.5871612718682473,2,4109.641643533955
0,4825,0.0007062245954096381,0.400899255203523,1.5839964387661132,2,4137.859027611782
0,4862,0.0007062298857514964,0.34173455325209173,1.6139109704845904,2,4217.66735215172
0,4899,0.0008474709681035869,1.3518053103504872,3.3568539367175045,2,5093.27415762039
0,4936,0.0007062358623114384,0.4086630878531493,1.618370349838539,2,4115.154937055673
0,4973,0.0007325771184473902,0.5244577624750051,1.8998594722395112,2,4316.293877197641
0,5010,0.000732574878382933,0.48089942846022204,1.8983516527757318,2,4240.1780579545
0,5034,0.000706083256285826,0.40988282161185857,1.6233147688498522,2,4127.71164519127
0,5047,0.000707177016086611,0.40916532534330075,1.620149935747718,2,4082.1526592315154
0,5084,0.0007325121579822789,0.47973464089950213,1.8941933756244478,2,4244.44001724025
0,5108,0.0007054376871523911,0.3930760610462349,1.6113529500683494,2,4064.6233051195604
0,5121,0.0007065314469531761,0.39235856477767705,1.6081881169662153,2,4140.00717823206
0,5145,0.0007058232479638035,0.39521493639339045,1.6189018510218884,2,4072.5301778665016
0,5158,0.0007069170077645885,0.3944974401248326,1.6157370179197543,2,4112.858942146078
0,5182,0.0007058241000571087,0.389271739818336,1.620719588929869,2,4044.1053848942065
0,5195,0.0007069178598578937,0.3885542435497782,1.6175547558277348,2,4135.93018219577
0,5219,0.0007058290060855384,0.4056360243842347,1.59843617260486,2,4147.698374553171
0,5232,0.0007069227658863233,0.40491852811567686,1.5952713395027258,2,4128.417230233088
0,5269,0.0007069375941110992,0.40355342468690014,1.6334500341996083,2,4047.0127216931646
0,5306,0.0007069673759210899,0.4063163868288901,1.6231007388402932,2,4096.862235568052
0,5343,0.0007324124153869407,0.5226713001308686,1.8942592328705306,2,4294.093884520432
0,5380,0.0007069932959990604,0.3409182390528935,1.6202589812165942,2,4214.230545970739
0,5404,0.0007059056783966295,0.41274365457039297,1.6172576867556854,2,4061.6537475272753
0,5417,0.0007069994381974145,0.41202615830183514,1.6140928536535513,2,4185.072011448059
0,5441,0.0007059229045738873,0.40969973282724714,1.591375726097777,2,4114.930718294688
0,5454,0.0007070166643746722,0.4089822365586893,1.5882108929956429,2,4170.946829632098
0,5491,0.000707020747075973,0.4135983014286464,1.6200851409449823,2,4097.304138209705
0,5515,0.0007059666430567652,0.34783281057526005,1.6095500543411336,2,4222.287473433659
0,5528,0.0007070604028575502,0.3471153143067022,1.6063852212389995,2,4224.540326786276
0,5552,0.0007312981196657082,0.4863297105412997,1.8832333913416435,2,4240.0147547929555
0,5565,0.0007323918794664932,0.48561221427274187,1.8800685582395094,2,4317.712120429889
0,5602,0.0007070736460565368,0.3952040554970717,1.632861987446501,2,4103.923353905094
0,5626,0.0007060050840665897,0.34924529419329664,1.6140669234166487,2,4198.4177644657175
0,5639,0.0007070988438673747,0.3485277979247388,1.6109020903145146,2,4217.8139436304045
0,5676,0.000707101217086932,0.35315476098976206,1.6176580804426832,2,4200.436851574564
0,5713,0.0007071429188140534,0.4121481715709393,1.6022422856994343,2,4092.0487556617068
0,5750,0.0008535971867433765,1.2407172521418073,3.58773053583947,2,4929.404842953545
0,5774,0.0008526047840002424,1.1976061518972294,3.5590102060125712,2,4924.225840704793
0,5787,0.0008536985438010274,1.1968886556286715,3.555845372910437,2,4941.294217584454
0,5811,0.0007312912623786327,0.5178247358331247,1.8483885793932302,2,4333.25057420022
0,5824,0.0007323850221794177,0.5171072395645668,1.845223746291096,2,4363.097652528002
0,5848,0.0007313478396693352,0.5216984641280129,1.8670000509002778,2,4291.858664875542
0,5861,0.0007324415994701202,0.520980967859455,1.8638352177981437,2,4336.259723555773
0,5898,0.000732504258837034,0.5249817605642574,1.8903749690602432,2,4266.331255217054
0,5935,0.0007324434825761434,0.5292294038795025,1.864011140701951,2,4353.18907948149
0,5959,0.0008505677171888105,1.2930746287197044,3.482012871038627,2,4979.729458983943
0,5972,0.0008516614769895955,1.2923571324511465,3.4788480379364928,2,5017.38983972085
0,5996,0.0007054489227802398,0.398982746902973,1.6057636444254968,2,4052.8657956684615
0,6009,0.0007065426825810248,0.39826525063441515,1.6025988113233627,2,4114.810740717307
0,6033,0.0007054604694107042,0.4095814206739511,1.6079083139855077,2,4095.0114780719055
0,6046,0.0007065542292114892,0.40886392440539326,1.6047434808833736,2,4147.382773722797
0,6083,0.0007065894178985408,0.4109399599436567,1.6206821179681172,2,4127.319735025792
0,6107,0.0007055037272205352,0.38189434764619595,1.6139717170752585,2,4036.8730463567945
0,6120,0.0007065974870213202,0.3811768513776381,1.6108068839731244,2,4107.279417790282
0,6144,0.000705504387495131,0.3980344114953592,1.6022969955610284,2,4073.5114202736536
0,6157,0.0007065981472959159,0.39731691522680135,1.5991321624588943,2,4156.90639008862
0,6194,0.0007066262388707777,0.3806508258848862,1.6239292547970208,2,4045.25180138504
0,6231,0.0007324851615300904,0.44135989678774695,1.8837654275127746,2,4397.815073946508
0,6268,0.0007066427157012648,0.346484417530985,1.6177333750150942,2,4211.0146051592665
0,6292,0.0007055522858242291,0.39640924946082096,1.6088730692101516,2,4101.657641337846
0,6305,0.0007066460456250141,0.39569175319226313,1.6057082361080175,2,4087.180275635686
0,6329,0.0007055711115347567,0.4078226137101814,1.618793962418952,2,4114.784134808695
0,6342,0.0007066648713355417,0.4071051174416236,1.615629129316818,2,4071.250271785642
0,6379,0.0007324750198154649,0.4766713324125214,1.8903423052524368,2,4318.37579150948
0,6416,0.0007324716422065145,0.5293878611226714,1.8579613130757868,2,4340.161043663525
0,6453,0.0007067068369592994,0.35134949383041886,1.5895639156484476,2,4263.312319486747
0,6477,0.0007313693633238335,0.5113294517704261,1.8729225182947187,2,4262.051190951896
0,6490,0.0007324631231246185,0.5106119555018682,1.8697576851925846,2,4332.895339924947
0,6527,0.000706759625718344,0.41145562983022504,1.5852565022215508,2,4190.892239965348
0,6564,0.000706777631916227,0.34766153080826334,1.6653239857738054,2,4191.215153255637
0,6588,0.0007313668085512061,0.5190217807133872,1.8687053040249981,2,4288.6466990563
0,6601,0.0007324605683519911,0.5183042844448295,1.865540470922864,2,4297.640130923331
0,6638,0.0007068176395006897,0.35453150280178053,1.6611610202689824,2,4183.809789247777
0,6675,0.000706855533433076,0.4114932018671178,1.5852340996067145,2,4179.026007636925
0,6712,0.0007324445135870673,0.470030650145547,1.892174360272311,2,4309.058073779715
0,6749,0.0007059559914432338,0.391232695982988,1.6209289233369688,2,4097.997941546838
0,6773,0.0007309728186908323,0.4923300056184164,1.8716189103815526,2,4252.3090354157
0,6786,0.0007320665784916173,0.49161250934985856,1.8684540772794185,2,4332.913475910025
0,6823,0.000864609899730947,1.4838309669103078,3.6563861941464575,2,5079.4931196259795
0,6847,0.0007089518242455083,0.4254451737056351,1.65343270091642,2,4118.464507782009
0,6860,0.0007100455840462933,0.4247276774370773,1.650267867814286,2,4136.893524101567
0,6897,0.0007100597964112622,0.4053101257317702,1.65152527159893,2,4148.884281540207
0,6934,0.000710062513817672,0.41182251489558347,1.6650528883213558,2,4129.18734071514
0,6971,0.0007100810277995635,0.38591398664618004,1.656982181382081,2,4122.398542490234
0,7008,0.0007100932984325404,0.4232723738984052,1.663575511025394,2,4107.2303866956245
0,7045,0.0008758664467755138,1.3567953661012688,3.960477252440289,2,5041.2448144324035
0,7082,0.000731715880440608,0.5090533868945849,1.8891497613346617,2,4278.498569910892
0,7119,0.0007101220175191272,0.41005628104777503,1.657044068000901,2,4073.7219132889777
0,7156,0.0007101394766391566,0.3872001794388717,1.6603286257062655,2,4070.6080542397963
0,7180,0.0007090680340972809,0.40639884740752313,1.6505399380762906,2,4086.7991397653204
0,7193,0.0007101617938980658,0.4056813511389653,1.6473751049741565,2,4162.487979330721
0,7230,0.00071017927746805,0.399619410453612,1.654722873792953,2,4147.677753432717
0,7267,0.00073170307305867,0.4200266181471895,1.868229494682041,2,4431.202237323108
0,7304,0.0007101913070920433,0.35893502151735,1.6464888265757602,2,4257.355671879667
0,7341,0.0007317029609219789,0.5134362015598831,1.892319240539937,2,4284.573877202755
0,7365,0.0007091162790395518,0.4178461689387439,1.642982563352367,2,4109.97957697032
0,7378,0.0007102100388403367,0.41712867267018605,1.6398177302502328,2,4155.863410972897
0,7415,0.0007316975995905787,0.478538541347239,1.8875332726820155,2,4242.878365771052
0,7439,0.0007091350144996541,0.4205446572967509,1.6442036823655521,2,4148.1657085249535
0,7452,0.0007102287743004391,0.41982716102819306,1.641038849263418,2,4128.562800208897
0,7476,0.0007091351837150455,0.4013728608441602,1.6511215265787824,2,4099.51430940688
0,7489,0.0007102289435158305,0.40065536457560236,1.6479566934766483,2,4157.563441025148
0,7526,0.000710277700090063,0.39082531607075677,1.6604289885617765,2,4106.2090411768595
0,7563,0.0007100159043781328,0.4230265042855014,1.6262331168626831,2,4108.732944488243
0,7600,0.0007102941490878323,0.4214295908702382,1.658004211082525,2,4137.034886582098
0,7624,0.0007089123713074743,0.4219761533998678,1.6212532472625372,2,4136.908967236139
0,7637,0.0007100061311082592,0.42125865713131,1.618088414160403,2,4181.944802251717
0,7661,0.0007306565493247852,0.5103691786940592,1.8668236732625012,2,4251.214752759259
0,7674,0.0007317503091255702,0.5096516824255014,1.863658840160367,2,4289.054063225931
0,7698,0.0007307207922825714,0.49013111488095024,1.8754055734686976,2,4232.066202767528
0,7711,0.0007318145520833564,0.4894136186123924,1.8722407403665635,2,4297.742377217227
0,7748,0.0007097826505701797,0.36039910059605945,1.6374972414671822,2,4235.376568795226
0,7785,0.0007318019546329054,0.431822409930128,1.868157006286573,2,4414.714771628607
0,7809,0.0008729909006793776,1.4938777347325924,3.8487517159816154,2,5066.663092679234
0,7822,0.0008740846604801625,1.4931602384640346,3.845586882879481,2,5073.387875188883
0,7846,0.0007307056275152862,0.5096417873727317,1.8703907360193295,2,4257.9859686058335
0,7859,0.0007317993873160711,0.5089242911041739,1.8672259029171954,2,4267.059385361858
0,7883,0.0007307008290868843,0.5081785579236513,1.8567586596433765,2,4274.535252531477
0,7896,0.0007317945888876692,0.5074610616550934,1.8535938265412424,2,4340.70367484475
0,7933,0.0007317937152610011,0.5143343330258106,1.8918306993574459,2,4272.427335769483
0,7957,0.0007087897182931027,0.42304146133987597,1.6373879909312457,2,4099.887564523329
0,7970,0.0007098834780938876,0.42232396507131814,1.6342231578291115,2,4122.159907350194
0,8007,0.0007098846456117628,0.40225037610530856,1.6546502919266266,2,4082.119993451146
0,8031,0.0007088026148453911,0.407420709067274,1.6323768305698783,2,4128.491002633101
0,8044,0.0007098963746461761,0.4067032127987162,1.6292119974677441,2,4167.267884680626
0,8068,0.0007306856587149855,0.49990650776389395,1.873935557467601,2,4215.7963699658285
0,8081,0.0007317794185157704,0.4991890114953361,1.870770724365467,2,4274.030398662181
0,8118,0.0007317776804366927,0.49792086395265117,1.8796249990022158,2,4280.166983009394
0,8142,0.0007088093169755199,0.42123904072532875,1.6493514364317452,2,4118.679436640042
0,8155,0.0007099030767763048,0.4205215444567709,1.646186603329611,2,4153.925323002893
0,8192,0.0007099371817715571,0.3952544875380419,1.6566335372114622,2,4129.8475543193135
0,8229,0.0007099387939210911,0.41677176143952904,1.663857031967939,2,4061.342363805335
0,8253,0.0007306765192483396,0.5200828412812011,1.8556834636939614,2,4313.7748955712905
0,8266,0.0007317702790491246,0.5193653450126433,1.8525186305918273,2,4350.625525748308
0,8303,0.0007099455260354769,0.3582371931583333,1.695870989947302,2,4211.088315640843
0,8340,0.0007317650222926771,0.48336054120686117,1.8803213306171982,2,4272.401755303314
0,8377,0.0007099558396259057,0.40682847720954896,1.6575565022471679,2,4111.968102908971
0,8414,0.0007099738341204654,0.3494486014752109,1.6506743343889951,2,4260.384543250442
0,8451,0.0007097648831927195,0.41041671368556876,1.6580815809425746,2,4105.8153761406475
0,8475,0.000709209252216772,0.40782350832882286,1.6428778990228419,2,4126.6190212094625
0,8488,0.000710303012017557,0.40710601206026503,1.6397130659207078,2,4141.6794829923
0,8525,0.0007103319788378424,0.35849963964353776,1.6494314770412863,2,4261.825888497656
0,8562,0.0007107280211532262,0.42199610412297345,1.6626827218000426,2,4135.9589532202845
0,8599,0.0007107474911502516,0.428782808340989,1.6431301338868,2,4123.783212919927
0,8636,0.0008801741518890923,1.6430443244600843,3.9399923483193087,2,5149.377912149117
0,8673,0.0007107929019469966,0.36630510967403856,1.7033874347026534,2,4181.061617801579
0,8710,0.0008803335802759455,1.500037112985963,4.026377216973951,2,5102.868383297317
0,8747,0.000880366586925806,1.7336233510566188,3.8855357579221623,2,5189.084121059831
0,8784,0.000710810342493341,0.40153377357710324,1.659814596646054,2,4109.999043726884
0,8821,0.0007108187469011858,0.424945538180353,1.6726887376761181,2,4125.07102950676
0,8845,0.0007097305244866171,0.41777832394163544,1.640841981317373,2,4131.599055132228
0,8858,0.0007108242842874021,0.4170608276730776,1.6376771482152388,2,4181.328415508473
0,8882,0.0007304797881972125,0.5061964442762703,1.8740915128253557,2,4254.642050194959
0,8895,0.0007315735479979975,0.5054789480077125,1.8709266797232216,2,4303.907440201773
0,8919,0.0007304736955362936,0.5173319863719885,1.848053566127154,2,4298.286642058575
0,8932,0.0007315674553370786,0.5166144901034307,1.8448887330250199,2,4294.0054928123445
0,8969,0.0007108999170334066,0.3961510045837108,1.6698798312443426,2,4082.0277519860474
0,9006,0.0007109165640441766,0.3974033744469843,1.6681381055381916,2,4132.820177280184
0,9030,0.0007098241308683591,0.4140470713460039,1.6571983316690728,2,4063.8983761150403
0,9043,0.000710917890669144,0.41332957507744605,1.6540334985669387,2,4135.04847298523
0,9080,0.000710927085924634,0.42772477186642505,1.6640274489698053,2,4167.226161664697
0,9117,0.0007109271627354635,0.36573648297850686,1.6420622005005727,2,4244.580421163562
0,9154,0.000881149639420484,1.572838131178235,3.997728619814708,2,5128.191800549342
0,9191,0.0007109504281934187,0.3922439953291124,1.668551081092651,2,4121.89007875396
0,9228,0.0008812548230368245,1.6777433281806924,3.943859939480824,2,5168.976451280122
0,9252,0.0007095976304324843,0.4146961811265824,1.6548143026735411,2,4085.1115044483504
0,9265,0.0007106913902332693,0.4139786848580246,1.651649469571407,2,4155.125006895678
0,9289,0.000730584221611927,0.5001754446349975,1.8547191557769955,2,4263.193965739446
0,9302,0.000731677981412712,0.4994579483664397,1.8515543226748614,2,4322.384557781592
0,9326,0.0007095602782111868,0.42597855344221575,1.651746209848358,2,4099.828433818708
0,9339,0.0007106540380119717,0.4252610571736579,1.6485813767462238,2,4172.871218037792
0,9376,0.0007105942609330489,0.42629209594688566,1.6654446364544813,2,4136.859419501177
0,9400,0.0007305829529991244,0.504145018748092,1.867482182404142,2,4256.901199462359
0,9413,0.0007316767127999094,0.5034275224795343,1.864317349302008,2,4259.989833516051
0,9437,0.0008762980305566234,1.461416598086244,3.9689342807139667,2,5040.888076905945
0,9450,0.0008773917903574084,1.460699101817686,3.9657694476118324,2,5098.706761998361
0,9474,0.0007092796094404856,0.35573024367901424,1.6423021132270306,2,4245.041312268709
0,9487,0.0007103733692412706,0.3550127474104564,1.6391372801248965,2,4270.854512574552
0,9524,0.0007103916052118281,0.4139352384372386,1.6626646709970674,2,4127.548755928666
0,9561,0.0007103947138894074,0.4051307247434609,1.6549016154543015,2,4108.847735645856
0,9598,0.0007103987252680234,0.3642117687743598,1.6930098697139278,2,4216.1005197929935
0,9635,0.0007316663749390909,0.48535773468686705,1.889125705715969,2,4199.5862723664495
0,9672,0.000710410739869765,0.4277402573205254,1.647936659523971,2,4125.518250803042
0,9696,0.0007093465146434273,0.40816333339824723,1.6554933898258097,2,4091.8860162217857
0,9709,0.0007104402744442123,0.4074458371296894,1.6523285567236756,2,4133.1351902457645
0,9746,0.0007104753145648461,0.3560241296511419,1.6575884352625454,2,4263.041842525503
0,9770,0.0007305474776933347,0.42675373687071744,1.867102942835659,2,4360.117139275933
0,9783,0.0007316412374941196,0.4260362406021596,1.8639381097335248,2,4418.716478495536
0,9820,0.0008785674272345748,1.4902452171235943,3.975250779181447,2,5108.1277394474255
0,9857,0.0007105284874707553,0.3625765854575794,1.637002752981107,2,4243.574697713737
0,9894,0.0007316343449287762,0.5171115256909521,1.8885931142841008,2,4298.175656225337
0,9918,0.0007094481665092505,0.4136218071582698,1.6514788241124796,2,4066.704946410685
0,9931,0.0007105419263100355,0.41290431088971197,1.6483139910103455,2,4177.580194950961
0,9955,0.0007305395492872883,0.5083469300713104,1.847120010517486,2,4318.599044456714
0,9968,0.0007316333090880733,0.5076294338027526,1.843955177415352,2,4322.682416480486
0,9992,0.0007094633339288444,0.403872643821682,1.6568996454242473,2,4090.500612349965
0,10005,0.0007105570937296294,0.40315514755312415,1.6537348123221132,2,4091.18649032098
0,10029,0.0007094775398091309,0.4103189982075891,1.6448826843880457,2,4123.792217776847
0,10042,0.0007105712996099159,0.4096015019390313,1.6417178512859116,2,4132.620434034633
0,10066,0.0007305321206451202,0.504083984572252,1.8568565344016315,2,4254.54433741051
0,10079,0.0007316258804459052,0.5033664883036941,1.8536917012994973,2,4337.265443498846
0,10116,0.0007106413867207628,0.36364017896036793,1.65256413998248,2,4232.7941660441065
0,10140,0.0007074815404357275,0.41391059366532473,1.6194561933714045,2,4174.9718364986575
0,10153,0.0007085753002365124,0.4131930973967669,1.6162913602692703,2,4102.882097384058
0,10177,0.0007086548133543459,0.4211583468189237,1.6351946105076967,2,4114.0220193866435
0,10190,0.0007097485731551308,0.4204408505503659,1.6320297774055625,2,4182.237866532481
0,10227,0.0008733643167876933,1.425842446475541,3.911639054045576,2,5042.563345769771
0,10251,0.0007078773474397704,0.41067258060244766,1.640588716924708,2,4107.404294153781
0,10264,0.0007089711072405554,0.40995508433388983,1.6374238838225739,2,4087.392849039718
0,10301,0.000708981283657798,0.4138790558687377,1.6480467720197978,2,4131.314439924512
0,10325,0.0007308863773781708,0.5142657228467868,1.8455359977877797,2,4328.619750845017
0,10338,0.0007319801371789558,0.513548226578229,1.8423711646856455,2,4332.925717520615
0,10375,0.00070899536283637,0.3532722484887419,1.6363567245565305,2,4239.98048220637
0,10412,0.0008678612528716952,1.4481748584191212,3.75581205371201,2,5097.247066523263
0,10436,0.000707944701806162,0.41674471335748764,1.638072504801952,2,4149.05187824404
0,10449,0.0007090384616069469,0.4160272170889298,1.6349076716998179,2,4120.81330203157
0,10486,0.0007090553116368681,0.41919930880785344,1.6479458181971613,2,4083.684407920668
0,10510,0.0007079699578272489,0.41520755303757323,1.629944338431659,2,4143.806253265966
0,10523,0.0007090637176280338,0.4144900567690154,1.6267795053295249,2,4110.207508227754
0,10560,0.0008681915098873175,1.4226044557954247,3.7895363481608437,2,5030.641670676729
0,10597,0.0007319570382390464,0.4363766182193913,1.860335579100273,2,4453.6320781185905
0,10634,0.0007319547709793433,0.4395466968548994,1.9402316267920783,2,4323.366153583296
0,10671,0.0007090940856726423,0.4134680269453905,1.6447727898768156,2,4137.834326292623
0,10708,0.0007091359714350843,0.3591812344361253,1.6837056117006453,2,4198.58504849507
0,10745,0.00070913760914172,0.3588592106643882,1.6406900859263167,2,4218.373766728769
0,10782,0.0007091521863645504,0.4216356594636729,1.656906182007072,2,4128.355345078161
0,10819,0.0007091666193145002,0.35415496111827244,1.6334079006303392,2,4237.548579991601
0,10843,0.0007080898429506037,0.4087711446651487,1.636623693127583,2,4088.859941983211
0,10856,0.0007091836027513887,0.40805364839659086,1.633458860025449,2,4134.752958233022
0,10893,0.0008689750981054035,1.3534460524887053,3.846047325321305,2,4977.705533162386
0,10917,0.000708129677452102,0.41841229777825134,1.6147456073627424,2,4090.9285608720297
0,10930,0.0007092234372528869,0.4176948015096935,1.6115807742606083,2,4196.844446012927
0,10967,0.0007089407106089713,0.40789504401644333,1.6449876739145635,2,4144.3679579007385
0,11004,0.0007092320175872036,0.406247636982571,1.6473859655644625,2,4078.5954929157615
0,11028,0.0007078126664820037,0.4103871717963485,1.6387465209147827,2,4099.320533541002
0,11041,0.0007089064262827887,0.40966967552779066,1.6355816878126486,2,4090.297534737686
0,11078,0.0007088943789685984,0.356385375344837,1.635836986628575,2,4200.70738439244
0,11102,0.0007075189378585138,0.40919792291382656,1.6269310314883534,2,4102.368621748559
0,11115,0.0007086126976592988,0.40848042664526873,1.6237661983862193,2,4105.9567932097025
0,11139,0.0007309624951147083,0.4883409101651458,1.8742099797482883,2,4283.079721714481
0,11152,0.0007320562549154933,0.487623413896588,1.8710451466461542,2,4296.74964601956
0,11176,0.0007075434747146398,0.3560832467519567,1.616463958380206,2,4222.964451508943
0,11189,0.0007086372345154248,0.35536575048339886,1.613299125278072,2,4274.022090484499
0,11213,0.0007309576749800428,0.5169474460261054,1.8749849515363615,2,4246.971670514291
0,11226,0.0007320514347808278,0.5162299497575475,1.8718201184342274,2,4274.696044419543
0,11250,0.000730947935212167,0.5137149691328702,1.8667549234780652,2,4306.172657298049
0,11263,0.0007320416950129519,0.5129974728643123,1.863590090375931,2,4299.759700877679
0,11300,0.0007087167598362531,0.4224228777514615,1.6513714109188586,2,4115.949644016669
0,11337,0.000708727008537993,0.40867348972442946,1.6479611765336384,2,4119.037248226253
0,11374,0.000708732649285696,0.4202547797036795,1.6300655389467409,2,4069.41668905489
0,11411,0.0007087340903082724,0.3531687219689984,1.6299888170524799,2,4251.522790474642
0,11435,0.0007309416315020086,0.5167151232575593,1.8618187670015274,2,4289.5986253026185
0,11448,0.0007320353913027936,0.5159976269890014,1.8586539338993933,2,4331.838096488187
0,11485,0.0007087493809368305,0.3970234116053178,1.637958231121053,2,4072.9201473956705
0,11522,0.0007087681804979154,0.41847058863055364,1.6453311657124678,2,4090.555849547571
0,11559,0.0007087816221481311,0.35483295316168667,1.6861639981485173,2,4195.267304396108
0,11583,0.000707747237058332,0.4115046908978525,1.6339741177275873,2,4087.9385569826313
0,11596,0.0007088409968591169,0.4107871946292947,1.6308092846254532,2,4089.3091569067583
0,11633,0.0007320124366609157,0.4233187874148198,1.879104985050089,2,4392.873582361904
0,11670,0.0008667613971463127,1.3488754830288527,3.7992565579730173,2,4989.746582923665
0,11707,0.0007088871902626538,0.40191497838781676,1.6411526924877573,2,4111.734296584297
0,11731,0.0007078003223831099,0.40568340987060353,1.6270610149957991,2,4086.4091897910916
0,11744,0.0007088940821838948,0.4049659136020457,1.623896181893665,2,4163.1631730697545
0,11781,0.0008669264666997244,1.4138417930990097,3.76561955192087,2,5038.187441494536
0,11805,0.0007078085161729256,0.40344802288789616,1.6239034562536059,2,4131.226494169127
0,11818,0.0007089022759737105,0.40273052661933834,1.6207386231514718,2,4138.707518980666
0,11855,0.000731827912693756,0.43390988596890756,1.875175507392752,2,4407.91978587557
0,11892,0.0007092346047372247,0.42299873397543714,1.6368380283520259,2,4086.8067191782093
0,11916,0.0007308206245333115,0.5120614524526053,1.8838053213623385,2,4243.826999722396
0,11929,0.0007319143843340965,0.5113439561840475,1.8806404882602044,2,4251.1662303427065
0,11966,0.0007095074152580815,0.41356998472771017,1.6504196466474848,2,4083.402144243777
0,11990,0.0007084162631381521,0.41004532881478756,1.6253210340068056,2,4118.9643981170375
0,12003,0.0007095100229389371,0.40932783254622973,1.6221562009046715,2,4189.130953463759
0,12040,0.0007318630003114447,0.4861751650069522,1.8868605045780555,2,4232.114223730615
0,12064,0.0007084434060186734,0.35460688996209944,1.6355755889916146,2,4226.364261402959
0,12077,0.0007095371658194584,0.3538893936935416,1.6324107558894805,2,4255.110539999099
0,12114,0.0008717047413898319,1.4642129221824949,3.8294149564193356,2,5037.4170317692915
0,12138,0.0007084513641297524,0.40018431427719475,1.6366596549113017,2,4121.735633855926
0,12151,0.0007095451239305374,0.3994668180086369,1.6334948218091676,2,4106.793142298049
0,12188,0.0007318607059346071,0.5030270921059816,1.8849022039372425,2,4290.769761545261
0,12225,0.0007095485953530012,0.41202611968797614,1.6538516778030787,2,4112.576385554359
0,12262,0.0007095574915802606,0.35805315401838367,1.689183890075458,2,4187.241643902154
0,12286,0.000708465101536354,0.41794553389131484,1.6392725994912254,2,4153.438705118144
0,12299,0.000709558861337139,0.417228037622757,1.6361077663890913,2,4129.917188091963
0,12336,0.0007095834567952516,0.3574239766181558,1.6943718982533127,2,4197.994997615922
0,12360,0.0007085022164449817,0.4038952450592244,1.646847640501248,2,4068.5569188753243
0,12373,0.0007095959762457667,0.4031777487906666,1.6436828073991139,2,4140.549991888643
0,12410,0.0007096223475006076,0.4112704253941351,1.648095321580785,2,4115.525867854571
0,12447,0.0007318439095901646,0.43164041555218235,1.8750428374299302,2,4395.726560088628
0,12484,0.0007096377468025498,0.34942864429296533,1.6993880402464507,2,4178.181356096544
0,12508,0.0007085630569108975,0.42060480325753086,1.6303587461293578,2,4102.593808341495
0,12521,0.0007096568167116825,0.41988730698897303,1.6271939130272237,2,4197.220495500706
0,12558,0.0007096636063537912,0.42757861142671943,1.6524182511123022,2,4110.51211060139
0,12595,0.0008729387841173313,1.4353739707127589,3.8891414547087995,2,5038.14606033731
0,12632,0.0007096785283205837,0.35559091135516774,1.6899748707967082,2,4187.014193119253
0,12656,0.0007084078799401654,0.41421387124724296,1.6454457091341748,2,4101.207196722184
0,12669,0.0007095016397409504,0.41349637497868513,1.6422808760320406,2,4107.851227224993
0,12706,0.0007319269181088824,0.5137445665202738,1.884609886067188,2,4264.344590303117
0,12743,0.0007318767311806373,0.4816743707513867,1.8797778176203983,2,4257.67174416133
0,12780,0.0007094523114863515,0.42412624785302877,1.6598955573442131,2,4122.343873478756
0,12804,0.0007081972244367182,0.3965373528266177,1.636292521607081,2,4078.96791699842
0,12817,0.0007092909842375031,0.39581985655805985,1.6331276885049468,2,4190.94210612851
0,12841,0.000708208799411847,0.4065624557101371,1.627247879205508,2,4084.0044641929608
0,12854,0.000709302559212632,0.4058449594415793,1.624083046103374,2,4177.735805148873
0,12878,0.0007082100702446555,0.4102900333077734,1.6214048458053227,2,4115.384289763627
0,12891,0.0007093038300454405,0.4095725370392156,1.6182400127031886,2,4167.796991720707
0,12928,0.0008700470607432717,1.5582944522769855,3.744094428774956,2,5123.035440258081
0,12965,0.0007093066195021003,0.3616379643759039,1.6211668804750397,2,4264.943794529262
0,12989,0.000708218083196871,0.35858999654997753,1.6237522590388556,2,4223.463567646292
0,13002,0.000709311842997656,0.3578725002814197,1.6205874259367214,2,4281.381371995897
0,13026,0.0007308092267995712,0.49595467051058245,1.8819561672234473,2,4231.8602218403785
0,13039,0.0007319029866003562,0.4952371742420246,1.8787913341213132,2,4264.307237979569
0,13076,0.0008700910903291345,1.4167848551177464,3.8395328603901517,2,5023.702990924436
0,13113,0.0007093217321094766,0.4219342749280883,1.6173545562498812,2,4169.417830149714
0,13137,0.0007082385600960524,0.4183750993021386,1.6449661444909622,2,4146.810256665819
0,13150,0.0007093323198968373,0.4176576030335808,1.6418013113888281,2,4156.282163098911
0,13187,0.0007318979024880355,0.43166289090642596,1.9411037586145654,2,4303.529239998567
0,13224,0.0007093457769078948,0.4054111790265865,1.6569892666489427,2,4124.791087099448
0,13261,0.0007093488326534988,0.4176531269846428,1.6580562066897795,2,4112.929946320809
0,13298,0.0007093492850637317,0.35556271699342296,1.6851451107249176,2,4204.167307589122
0,13335,0.0007093769072740668,0.3476884420441878,1.6427939397232556,2,4254.229023617904
0,13372,0.0007093950600824422,0.39130557849158193,1.644498564923678,2,4151.665062230221
0,13396,0.0007083332633667728,0.41078795715073363,1.624245605326221,2,4112.597916943691
0,13409,0.0007094270231675578,0.4100704608821758,1.621080772224087,2,4142.456479152789
0,13446,0.0007094371271648342,0.34726191460265227,1.6469150672290604,2,4256.994897236336
0,13483,0.0008708612046019559,1.5112138882136419,3.795269259881688,2,5084.547444705584
0,13520,0.0007318768234801896,0.43892359716221846,1.8627766588301928,2,4411.2059514528355
0,13557,0.0007315535553048897,0.4756230225706668,1.8838573148205116,2,4252.824665673342
0,13594,0.0007059414409489252,0.41025462136839697,1.6149586203296946,2,4130.108470878021
0,13618,0.0007315689281642125,0.5227640683937527,1.8665015145736317,2,4315.5641481664625
0,13631,0.0007326626879649975,0.5220465721251948,1.8633366814714976,2,4329.4263484582825
0,13668,0.000733452631021224,0.43097968679103166,1.8930810624017784,2,4428.7349198598695
0,13705,0.0007020047458421786,0.32959672224935427,1.5696260920411982,2,4214.676091987848
0,13742,0.0007020072972124363,0.3697876769165283,1.5806397925534792,2,4040.1263849882284
0,13779,0.0007334437363648479,0.47563655994560466,1.9065790990668787,2,4220.177924024899
0,13816,0.0007020454788941641,0.36922983640329077,1.5746993735029144,2,4052.5684409205974
0,13840,0.0007009676155544025,0.38336057570056326,1.5563686823392988,2,4078.0398912157125
0,13853,0.0007020613753551875,0.38264307943200543,1.5532038492371647,2,4074.2076543908124
0,13890,0.0007020638626096659,0.3385131463726578,1.573772275479652,2,4170.475876070267
0,13927,0.0007020741913023215,0.337854070978638,1.5413288765189455,2,4231.583019981677
0,13964,0.0007334324452199644,0.42490087566884366,1.9702166724819816,2,4353.940326832482
0,13988,0.0007009904184783699,0.3860018032187408,1.5483572500175022,2,4061.842389331922
0,14001,0.0007020841782791548,0.38528430695018295,1.5451924169153681,2,4153.058849108384
0,14025,0.0007010051716103278,0.3366898748748992,1.5544817679336922,2,4169.458905746876
0,14038,0.0007020989314111128,0.3359723786063414,1.551316934831558,2,4194.49877447547
0,14062,0.0007010280282259178,0.3911282967397953,1.5651051730899352,2,4061.9210384852836
0,14075,0.0007021217880267028,0.3904108004712375,1.5619403399878011,2,4045.117530257066
0,14112,0.0007021565446311676,0.392911348836564,1.581170497848371,2,4056.8673264283634
0,14149,0.0007021723608110574,0.3789231418355714,1.5767793541252215,2,4055.068518287795
0,14186,0.0008154472270185627,1.0078664985341927,2.944238741001126,2,4805.904984695028
0,14223,0.0007334175536649793,0.44173506523963274,1.898800770737528,2,4361.852583980862
0,14260,0.0008157977663979725,1.083951348685692,2.868071971875439,2,4962.2231785624035
0,14284,0.0007011160234313749,0.3672673437259309,1.5714902035024763,2,4028.0882516569545
0,14297,0.0007022097832321599,0.36654984745737307,1.5683253704003421,2,4085.564363447474
0,14334,0.0007334169459263137,0.49179284258479233,1.9066961993920513,2,4255.311972207131
0,14371,0.0007019717141683061,0.3912463169130223,1.575325420298646,2,4076.9622803632637
0,14408,0.0007022645732313016,0.3953218153889687,1.582764703644737,2,4099.615111801496
0,14445,0.0007019682991959038,0.3372892692223336,1.60534737855359,2,4143.443983563249
0,14482,0.0007334545042993697,0.5295734243007616,1.8991825330983452,2,4265.1530505917035
0,14506,0.0007005596940058101,0.39121081488818416,1.5614468466870273,2,4085.9797114295934
0,14519,0.0007016534538065951,0.39049331861962633,1.5582820135848932,2,4108.437108422295
0,14556,0.0007016641162437034,0.3912894568387276,1.5355653049596243,2,4144.317135969555
0,14580,0.0007006114605014002,0.3875754667019763,1.5535062378472893,2,4089.2446540215606
0,14593,0.0007017052203021852,0.38685797043341846,1.5503414047451551,2,4061.7886409248345
0,14617,0.0007006179400244924,0.3767364918283761,1.5679078810640483,2,4016.2718320488675
0,14630,0.0007017116998252774,0.37601899555981827,1.5647430479619142,2,4075.0158037560564
0,14654,0.0008102756899220193,0.9181221524455889,2.8792163159542836,2,4777.202887057401
0,14667,0.0008113694497228043,0.917404656177031,2.8760514828521493,2,4774.852446633134
0,14691,0.0007324073689996686,0.5053157709689828,1.8830012313767568,2,4273.262273950509
0,14704,0.0007335011288004536,0.504598274700425,1.8798363982746227,2,4362.131765763323
0,14741,0.0007017289425115129,0.3719746310141263,1.5666771743393864,2,4056.581773853278
0,14778,0.0008122890342956622,0.8893889009835447,2.9138867390246186,2,4723.535120711956
0,14802,0.0007006879136909626,0.3766954061306966,1.569884173924352,2,4017.4592985792965
0,14815,0.0007017816734917476,0.37597790986213875,1.566719340822218,2,4079.043906125808
0,14852,0.0008124508372635219,1.0218474559772028,2.8587619558509187,2,4760.087603346767
0,14889,0.0007018075751456959,0.3289818381466844,1.562082299130294,2,4216.445047283858
0,14926,0.0007018174551552174,0.39439410928404156,1.564781743288611,2,4038.0699626893565
0,14950,0.0007007238377604267,0.38555980508526755,1.5647023673268332,2,4022.242675621835
0,14963,0.0007018175975612116,0.3848423088167097,1.561537534224699,2,4099.9867383379205
0,15000,0.0007018406272329316,0.37066993365880496,1.5667246352106274,2,4086.1614018859664
0,15037,0.0007334779507155436,0.517612628890933,1.9051692630765988,2,4304.510279678062
0,15061,0.0008117993042915003,0.9575091584877995,2.891419543660544,2,4798.409632893274
0,15074,0.0008128930640922853,0.9567916622192416,2.8882547105584098,2,4823.601805252214
0,15098,0.0008125925150566702,1.0178265746093673,2.876667568944495,2,4791.799970417857
0,15111,0.0008136862748574551,1.0171090783408094,2.8735027358423606,2,4814.387495738824
0,15148,0.0007334589096381821,0.5017034061250872,1.9039607453903251,2,4257.142276723786
0,15185,0.0007019488443652379,0.3952371478654035,1.5611784177707435,2,4066.28922274028
0,15222,0.0007019612154509308,0.33751027975222975,1.5677573997960745,2,4196.723735346594
0,15259,0.0008105192133513768,0.9907639442485505,2.85896180083151,2,4716.459568148083
0,15296,0.0007334111181763811,0.5134384829851736,1.90817543917255,2,4281.106634607217
0,15333,0.0007022889946732924,0.39677204571568686,1.5855596947957777,2,4066.022411510555
0,15370,0.0007026688713295782,0.33276922403873027,1.5728266904372976,2,4219.481733724159
0,15394,0.0007015790763850728,0.3383911504578467,1.5648890758081127,2,4159.94496142014
0,15407,0.0007026728361858577,0.33767365418928885,1.5617242427059785,2,4193.332090559468
0,15431,0.0008188498467508741,1.052683107206119,2.9686756249601545,2,4830.9300658015945
0,15444,0.0008199436065516591,1.051965610937561,2.96551079185802,2,4832.755158209026
0,15468,0.0007016424972233303,0.3939968712056788,1.5621906763491313,2,4072.3317244495915
0,15481,0.0007027362570241152,0.39327937493712095,1.5590258432469972,2,4097.179290356492
0,15505,0.0007322343063899731,0.5244922641697163,1.8600892688515536,2,4345.764471063248
0,15518,0.0007333280661907581,0.5237747679011584,1.8569244357494195,2,4348.724724195423
0,15555,0.0007333202245040338,0.4994033812517376,1.903724847453584,2,4267.242116446233
0,15592,0.0007028051684094655,0.3953788912862536,1.553713627082188,2,4134.977490936188
0,15629,0.0007028081051624861,0.39358565244621496,1.586748912272723,2,4055.965249585352
0,15653,0.0007322189939395465,0.5278487766553774,1.8541705748234847,2,4360.771237982691
0,15666,0.0007333127537403315,0.5271312803868196,1.8510057417213506,2,4375.1337627493685
0,15703,0.0007028299136123272,0.3366193231962129,1.5763406585364093,2,4162.293017330936
0,15727,0.0007322154762727448,0.49587941721225537,1.895223171566568,2,4239.840085529059
0,15740,0.0007333092360735298,0.49516192094369754,1.8920583384644338,2,4293.288112336203
0,15777,0.0007028612818991065,0.38012946589865837,1.5787553672368757,2,4083.6814497158066
0,15801,0.000732207574251663,0.5047831417343323,1.888542187061975,2,4293.14322887933
0,15814,0.0007333013340524479,0.5040656454657744,1.8853773539598409,2,4329.105042250549
0,15838,0.0007322072950178583,0.5190854589853096,1.8808841996026753,2,4307.402101984512
0,15851,0.0007333010548186432,0.5183679627167517,1.8777193665005412,2,4310.201976610531
0,15888,0.0007029086012931157,0.4004686005295917,1.5839386204177062,2,4093.8058738934583
0,15912,0.0007018411140626541,0.38071874716540755,1.576068172599204,2,4046.974306170077
0,15925,0.0007029348738634391,0.3800012508968497,1.57290333949707,2,4091.3270929398823
0,15949,0.0007018444415729688,0.3808833569451936,1.5695146643196334,2,4071.7803173745583
0,15962,0.0007029382013737538,0.38016586067663577,1.5663498312174993,2,4072.0459997278367
0,15999,0.0007029396786510252,0.33402804216637777,1.5820112550799836,2,4180.61778225838
0,16036,0.0007332806375835141,0.5312114188936259,1.8537299582590558,2,4370.938484357747
0,16060,0.0007015518381289808,0.3931502443279467,1.5798440302950885,2,4064.1420260241916
0,16073,0.0007026455979297658,0.3924327480593889,1.5766791971929544,2,4033.9968672842065
0,16110,0.00070227937630763,0.33931199963208186,1.5638178728814904,2,4203.825807323795
0,16147,0.0007026309514867266,0.3712527149387765,1.5781927976536898,2,4024.7988324679245
0,16171,0.0007015038843992898,0.3828740254187375,1.5587739576803454,2,4063.703174962835
0,16184,0.0007025976442000748,0.38215652915017967,1.5556091245782113,2,4112.590313438639
0,16208,0.0007012309193267447,0.3824864018476976,1.5699706983554735,2,4056.4557889994758
0,16221,0.0007023246791275297,0.3817689055791398,1.5668058652533394,2,4076.682967000985
0,16245,0.0007013075069163833,0.384282228842385,1.559765583191478,2,4077.5609922508347
0,16258,0.0007024012667171683,0.38356473257382717,1.556600750089344,2,4076.4567813087965
0,16295,0.0007024046267327308,0.38642378997267574,1.5824993331880617,2,4045.138992045874
0,16319,0.0007013239245494472,0.3332522545550712,1.5647843036431848,2,4186.9556821996775
0,16332,0.0007024176843502322,0.33253475828651335,1.5616194705410507,2,4198.018174593896
0,16369,0.0007024211076086347,0.3951381412991987,1.5885793008331452,2,4054.017894895401
0,16406,0.0007333930723711334,0.5306863152560912,1.8916346424768575,2,4301.696690347117
0,16443,0.0007333923699942188,0.5318451343068438,1.897864652398379,2,4330.603276902062
0,16480,0.0007024286920543112,0.33804970374141236,1.61211349582984,2,4152.812797513434
0,16517,0.0007333814493491821,0.5293672408836951,1.8874423229383832,2,4309.754749004666
0,16554,0.0007024898299821818,0.38571042310447434,1.5787154038955118,2,4091.4132244059947
0,16578,0.0007014034502825959,0.3910348722299489,1.5663077230025122,2,4060.1100224898687
0,16591,0.0007024972100833809,0.3903173759613911,1.563142889900378,2,4057.222988856539
0,16628,0.000702498143993902,0.3931799576746843,1.5502986359705895,2,4089.2801117278586
0,16665,0.0008184193767896493,1.0017177640529116,3.001705392442418,2,4775.596628656996
0,16702,0.0007025113911919648,0.3907466644940295,1.5816543332508146,2,4063.151968107661
0,16739,0.0007025496585519435,0.3651463764536192,1.5807347343569613,2,4061.1969714705724
0,16763,0.000732276946606611,0.5011302123415369,1.897143109563035,2,4283.792397679402
0,16776,0.000733370706407396,0.500412716072979,1.8939782764609008,2,4290.261310318526
0,16813,0.0007333696120664867,0.5331822080903182,1.885420300701408,2,4260.507981086262
0,16837,0.0007014808635826124,0.3806848695849079,1.5640810550779645,2,4079.4201570890605
0,16850,0.0007025746233833974,0.37996737331635005,1.5609162219758304,2,4053.8402553969195
0,16887,0.0007333643516588826,0.47571345297886003,1.9031076725307408,2,4257.200524937686
0,16924,0.0008196410331384471,1.0687304840503713,2.9682443214651824,2,4784.831759934614
0,16948,0.0007018745127208134,0.391477767964056,1.5837666885148853,2,4040.7821881932773
0,16961,0.0007029682725215984,0.39076027169549815,1.5806018554127512,2,4046.1138989823744
0,16998,0.0007015979851569329,0.39067914484170924,1.552379741628128,2,4083.2934802615746
0,17022,0.0007004205031001392,0.38016398694854664,1.5572038050169268,2,4065.9920936619724
0,17035,0.0007015142629009242,0.3794464906799888,1.5540389719147927,2,4084.4098746495056
0,17072,0.0007006820933349488,0.3694524488951954,1.567115609514407,2,4037.9728566270846
0,17109,0.0007006880131184367,0.33565077476151345,1.5909490016883086,2,4144.585095104603
0,17133,0.00069960520731647,0.38208279765532405,1.5435786549596109,2,4011.712001153659
0,17146,0.000700698967117255,0.3813653013867662,1.5404138218574768,2,4099.245579780516
0,17170,0.0007326198964955935,0.5241344284021145,1.8739118070835572,2,4302.9937962205695
0,17183,0.0007337136562963784,0.5234169321335568,1.870746973981423,2,4370.4128022992145
0,17207,0.000699615387992182,0.3719476756178927,1.550520694153959,2,4023.946815002335
0,17220,0.000700709147792967,0.3712301793493349,1.547355861051825,2,4097.120144272591
0,17257,0.0007337076916439046,0.4853287385018855,1.9037262111014428,2,4262.3605843877085
0,17294,0.0007007890002290598,0.3555781950820496,1.5612588685846702,2,4075.6696933420303
0,17331,0.0007008131736552643,0.3321925182760073,1.5580021966635578,2,4177.315478376846
0,17368,0.0007008463364612594,0.3822442851222029,1.5637916438436898,2,4074.2166436124976
0,17392,0.000802057539543406,0.8685202188786492,2.7602552137221106,2,4720.772899250287
0,17405,0.0008031512993441909,0.8678027226100913,2.7570903806199762,2,4704.945345025072
0,17429,0.0006997682708000182,0.3696850026746766,1.5522760539735279,2,4064.1439049207343
0,17442,0.0007008620306008032,0.36896750640611875,1.5491112208713937,2,4021.807032978138
0,17466,0.0007325813014728553,0.5307276221614647,1.8776660132680898,2,4308.87651966458
0,17479,0.0007336750612736403,0.530010125892907,1.8745011801659557,2,4357.430815882486
0,17503,0.000732579270929219,0.5248400263332627,1.8924065810113035,2,4250.984765070255
0,17516,0.0007336730307300039,0.5241225300647048,1.8892417479091694,2,4325.413310312993
0,17540,0.0007325729042967775,0.44055681007440267,1.8853681881280346,2,4407.41628080581
0,17553,0.0007336666640975624,0.43983931380584484,1.8822033550259005,2,4430.357658675056
0,17577,0.0006998069276532103,0.37929091496056083,1.5622015429798555,2,4031.7796171848872
0,17590,0.0007009006874539953,0.378573418692003,1.5590367098777214,2,4059.653755405632
0,17627,0.0007009049905024023,0.336339622519653,1.5591600368806557,2,4159.578996501785
0,17664,0.0007009251567082473,0.3871871532109882,1.53213601621453,2,4093.5926550653526
0,17701,0.0007009280946905152,0.3873961687517421,1.5394844422737202,2,4094.0821962938358
0,17725,0.0007325634066135351,0.5240495555918157,1.894823373901692,2,4273.097396299299
0,17738,0.0007336571664143201,0.5233320593232578,1.8916585407995579,2,4320.6983886949865
0,17775,0.0007337157997900647,0.4312452731174651,1.8925105139557794,2,4421.034915163919
0,17799,0.0006998545265521735,0.38160467389501457,1.5565628082594514,2,4055.0388948205323
0,17812,0.0007009482863529584,0.38088717762645674,1.5533979751573173,2,4062.355518839983
0,17836,0.0006995199325918127,0.38579630140963356,1.5425932351354168,2,4075.4642852579327
0,17849,0.0007006136923925977,0.38507880514107573,1.5394284020332827,2,4074.692884081198
0,17873,0.0006995057812961136,0.3828986930750491,1.5505235526364198,2,4067.183076426201
0,17886,0.0007005995410968986,0.38218119680649126,1.5473587195342857,2,4054.757245440148
0,17923,0.0007002478335065681,0.3749071977623343,1.5592540834269943,2,4007.5476748669794
0,17947,0.0006991626835021778,0.37728091412923087,1.5497204721551663,2,4043.100177625613
0,17960,0.0007002564433029628,0.37656341786067304,1.5465556390530322,2,4053.480534848376
0,17984,0.0006992084288709255,0.370118862699698,1.54454588550666,2,4034.415598446432
0,17997,0.0007003021886717105,0.3694013664311402,1.541381052404526,2,4086.37032238581
0,18034,0.0007003079971309213,0.3866468501100693,1.5539989163062127,2,4088.3927246193393
0,18058,0.000732690054372914,0.529902985086451,1.876901830875325,2,4258.610179347049
0,18071,0.000733783814173699,0.5291854888178931,1.8737369977731908,2,4352.97729441964
0,18095,0.0007326850448063442,0.5219888104391295,1.8861670729644744,2,4312.2858138553565
0,18108,0.0007337788046071292,0.5212713141705716,1.8830022398623403,2,4331.179165206401
0,18145,0.00070038088717069,0.3861179162303433,1.5636128647759309,2,4033.30997611956
0,18182,0.0007003979987453362,0.36725908387159717,1.558716752782282,2,4044.716295444169
0,18206,0.0007979525709559188,0.8741961181941367,2.684474697101126,2,4657.369832343638
0,18219,0.0007990463307567038,0.873478621925579,2.6813098639989916,2,4756.255438285976
0,18243,0.0007981523138744205,0.8689615802989608,2.714948114222279,2,4717.989343612865
0,18256,0.0007992460736752055,0.8682440840304031,2.7117832811201446,2,4687.558131569925
0,18293,0.000733758003461803,0.5311504686309937,1.8897240396705974,2,4310.391200337805
0,18330,0.0007004646838471076,0.37888805634683353,1.5657222186721333,2,4073.2821018325362
0,18367,0.000700481904372136,0.3335623488849487,1.5887467547213265,2,4109.471927083334
0,18391,0.0007326553797751815,0.5139372954848105,1.8744845809895194,2,4300.69266094516
0,18404,0.0007337491395759665,0.5132197992162526,1.8713197478873853,2,4345.503684179926
0,18441,0.000700507047841451,0.3358625629558811,1.5911170722945238,2,4065.5940110085476
0,18465,0.000699417108604083,0.38350785339651267,1.5497034889252046,2,4080.3337548706713
0,18478,0.000700510868404868,0.38279035712795484,1.5465386558230705,2,4052.5175304474396
0,18515,0.0008004098065793085,0.9022370432535305,2.7339511595614923,2,4642.402814422148
0,18539,0.0007326403744558826,0.5142748949438998,1.8735021980481574,2,4304.655270256847
0,18552,0.0007337341342566676,0.513557398675342,1.8703373649460233,2,4336.182523695637
0,18576,0.0006994813612962539,0.3792869838327548,1.5459514803684813,2,4053.5703323736457
0,18589,0.0007005751210970389,0.37856948756419695,1.5427866472663472,2,4062.505454599827
0,18626,0.0008006467008454143,0.921820383674695,2.7097982096315385,2,4766.8152746346295
0,18663,0.0007015224993982764,0.3911777905398238,1.5597250616301452,2,4105.432340598091
0,18687,0.0006998707031938722,0.38533555658748403,1.5590473548669164,2,4042.68203287585
0,18700,0.0007009644629946571,0.3846180603189262,1.5558825217647823,2,4070.6456080365597
0,18724,0.0006998926092193429,0.3719057288555752,1.5490274534604807,2,4031.367936580254
0,18737,0.0007009863690201278,0.3711882325870174,1.5458626203583465,2,4081.04492007619
0,18774,0.0007335756959175255,0.5223642329277939,1.9047449208041742,2,4291.862784175794
0,18811,0.0007335751182325358,0.5054118028676372,1.9015119973597125,2,4305.654446160936
0,18848,0.0007335736443944388,0.5286387678901041,1.8995289500403445,2,4279.959915884882
0,18885,0.0007335733840455888,0.5350561571298873,1.8944478094059107,2,4328.230237906174
0,18922,0.0007013136072729906,0.3882121094866589,1.5338542100835504,2,4113.984845410671
0,18959,0.00070132914401212,0.39295348443801326,1.561043827339049,2,4084.3069226981333
0,18996,0.0007013292897540695,0.337273090891191,1.5665570401502023,2,4154.018675383747
0,19033,0.0007013352600907857,0.37849674081230594,1.5738711359092796,2,4039.5274923276115
0,19070,0.0007335622555284861,0.5332867845157089,1.8708083737045074,2,4341.253609769652
0,19107,0.0007013659697236004,0.3364386063468461,1.5514861442794499,2,4190.495852305726
0,19131,0.0008079983093111556,0.96466938154977,2.8303418590023544,2,4770.704862752341
0,19144,0.0008090920691119405,0.9639518852812123,2.82717702590022,2,4781.127214604514
0,19168,0.0007003432204867107,0.38674934244325515,1.5552449201509886,2,4068.2017224686138
0,19181,0.0007014369802874957,0.3860318461746973,1.5520800870488545,2,4054.5156439798543
0,19205,0.0007003535556541463,0.37457613838325415,1.5558280690510817,2,4022.107846716619
0,19218,0.0007014473154549313,0.3738586421146963,1.5526632359489476,2,4111.534787071424
0,19255,0.0007014537417147808,0.3703227830201033,1.5657608237477092,2,4037.502343623109
0,19292,0.0007014572137620563,0.36928546176048455,1.573817285560001,2,4005.5631866412773
0,19329,0.0007014758694571029,0.36233872319978505,1.5668868946688104,2,4048.3142508388305
0,19366,0.0007014791594725802,0.38192728188345304,1.5682181808897648,2,4064.248423338203
0,19403,0.0007335423072572783,0.44148752318108664,1.897174795615467,2,4408.5127635672
0,19440,0.0007015087786227887,0.36730373831946656,1.570059505372109,2,4054.8407905558433
0,19464,0.0007001975441110644,0.3831467090241693,1.5568618433435344,2,4036.808034772161
0,19477,0.0007012913039118494,0.3824292127556115,1.5536970102414003,2,4095.511238287465
0,19501,0.0008043535131923638,0.9049823229186702,2.8096946601692943,2,4726.230243829394
0,19514,0.0008054472729931487,0.9042648266501123,2.80652982706716,2,4719.725108987168
0,19551,0.0007335788002769773,0.529018307051919,1.9141358815806118,2,4315.025980118672
0,19575,0.0007001598520099044,0.33390489575930277,1.5463005439133448,2,4167.599344827992
0,19588,0.0007012536118106893,0.33318739949074494,1.5431357108112107,2,4197.974538646248
0,19612,0.0006998970729349617,0.3875265513179323,1.5473945846030752,2,4058.377959701396
0,19625,0.0007009908327357466,0.38680905504937446,1.544229751500941,2,4076.9489091922906
0,19649,0.0008045794468936914,0.8823329243629117,2.8007881843642486,2,4704.911194147041
0,19662,0.0008056732066944763,0.8816154280943538,2.7976233512621143,2,4740.2654771098705
0,19699,0.0007010254440402906,0.33366075666561673,1.5424134925236574,2,4193.836379422333
0,19736,0.0007010282755817135,0.38774099550725344,1.5380959861569181,2,4070.7845831604477
0,19760,0.0006999425858101192,0.38630034054915346,1.5471177176276245,2,4037.9098416357465
0,19773,0.0007010363456109042,0.38558284428059564,1.5439528845254904,2,4094.6991883230985
0,19797,0.0006999435555762936,0.37761606378759455,1.55328669582666,2,4045.308707025008
0,19810,0.0007010373153770786,0.3768985675190367,1.550121862724526,2,4097.597688718865
0,19847,0.0007010395501230067,0.36959187413708894,1.5720024796302596,2,4067.8114068345026
0,19884,0.0007010530844447464,0.3874955007054858,1.5320037886160514,2,4133.95217486811
0,19921,0.0007010620376738386,0.33302755747910584,1.5384113273438855,2,4201.200495439922
0,19958,0.0007010751468341237,0.33341901091990167,1.5989722765297352,2,4117.306186887062
0,19995,0.000701117180520874,0.3334844523461416,1.6042528953539608,2,4109.601256514681
0,20032,0.0007011246582378073,0.3883173902208918,1.543213086769606,2,4078.723997112932
0,20069,0.0007336096281754462,0.446243099531688,1.8792546960655985,2,4431.860351707726
0,20093,0.0008061430994443456,0.8702690924952814,2.842986662841014,2,4710.121457265059
0,20106,0.0008072368592451306,0.8695515962267237,2.8398218297388795,2,4757.251007413044
0,20130,0.0008062460617687079,0.8978793571428199,2.831081548954533,2,4690.698454554146
0,20143,0.0008073398215694929,0.8971618608742622,2.827916715852399,2,4748.377303801269
0,20167,0.0007000604694312717,0.3840403094609898,1.5369772118502378,2,4085.23174840045
0,20180,0.0007011542292320567,0.383322813192432,1.5338123787481037,2,4100.671949104933
0,20217,0.0007011808922823974,0.35839717752699707,1.5645524265143154,2,4064.0464419304994
0,20241,0.0007000929890318472,0.38903708716974816,1.5657710608469566,2,4019.693707884196
0,20254,0.0007011867488326322,0.38831959090119034,1.5626062277448225,2,4079.923130848621
0,20278,0.000700110929477652,0.37527053585721615,1.5504785495256626,2,4049.215302696238
0,20291,0.0007012046892784369,0.3745530395886583,1.5473137164235284,2,4085.681503738006
0,20328,0.0007012714385381697,0.38529869773687864,1.5641467319563187,2,4042.351826960807
0,20352,0.0007048353616929305,0.3897763126093381,1.6029695024755577,2,4060.6863653806527
0,20365,0.0007059291214937155,0.38905881634078027,1.5998046693734236,2,4131.734063393862
0,20402,0.0007029843023325366,0.34007119858919593,1.6249171803267404,2,4166.064743285657
0,20426,0.0007019190320898212,0.3720967385321678,1.5758890746518655,2,4084.9833827193074
0,20439,0.0007030127918906062,0.37137924226360997,1.5727242415497313,2,4080.988342544262
0,20476,0.0007049401586845368,0.4022858967863432,1.608658672695271,2,4058.035054598872
0,20500,0.0007038724119309734,0.3968959813605553,1.5769190483277813,2,4087.536781886206
0,20513,0.0007049661717317584,0.3961784850919975,1.5737542152256472,2,4158.274790973129
0,20550,0.0007049746306325009,0.34474794980226425,1.5729350603727554,2,4230.648051036318
0,20587,0.0007049819288147093,0.4022754678248708,1.602246849095613,2,4066.4415644077644
0,20624,0.0007050236873819321,0.33933615223653846,1.5967858842101212,2,4232.121836784454
0,20661,0.0007050326352122721,0.34112044906133293,1.6030737649653684,2,4192.1472494951
0,20698,0.000705034053200479,0.40213175683207786,1.6126011623723304,2,4083.9271739350174
0,20735,0.0007050545622875579,0.3891600613720814,1.6087120060322002,2,4057.685620671
0,20772,0.0007050593217396312,0.3489021582654363,1.6022851821922992,2,4183.96588815054
0,20809,0.0007050733104791897,0.34424171621477606,1.6412625433191992,2,4188.605652133289
0,20846,0.0007328223003428192,0.43320818161765456,1.9549761987777348,2,4328.553816474748
0,20870,0.0007040323996747414,0.3434639977141618,1.5900943337328393,2,4191.135932607711
0,20883,0.0007051261594755264,0.342746501445604,1.5869295006307051,2,4203.629318937423
0,20920,0.0007051416724999381,0.34471898961974984,1.5979516183600364,2,4199.1365302268105
0,20957,0.0007051434666329311,0.34647902090594057,1.6482136915043828,2,4150.456182007295
0,20981,0.0008381550588856293,1.116983074585259,3.3175365356371884,2,4897.5011505764105
0,20994,0.0008392488186864142,1.116265578316701,3.314371702535054,2,4909.333661661691
0,21018,0.0007040776200990507,0.34235724354119274,1.5910880982055815,2,4199.451131017012
0,21031,0.0007051713798998356,0.3416397472726349,1.5879232651034474,2,4214.430063281635
0,21068,0.0007051855866220745,0.3467075575410821,1.5732841677691023,2,4257.68641567027
0,21105,0.0007051914273553181,0.34646235151729693,1.5848676944506437,2,4217.862054945818
0,21142,0.0007052362338697824,0.3937577736036701,1.6033435173558983,2,4123.275674505483
0,21179,0.0007049382890326269,0.34843727010192516,1.6407142331268052,2,4148.737234341312
0,21203,0.000704166994384548,0.3957750943705751,1.586821430227616,2,4068.4979253452884
0,21216,0.000705260754185333,0.3950575981020173,1.583656597125482,2,4108.877906560142
0,21253,0.0007328491110600171,0.4418214337036269,1.944984100262188,2,4346.751894797016
0,21290,0.0007328506827230169,0.43439147505395237,1.8898887951818706,2,4396.208349446158
0,21314,0.0007318229223999768,0.5093518484630049,1.876181325674393,2,4281.315727893546
0,21327,0.0007329166822007618,0.508634352194447,1.873016492572259,2,4302.826436985692
0,21364,0.0007329165376587522,0.4435616237804655,1.9291123520543412,2,4367.66328493557
0,21388,0.0007318214621700161,0.5019094261187029,1.8855458711726383,2,4281.554867149058
0,21401,0.0007329152219708011,0.501191929850145,1.8823810380705042,2,4303.828294173474
0,21438,0.0008363446510509437,1.0775956815062955,3.282994049249744,2,4874.005167223147
0,21475,0.0007046550210238572,0.3462470781466109,1.6331230404437582,2,4166.432326786874
0,21512,0.0008364320572661322,1.2214622171179486,3.218258173902848,2,4914.371577530678
0,21536,0.0007318168352105,0.5057205469405317,1.8921744298553536,2,4260.084317614688
0,21549,0.000732910595011285,0.5050030506719739,1.8890095967532194,2,4266.628952255718
0,21573,0.0007318104424094909,0.5227152543157174,1.8909052725837232,2,4309.657098355278
0,21586,0.0007329042022102759,0.5219977580471596,1.887740439481589,2,4293.660133313685
0,21623,0.0007046873079517232,0.4014605112779323,1.606301239876108,2,4071.989240826023
0,21660,0.0007329016101123482,0.48907742161293966,1.9032808942936275,2,4266.106710041722
0,21697,0.0007328886475230172,0.530331015334207,1.8771509138428417,2,4299.180372755982
0,21721,0.0007317924076343067,0.5116107542281636,1.8788547620153169,2,4265.546000286913
0,21734,0.0007328861674350917,0.5108932579596058,1.8756899289131828,2,4328.35918013111
0,21758,0.0007317850303082563,0.5043692094138288,1.8774478767859453,2,4270.591923603142
0,21771,0.0007328787901090413,0.5036517131452709,1.8742830436838112,2,4325.925596285747
0,21795,0.000703708328728126,0.37679668637781005,1.5963700515226724,2,4031.6517380470987
0,21808,0.000704802088528911,0.3760791901092522,1.5932052184205383,2,4126.781891592861
0,21845,0.0007328665300928174,0.4820903828591536,1.893271446111546,2,4250.085394708224
0,21882,0.0007328578426799799,0.43670400475143323,1.951366422954529,2,4310.004565719067
0,21906,0.0007037781892742255,0.3440256805346099,1.5901400260416803,2,4194.406055758994
0,21919,0.0007048719490750105,0.3433081842660521,1.5869751929395461,2,4197.565915890668
0,21956,0.0007048853197392971,0.4046903360708897,1.604065120432729,2,4130.534648962497
0,21980,0.0007038017008026308,0.343816051608274,1.583507243100256,2,4205.79397212908
0,21993,0.0007048954606034157,0.34309855533971617,1.5803424099981218,2,4232.728501487091
0,22030,0.0007049066826463,0.38312795183517995,1.6021334948654113,2,4100.136484179635
0,22067,0.0007329168142266318,0.4229321867333605,1.8919128390372273,2,4381.286923153904
0,22104,0.0007328020293173951,0.5030893426439877,1.9040789799420248,2,4258.348893797584
0,22141,0.0007052679531679131,0.4074568881622428,1.596845884217164,2,4066.2591571614275
0,22178,0.000842491806821113,1.2982586664894642,3.28387497108289,2,5051.967332552612
0,22215,0.0008426861148340803,1.2711947813912565,3.3122707055891762,2,4968.501960828582
0,22252,0.0007056539115145453,0.3460860512772314,1.60944416260906,2,4210.257553392389
0,22289,0.0007327141332759587,0.4356571942314079,1.9527012101459835,2,4305.898792053924
0,22313,0.0007046302011185812,0.4010922402136769,1.5840623610813256,2,4134.831814703813
0,22326,0.0007057239609193662,0.40037474394511907,1.5808975279791915,2,4128.677431994746
0,22363,0.0007327060673494128,0.5232165232970843,1.8958009076468325,2,4325.283890978283
0,22387,0.0007046448398069403,0.39882907452218846,1.6085714690469386,2,4055.7201370874354
0,22400,0.0007057385996077253,0.39811157825363064,1.6054066359448045,2,4068.537054867992
0,22437,0.0007327002607015284,0.5304368059955554,1.8823189337661637,2,4316.848351759735
0,22461,0.0007046962122572779,0.40264510572498324,1.5914982274647214,2,4086.3339563416903
0,22474,0.0007057899720580629,0.4019276094564254,1.5883333943625872,2,4115.025216448227
0,22498,0.0008431875840007053,1.2472602368562762,3.3381445156950322,2,4958.08043359406
0,22511,0.0008442813438014903,1.2465427405877183,3.334979682592898,2,4957.419198785357
0,22548,0.000705833842161881,0.4102834659846097,1.623745814721113,2,4122.5572254059425
0,22585,0.0007058391035342055,0.4098166625926874,1.6124110026057867,2,4111.118910610291
0,22609,0.0007047724322733005,0.4035773219939955,1.6128940639779943,2,4036.164376225166
0,22622,0.0007058661920740855,0.40285982572543766,1.6097292308758602,2,4078.363032004043
0,22646,0.0007315827612589834,0.49584762535368665,1.8808800315753942,2,4265.498587949143
0,22659,0.0007326765210597684,0.4951301290851288,1.87771519847326,2,4298.45098290265
0,22696,0.0007058785261719923,0.40847964694481087,1.6131404285842046,2,4139.575286644007
0,22720,0.0007315699518625994,0.507800799830673,1.8882560096824696,2,4267.401504556778
0,22733,0.0007326637116633844,0.5070833035621153,1.8850911765803355,2,4272.417653443621
0,22757,0.0007048083753141312,0.40726324833973443,1.6094689875941681,2,4100.9703570336
0,22770,0.0007059021351149162,0.4065457520711766,1.606304154492034,2,4122.3892969174785
0,22807,0.0007059024544752202,0.40661699039620075,1.6172461072356727,2,4061.8932795943747
0,22831,0.0007048153213783617,0.40505449207255084,1.6002858040738344,2,4097.895496551364
0,22844,0.0007059090811791466,0.404336995803993,1.5971209709717002,2,4121.94789697311
0,22881,0.000705620601957449,0.40811824176452216,1.5809961296823534,2,4131.058508747993
0,22905,0.0007041699584554234,0.39680837671580466,1.5934706844321567,2,4069.9575220261613
0,22918,0.0007052637182562083,0.39609088044724683,1.5903058513300226,2,4098.674835245621
0,22955,0.0007055555754391578,0.38122885739910695,1.6160263148996445,2,4060.1422601582176
0,22992,0.000705502909548949,0.4049693189289711,1.5853881304921742,2,4135.387102946791
0,23016,0.0007317056622305,0.5184934949787032,1.8704715241609413,2,4283.574404430163
0,23029,0.0007327994220312849,0.5177759987101453,1.8673066910588072,2,4321.5184577448
0,23066,0.0007052726737887615,0.4084986111310086,1.6177419744058428,2,4115.680208554171
0,23103,0.0007327921064849266,0.500770779601737,1.8971273457661038,2,4260.203562131258
0,23140,0.0007052997380075646,0.3902509116676248,1.6069447256331295,2,4057.067005758531
0,23164,0.0007042066685793673,0.401326621262246,1.584995971380122,2,4099.412682134499
0,23177,0.0007053004283801523,0.40060912499368817,1.581831138277988,2,4093.694672949194
0,23214,0.0007327916711319833,0.5276676493991695,1.8842094387679957,2,4299.198453891929
0,23251,0.0007327907349303686,0.47781845002612394,1.8912802581776966,2,4329.9529892171495
0,23275,0.0007042293470746388,0.40407436850140266,1.6012815050309859,2,4093.482616762049
0,23288,0.0007053231068754238,0.40335687223284483,1.5981166719288518,2,4133.078477555295
0,23325,0.0007327880870707951,0.5076161274792889,1.903219148396408,2,4236.409362600745
0,23362,0.0007327836574903218,0.4426039727556682,1.8838500446821183,2,4402.975444834289
0,23386,0.0007042511214210511,0.38882226479022414,1.5958248795559353,2,4052.470881837263
0,23399,0.0007053448812218361,0.3881047685216663,1.5926600464538012,2,4121.746419688573
0,23436,0.0007327787556569565,0.4228858747525817,1.8828579223287858,2,4406.363068024162
0,23473,0.0007053988182819872,0.3463444068920619,1.591338396597601,2,4242.990331836787
0,23497,0.0007316749233440626,0.519512863118412,1.860673588260035,2,4285.009165199649
0,23510,0.0007327686831448476,0.5187953668498543,1.8575087551579008,2,4375.092238154812
0,23547,0.0007327684359419744,0.4379533429650459,1.8865171017381879,2,4396.96802826358
0,23584,0.0007327635248451844,0.441293234964048,1.8824379207399136,2,4401.80518417342
0,23621,0.0007054320271840164,0.4009708799194319,1.6094776286259562,2,4087.3494025032765
0,23645,0.0007043428485409233,0.39137137096878494,1.5976099787301874,2,4120.725604519138
0,23658,0.0007054366083417083,0.3906538747002271,1.5944451456280533,2,4080.5295177115104
0,23682,0.0007044069055353639,0.4007775445250219,1.6028263878665912,2,4066.8991130464524
0,23695,0.0007055006653361489,0.4000600482564641,1.599661554764457,2,4078.142531300343
0,23719,0.0008405399168560469,1.1725146106390525,3.3254850920346537,2,4892.664094831594
0,23732,0.0008416336766568319,1.1717971143704946,3.3223202589325194,2,4917.756802068764
0,23756,0.0007019124820415395,0.338582661877907,1.568265841415671,2,4160.831873176467
0,23769,0.0007030062418423244,0.33786516560934915,1.5651010083135368,2,4214.311339924138
0,23806,0.0007329178431197262,0.4884111972943016,1.8919693624111595,2,4268.171199052962
0,23830,0.0007318301098927048,0.5113357204505495,1.8748446674939687,2,4255.100262214652
0,23843,0.0007329238696934898,0.5106182241819918,1.8716798343918346,2,4341.92322907979
0,23880,0.000733187116701507,0.427117454340396,1.9666452167069017,2,4332.05951735226
0,23917,0.0007035201498672871,0.33612019043595204,1.5826788910800078,2,4196.797933553045
0,23954,0.0007035551424564581,0.3432184281911852,1.5901793049356399,2,4159.696520090901
0,23978,0.0007025071971205655,0.390674681109834,1.5802598333257338,2,4068.4752462523265
0,23991,0.0007036009569213505,0.38995718484127617,1.5770950002235997,2,4097.521607070972
0,24028,0.0007331485821607565,0.4233457719086519,1.9675519688655558,2,4328.17288057985
0,24052,0.0007025191624352182,0.39549315795991635,1.5775459487493444,2,4118.909996221163
0,24065,0.0007036129222360032,0.3947756616913585,1.5743811156472103,2,4044.6793094232858
0,24102,0.0007036134967097703,0.38798595707017386,1.5869744608196699,2,4091.0612605799142
0,24139,0.0007036187387763138,0.4023970829147443,1.587356347745347,2,4071.2837519107693
0,24176,0.0007331352464389873,0.43880478110891746,1.9570197078805605,2,4337.676131329375
0,24213,0.0007331300564016759,0.5332803187846826,1.8853706763592486,2,4379.24596513725
0,24250,0.0007331294809775848,0.5014068376642764,1.907675770900051,2,4187.9983812547725
0,24287,0.0007036930261285622,0.37547130858698036,1.595748801466542,2,4066.257960511903
0,24324,0.0007331265986901406,0.4401652199078604,1.9419710008857467,2,4346.549538214614
0,24361,0.0007037404958228029,0.37553157522173747,1.5857642112578307,2,4046.3189461203506
0,24398,0.0007331086173081232,0.44150721070791005,1.9550497721570048,2,4321.4152849474995
0,24422,0.0007026854861155009,0.3968376597145564,1.574151147765169,2,4047.210253156231
0,24435,0.0007037792459162859,0.3961201634459986,1.570986314663035,2,4101.170693835614
0,24472,0.0007331061843888071,0.5062196747676192,1.8963169040625003,2,4278.218878797642
0,24496,0.0007320118130382547,0.5219733172327761,1.8868045840210328,2,4252.281065979353
0,24509,0.0007331055728390397,0.5212558209642182,1.8836397509188987,2,4313.069133483953
0,24533,0.0007027231335905383,0.3414831674813129,1.5697750719213426,2,4193.59398118216
0,24546,0.0007038168933913233,0.3407656712127551,1.5666102388192085,2,4221.712201777226
0,24570,0.0007023493455778899,0.3958406598998997,1.5811964654465218,2,4091.4152124293314
0,24583,0.0007034431053786749,0.39512316363134187,1.5780316323443877,2,4047.4264918317976
0,24607,0.0007027425863610051,0.3843283631460134,1.587032126421859,2,4024.3981477689904
0,24620,0.0007038363461617901,0.38361086687745555,1.5838672933197249,2,4103.9809083248265
0,24657,0.000703439447835235,0.37581445242776196,1.5927610169852884,2,4029.227746179129
0,24694,0.0007033964842613722,0.3991455235652481,1.5945805415055445,2,4075.861804586
0,24731,0.000733255015634258,0.5039088246411513,1.9061524094611115,2,4274.0550171559435
0,24768,0.0007332521332997544,0.4306575414009048,1.953924460719183,2,4341.070658682204
0,24805,0.0007030682933294164,0.38861086164137765,1.5855761157918644,2,4041.816884345669
0,24842,0.0007031012832830157,0.3745446209645558,1.5809926083820498,2,4077.917471191398
0,24866,0.0007020092272225578,0.38031817732489387,1.569374758337274,2,4058.56706000438
0,24879,0.0007031029870233428,0.37960068105633604,1.5662099252351398,2,4126.225347555218
0,24903,0.0007020334769362214,0.38439076558467167,1.573187365639271,2,4075.5144395330512
0,24916,0.0007031272367370064,0.38367326931611384,1.5700225325371369,2,4123.779688729945
0,24940,0.0007321433343427808,0.5185758584486717,1.8801698356280174,2,4287.980107243418
0,24953,0.0007332370941435657,0.5178583621801138,1.8770050025258833,2,4299.005770729509
0,24990,0.000703149944290652,0.34221804757711743,1.6240387797019877,2,4126.548369962903
0,25027,0.000703171766982065,0.378284415342746,1.5805377291123892,2,4028.6630737735927
0,25064,0.0008247100846085223,1.1081126601262457,3.057851347494987,2,4892.436261693383
0,25101,0.0007032106100440716,0.39607529555406373,1.5901040649083689,2,4058.5532171558657
0,25138,0.0007332289575239538,0.5295215529688532,1.8934923033879434,2,4264.1831073220055
0,25162,0.0007021633379579666,0.38544564332752224,1.5819798667883014,2,4050.8867467330083
0,25175,0.0007032570977587516,0.3847281470589644,1.5788150336861673,2,4066.617190138983
0,25212,0.000703264754808897,0.3821818100186787,1.5860709161402389,2,4083.133602621141
0,25249,0.0007032752311716804,0.3698064145096582,1.584452294101088,2,4075.108665822383
0,25273,0.000702218260493421,0.33501655763512295,1.5748022654176979,2,4196.729910599027
0,25286,0.000703312020294206,0.3342990613665651,1.5716374323155637,2,4220.56924839467
0,25323,0.0007332016139712226,0.4263067352896994,1.8884413137984373,2,4433.3382193939
0,25360,0.0007033821595330882,0.37330834407278307,1.5844288921409473,2,4062.8841650911027
0,25397,0.000703385773076413,0.3688908139863831,1.593661469921309,2,4076.5857917069948
0,25421,0.0007023319708005086,0.3791500434227309,1.5745477431824773,2,4050.1864548245358
0,25434,0.0007034257306012936,0.37843254715417307,1.5713829100803431,2,4106.744913973364
0,25458,0.0007035281740950242,0.39521872509370765,1.574103121277724,2,4047.5266250594545
0,25471,0.0007046219338958092,0.3945012288251498,1.5709382881755898,2,4183.356450202219
0,25508,0.0007038454165867813,0.343179971956001,1.559780133797124,2,4257.4402704749455
0,25545,0.0007038754544966751,0.39087804811213694,1.5952485505047937,2,4069.4568993275734
0,25582,0.0007042437139817191,0.3460527115583076,1.6249938561072854,2,4113.959142644881
0,25606,0.0007319123665912229,0.4925280305456983,1.8851811783372525,2,4267.66569170287
0,25619,0.0007330061263920079,0.4918105342771405,1.8820163452351184,2,4338.62129632603
0,25656,0.0007042671110694711,0.34577539534172586,1.6374861892407573,2,4119.017916059986
0,25693,0.000704299994884754,0.4013596497850025,1.579177628212518,2,4085.5094029911256
0,25730,0.0007043109224862032,0.40509991338279955,1.5996877014760031,2,4100.339421207637
0,25754,0.000731902509547776,0.5274196496143206,1.8688580892521656,2,4275.501636403807
0,25767,0.000732996269348561,0.5267021533457628,1.8656932561500315,2,4320.960801977128
0,25791,0.0007032388945220983,0.3983781396091399,1.5927060654824294,2,4090.461980085324
0,25804,0.0007043326543228833,0.3976606433405821,1.5895412323802953,2,4037.216194851937
0,25841,0.0007043424616183547,0.4008523103476792,1.5697519938103799,2,4113.549941979908
0,25878,0.0007329817262305861,0.5003745435531634,1.8968725823372403,2,4267.860555924491
0,25915,0.0007043980940166651,0.3789432716106911,1.5955357020704866,2,4072.757346676841
0,25939,0.0007318865858515675,0.5039225735869572,1.8941651100831178,2,4228.765230918688
0,25952,0.0007329803456523525,0.5032050773183994,1.8910002769809837,2,4302.318762393114
0,25976,0.0007033210919124371,0.3437705532244522,1.582463403966583,2,4175.207894882655
0,25989,0.0007044148517132221,0.3430530569558944,1.579298570864449,2,4223.674791281102
0,26026,0.0007329621365198776,0.4899464406538886,1.893696681489228,2,4266.7266407521465
0,26063,0.000704453311501005,0.3340445465084343,1.6457705114437957,2,4170.6152223940835
0,26100,0.000704484060109913,0.3987155773518863,1.5998535280442037,2,4061.127715139718
0,26124,0.0008334774414370411,1.1301105665988163,3.2160253759676176,2,4874.160383590204
0,26137,0.0008345712012378261,1.1293930703302584,3.2128605428654833,2,4906.416802718444
0,26161,0.0007034317395672331,0.37751888512183684,1.5920984954706408,2,4093.2170926883687
0,26174,0.0007045254993680181,0.376801388853279,1.5889336623685066,2,4062.4622321528263
0,26211,0.0007045790879672941,0.3715652691373414,1.6050583068515312,2,4075.089548926322
0,26235,0.0007318350482970091,0.43064565420432743,1.8813693526785173,2,4370.898017643043
0,26248,0.0007329288080977941,0.4299281579357696,1.8782045195763832,2,4422.683616281171
0,26285,0.0007042418959199911,0.33635547539882776,1.6413802511073288,2,4185.540546684965
0,26322,0.0007038463059558306,0.3443496896251184,1.5699781753526878,2,4241.350726802977
0,26346,0.0007031181066600464,0.4001712400817806,1.5888048422342083,2,4071.388711464641
0,26359,0.0007042118664608314,0.3994537438132228,1.5856400091320741,2,4133.4524651661
0,26396,0.0007330201707802045,0.4988541468666755,1.8937182217012511,2,4282.018558287887
0,26420,0.0007319926951847651,0.5210792488563183,1.856744936241147,2,4330.014655183762
0,26433,0.0007330864549855501,0.5203617525877604,1.853580103139013,2,4380.0880517104215
0,26457,0.0007027937241371716,0.3953503875723539,1.565265279902494,2,4101.94730796655
0,26470,0.0007038874839379566,0.3946328913037961,1.5621004468003599,2,4148.020311813905
0,26494,0.0007028211356226128,0.40021904175426404,1.5863632148227016,2,4091.368782761445
0,26507,0.0007039148954233978,0.3995015454857062,1.5831983817205675,2,4133.467161887735
0,26531,0.0007028225235261882,0.39179678449534705,1.5690558286331577,2,4041.397792543211
0,26544,0.0007039162833269732,0.3910792882267892,1.5658909955310236,2,4165.861837913253
0,26568,0.0008294389934920038,1.09884732090838,3.1450352562486894,2,4904.894202259872
0,26581,0.0008305327532927888,1.0981298246398221,3.141870423146555,2,4866.437604219613
0,26618,0.0007330740353924866,0.43327883831921643,1.959579138915522,2,4344.7272975307615
0,26642,0.0007028413639054582,0.3981392376932595,1.5764632090513702,2,4077.7738477652197
0,26655,0.0007039351237062432,0.39742174142470166,1.573298375949236,2,4118.104970200622
0,26679,0.0007028533566020698,0.39787140925055553,1.5680560299092412,2,4116.284358255701
0,26692,0.0007039471164028548,0.3971539129819977,1.564891196807107,2,4143.5059703922225
0,26716,0.0007028553088921185,0.38923596448194314,1.5745227412814524,2,4088.6598138979316
0,26729,0.0007039490686929035,0.3885184682133853,1.5713579081793183,2,4091.164469015532
0,26753,0.0007028880935616147,0.393458414437845,1.5763302050053116,2,4056.3925755288724
0,26766,0.0007039818533623996,0.3927409181692872,1.5731653719031775,2,4108.995733807827
0,26803,0.0007040044287610056,0.4025331222151045,1.58114966584133,2,4064.487178560949
0,26840,0.0007040317658394774,0.3392165649853365,1.6362637217398208,2,4129.110491925733
0,26877,0.0007040441657659252,0.3761272249863498,1.6003855890235297,2,4072.3682556082385
0,26901,0.0007029676637015802,0.3404500784397813,1.5749835726649803,2,4179.865517889
0,26914,0.0007040614235023652,0.3397325821712235,1.5718187395628462,2,4193.650902288882
0,26951,0.0007330381255178873,0.5243574703571865,1.9065515219694582,2,4313.336240169899
0,26975,0.0007030227855338003,0.3410359413892084,1.5808527761601037,2,4164.078590789317
0,26988,0.0007041165453345853,0.34031844512065057,1.5776879430579696,2,4211.992763880615
0,27012,0.0007030278620420257,0.38914010247758013,1.587423157531129,2,4031.0535848908553
0,27025,0.0007041216218428107,0.3884226062090223,1.584258324428995,2,4098.949616605153
0,27062,0.000733025573905896,0.47755278102452997,1.897699645734393,2,4281.4509626955705
0,27099,0.000733025210094878,0.5301540919355131,1.8994132145817375,2,4298.629674035533
0,27123,0.0007030863286933016,0.3785870905439992,1.586155803408313,2,4049.7384806710047
0,27136,0.0007041800884940866,0.37786959427544137,1.5829909703061789,2,4084.620961387772
0,27160,0.0008803325493675412,1.515047531230227,4.0201095031136465,2,5069.849890852095
0,27173,0.0008814263091683262,1.514330034961669,4.016944670011513,2,5137.9273544931
0,27210,0.0007315465943043583,0.4315563179956826,1.9374682311356914,2,4281.9005431481855
0,27247,0.0007315377589202704,0.42750243276587774,1.9303758981902093,2,4326.695171550378
0,27284,0.0007299924053237809,0.4765967835321174,1.8634836680159617,2,4247.040845966476
0,27308,0.0007166956659497091,0.4310750929814871,1.7282801402690362,2,4170.756644546262
0,27321,0.000717789425750494,0.4303575967129293,1.725115307166902,2,4161.594844769035
0,27358,0.0007178291001356079,0.3866730291304536,1.7055719718799658,2,4324.117975230994
0,27382,0.0007167389280441333,0.44091576687459444,1.7332625894873996,2,4102.577961503157
0,27395,0.0007178326878449182,0.4401982706060366,1.7300977563852655,2,4167.151234071121
0,27419,0.0007167579192899513,0.4391885711515895,1.7329385476728723,2,4158.193791764867
0,27432,0.0007178516790907363,0.43847107488303166,1.7297737145707381,2,4173.010064154736
0,27456,0.0007167717524128662,0.45881760053436144,1.7293823056054123,2,4201.47810344463
0,27469,0.0007178655122136512,0.4581001042658036,1.7262174725032782,2,4202.861074911187
0,27506,0.000717880204184261,0.45891231874489813,1.7077555380838931,2,4238.0504584908895
0,27530,0.0007167870968797917,0.4328640967982205,1.7271118924265614,2,4158.889441155965
0,27543,0.0007178808566805767,0.4321466005296627,1.7239470593244273,2,4176.5345401675895
0,27580,0.0007299701329306236,0.5149578932107934,1.8483757257465134,2,4293.368355286372
0,27604,0.0007288748550241551,0.5016185650853833,1.8271754778937113,2,4316.577358362764
0,27617,0.0007299686148249401,0.5009010688168254,1.8240106447915772,2,4342.783675193195
0,27641,0.0007168112085316888,0.4564246151887773,1.7054146729035449,2,4191.176291914146
0,27654,0.0007179049683324738,0.4557071189202195,1.7022498398014108,2,4221.051350286751
0,27678,0.0007168307494559671,0.43730080855189024,1.73471767221279,2,4134.249409864945
0,27691,0.0007179245092567521,0.4365833122833324,1.7315528391106558,2,4150.65210223744
0,27728,0.0007299640972002671,0.4771475388454817,1.8618773962495119,2,4222.487751061579
0,27765,0.0007179339212978447,0.3894596904326993,1.7788427430328664,2,4242.111586858266
0,27802,0.000919664411716076,1.8849868750191499,4.7434089724588695,2,5276.24514867281
0,27826,0.0007288600599534335,0.48956900903921213,1.8408921559047413,2,4262.854564278807
0,27839,0.0007299538197542185,0.4888515127706543,1.8377273228026072,2,4335.164902481512
0,27876,0.0007179509309323857,0.45156170834127607,1.7386014699418033,2,4175.36472496904
0,27900,0.0007168579150117445,0.4570141726004865,1.718215647534996,2,4218.3472401402605
0,27913,0.0007179516748125295,0.45629667633192866,1.7150508144328618,2,4221.141546593922
0,27950,0.0007179547735649584,0.4209364676373754,1.729418049702727,2,4197.168041256108
0,27987,0.0007177553250882062,0.4189512349091357,1.7309258079956213,2,4167.725984158525
0,28011,0.0007168666398068464,0.4587199505788439,1.7238562078747153,2,4151.447643076662
0,28024,0.0007179603996076314,0.4580024543102861,1.7206913747725812,2,4153.036217792411
0,28061,0.0007300026572113257,0.4733555024682098,1.8620612447181402,2,4235.737064186312
0,28098,0.0007177054638177041,0.41726080365434404,1.7348975475329493,2,4151.8549745645005
0,28135,0.0007174103720751872,0.3807527803969725,1.7183559469065792,2,4320.606105473059
0,28172,0.0007174270723861173,0.45104386519007217,1.7390793732363294,2,4124.095348702906
0,28209,0.0007174360909628195,0.443097961737684,1.7417293968374212,2,4135.141221309408
0,28246,0.0009169787133050851,2.1012718522134017,4.601792861379535,2,5353.80052889296
0,28283,0.0007174633383206099,0.46032189698837717,1.7219751263816274,2,4241.495669201608
0,28307,0.0007163699143077239,0.45196954226311814,1.6976948799717306,2,4180.955993819891
0,28320,0.0007174636741085089,0.4512520459945603,1.6945300468695965,2,4221.21812842367
0,28344,0.0007163995949123843,0.43820835926010776,1.7251202327367634,2,4151.988433729586
0,28357,0.0007174933547131692,0.43749086299154993,1.7219553996346293,2,4161.062763618561
0,28394,0.0007175539786372185,0.45463155503826513,1.7315603764154242,2,4182.655374031525
0,28418,0.0007289477939125384,0.5089979120533097,1.8221583306193894,2,4290.138002857202
0,28431,0.0007300415537133234,0.5082804157847518,1.8189934975172553,2,4321.828524820271
0,28455,0.0007164949785228161,0.44438031505528747,1.709934425909591,2,4176.569353352055
0,28468,0.0007175887383236011,0.44366281878672964,1.7067695928074569,2,4235.524036417333
0,28492,0.0007289356369799032,0.5064913756220331,1.8630149077451115,2,4264.331940430627
0,28505,0.0007300293967806882,0.5057738793534752,1.8598500746429774,2,4259.271573211337
0,28542,0.0007176112514233787,0.38622871234188966,1.7666558024130739,2,4272.550674163564
0,28579,0.0007176285541957277,0.38740446627288205,1.7691980120362032,2,4190.991506665271
0,28616,0.0007176402771479513,0.45813108016167853,1.7177681271495602,2,4207.289217810509
0,28640,0.0007165790063507456,0.37782835747946775,1.717512353553321,2,4276.9705949177105
0,28653,0.0007176727661515306,0.3771108612109099,1.7143475204511869,2,4335.237965604663
0,28690,0.0007176820624341516,0.38812576924351183,1.7039817136647541,2,4298.21431636847
0,28727,0.0007300145790577823,0.41908825616076417,1.9193242533178174,2,4307.143270765184
0,28764,0.0007176988783861089,0.42505373872097907,1.729743133321039,2,4122.989970726841
0,28801,0.0007176997317770702,0.42266432821063055,1.734070806787675,2,4146.757983286635
0,28825,0.0007166189297359245,0.43054530019087633,1.7255966527294824,2,4182.699356764401
0,28838,0.0007177126895367094,0.4298278039223185,1.7224318196273483,2,4173.169013628383
0,28875,0.0007174074748882192,0.4590285774906124,1.7335653523641072,2,4135.103145481458
0,28899,0.0007168680588292969,0.4569411263997824,1.725854720376433,2,4158.187265458627
0,28912,0.0007179618186300818,0.4562236301312246,1.7226898872742988,2,4230.607667298678
0,28936,0.0007288561934580904,0.4973099741050007,1.8393261789263864,2,4258.723420726787
0,28949,0.0007299499532588754,0.4965924778364429,1.8361613458242523,2,4334.086719615769
0,28973,0.0007171668350848221,0.4258998518492075,1.7309293526399396,2,4157.9732495181215
0,28986,0.0007182605948856071,0.42518235558064965,1.7277645195378055,2,4177.250547879869
0,29023,0.0007183388264043227,0.45736073818241224,1.6964175812384443,2,4271.55959197318
0,29060,0.0007298465865201531,0.43254367636448915,1.873567611608285,2,4397.182719717662
0,29084,0.0007172790240665229,0.45807871380808485,1.7355834739094278,2,4114.500487763142
0,29097,0.0007183727838673079,0.457361217539527,1.7324186408072937,2,4218.703795264197
0,29134,0.0007183787593609828,0.4630450590559632,1.7409389189577376,2,4154.638890662701
0,29171,0.0007298385030399386,0.47607898647304553,1.8608282888338237,2,4236.211260639012
0,29208,0.000729829127385679,0.4707459259581413,1.8645596176301504,2,4249.133442258736
0,29245,0.0007184287648276712,0.38494329704802466,1.731772117659556,2,4323.1547156343595
0,29269,0.0007173393196639381,0.4474259350646305,1.7108719245729807,2,4163.764149910333
0,29282,0.0007184330794647231,0.4467084387960727,1.7077070914708465,2,4239.8101170346745
0,29306,0.00071735512557938,0.4360898660209128,1.7222182778090898,2,4187.592011788837
0,29319,0.000718448885380165,0.435372369752355,1.7190534447069556,2,4249.770047813393
0,29356,0.0007184669958015603,0.3800025662511268,1.7934126126799403,2,4244.187787819081
0,29393,0.0007184832160158789,0.4172017593297591,1.7429050524851142,2,4204.495574278282
0,29430,0.0007184869617811346,0.377337469944607,1.7358847300715712,2,4325.632264876463
0,29467,0.0007298102114895359,0.5075143617120579,1.8652732227967925,2,4217.828314018823
0,29504,0.000718497062678886,0.38583710367747454,1.7330025844504195,2,4335.226594385219
0,29541,0.0007184984196895248,0.4600310201542386,1.7133932927182463,2,4194.046561541891
0,29565,0.0007174242847315675,0.4578979456276063,1.7185133848688878,2,4179.42014067387
0,29578,0.0007185180445323524,0.45718044935904845,1.7153485517667537,2,4241.491026510938
0,29615,0.0007298067610768826,0.42797404513869686,1.8560324555103294,2,4366.182676957438
0,29652,0.0007185562161906853,0.4624616094998238,1.7079837112733536,2,4276.531477847377
0,29676,0.0007171465007594361,0.43949463637993785,1.7365825539546054,2,4182.525392926158
0,29689,0.0007182402605602211,0.43877714011138,1.7334177208524713,2,4171.05113540206
0,29713,0.0007168900042450756,0.4495807337571862,1.7339432833489465,2,4126.437600708204
0,29726,0.0007179837640458606,0.4488632374886284,1.7307784502468124,2,4196.017374863421
0,29750,0.0007287820886721927,0.4836287561326494,1.846486864895602,2,4258.168042382798
0,29763,0.0007298758484729777,0.48291125986409156,1.843322031793468,2,4324.277380791339
0,29800,0.0007182143575829511,0.4409658922604585,1.7463414174663587,2,4150.297028255078
0,29824,0.0007168957958604937,0.4481891572863113,1.7248347722842394,2,4143.730409058644
0,29837,0.0007179895556612786,0.4474716610177535,1.7216699391821053,2,4213.087082174002
0,29874,0.0007299417047253147,0.5162056915422032,1.8374807809844431,2,4321.983526564233
0,29911,0.0007180190441289456,0.43104745958307583,1.7327561171233998,2,4159.634354311164
0,29948,0.0009202283183073663,1.9138866840316096,4.741503319956493,2,5244.439518449221
0,29985,0.0007180330405650058,0.4498904623031248,1.7403217946282712,2,4187.083026746277
0,30009,0.0007169501324276252,0.3827513554767366,1.72283541113895,2,4267.575039548588
0,30022,0.0007180438922284102,0.3820338592081788,1.7196705780368158,2,4320.8783696190685
0,30059,0.0007299301949811034,0.4290194981082425,1.8441324850018732,2,4415.465359847891
0,30096,0.0007180906181198542,0.451008574134444,1.7493548918397466,2,4169.936476912187
0,30120,0.000728816050686083,0.5061770245603325,1.8374158409989103,2,4246.040957623441
0,30133,0.000729909810486868,0.5054595282917747,1.8342510078967762,2,4345.014033665384
0,30170,0.0007181039838914097,0.44614787394281524,1.736823565233464,2,4185.328176641576
0,30207,0.0007181320102991402,0.45948328604720134,1.6937804646275028,2,4271.588080312534
0,30231,0.0007170456197784935,0.3811611669285594,1.7206853542428266,2,4320.464958641623
0,30244,0.0007181393795792785,0.38044367066000156,1.7175205211406925,2,4304.104241002071
0,30281,0.000729899635764667,0.4226846011008637,1.8569202743638729,2,4386.307550119386
0,30318,0.0007181482082927233,0.386827854169992,1.7786197476263537,2,4235.843835675232
0,30342,0.0007170791052873975,0.43051541986116487,1.72622609175754,2,4181.708213283933
0,30355,0.0007181728650881825,0.42979792359260705,1.723061258655406,2,4201.334196094134
0,30379,0.0007170862245356593,0.4405804212070056,1.7299442210640643,2,4147.466742305703
0,30392,0.0007181799843364443,0.43986292493844775,1.7267793879619302,2,4157.0941130334795
0,30416,0.0007170869220311965,0.45300458319490455,1.7199096247373176,2,4190.005443525788
0,30429,0.0007181806818319815,0.4522870869263467,1.7167447916351835,2,4198.787280336522
0,30466,0.0007181849802296468,0.3878221614172291,1.7777540291210085,2,4218.803890946291
0,30490,0.0007170939543511531,0.3866880477275709,1.719341936630443,2,4275.956538279642
0,30503,0.0007181877141519381,0.3859705514590131,1.7161771035283089,2,4323.059132867939
0,30527,0.0007171210480544904,0.4547399155715649,1.7047564095284438,2,4181.953422921354
0,30540,0.0007182148078552754,0.4540224193030071,1.7015915764263096,2,4236.323008871306
0,30577,0.0007185610011817734,0.4393635761567618,1.7449900223655301,2,4153.678691287049
0,30614,0.0007174070244243319,0.4478195043127534,1.7328474897031143,2,4202.111990890527
0,30638,0.0007290066880176896,0.50214851729611,1.8635662534292239,2,4218.534752335929
0,30651,0.0007301004478184746,0.5014310210275521,1.8604014203270898,2,4247.257617880528
0,30675,0.0007155275956272529,0.4407985364683596,1.6984380575301565,2,4151.266203587923
0,30688,0.0007166213554280379,0.44008104019980177,1.6952732244280224,2,4226.402801179021
0,30725,0.000912570684829921,2.015968100395096,4.515953636943662,2,5286.166998479004
0,30749,0.0007291841236125714,0.5034429001694847,1.8569088681322838,2,4232.622636592872
0,30762,0.0007302778834133563,0.5027254039009268,1.8537440350301497,2,4259.880462610751
0,30786,0.0007155511762480543,0.45407235873557406,1.718767876291811,2,4184.3614834710625
0,30799,0.0007166449360488392,0.45335486246701623,1.715603043189677,2,4171.89582446325
0,30823,0.0007291800150275991,0.5137049370159543,1.8257534153408779,2,4302.746751931081
0,30836,0.0007302737748283841,0.5129874407473964,1.8225885822387438,2,4344.917455340496
0,30873,0.0007166622908435663,0.38542858730276747,1.7154932743369298,2,4270.9267041025405
0,30910,0.0007166626172960054,0.4563190593486536,1.7092719132670076,2,4199.945479190056
0,30947,0.0007166652907786099,0.3861793937101329,1.7064233894148333,2,4281.540094577252
0,30984,0.0007166736907757104,0.4455580434748918,1.727246614787512,2,4162.604140735226
0,31021,0.0007302609614526503,0.4323861038280522,1.9236875887982292,2,4278.393061444573
0,31045,0.0007156152887041405,0.3827999490631021,1.7026458552800081,2,4250.692818090776
0,31058,0.0007167090485049255,0.3820824527945443,1.699481022177874,2,4323.231396092612
0,31082,0.0007156223997269251,0.4474055703479642,1.716073592276642,2,4164.703651146945
0,31095,0.0007167161595277101,0.44668807407940636,1.7129087591745078,2,4156.0015521744535
0,31119,0.0007291599841244767,0.49137179436443923,1.8547811587783933,2,4244.447262559803
0,31132,0.0007302537439252617,0.4906542980958814,1.8516163256762592,2,4306.806518523295
0,31156,0.0007156637065086103,0.378599667751066,1.7117887605363087,2,4262.144724499397
0,31169,0.0007167574663093952,0.3778821714825082,1.7086239274341746,2,4306.6162727528
0,31206,0.0007167592767975112,0.4548258532703988,1.6928106779661645,2,4242.330364099448
0,31243,0.0007167691775904265,0.4587687039785487,1.7242906551922141,2,4193.401909917723
0,31267,0.0007156973106437262,0.38168344620690486,1.7025775874466493,2,4256.935510812705
0,31280,0.0007167910704445112,0.38096594993834704,1.6994127543445152,2,4303.488062615407
0,31317,0.0007167927154500432,0.44614815435123883,1.7245396352266158,2,4139.16323525457
0,31354,0.0007168032545396861,0.43917522630717476,1.7214993198500674,2,4120.415686791429
0,31391,0.0007166190875422779,0.44111401768726155,1.7275802121669415,2,4134.192189314566
0,31428,0.0007168129999684864,0.42554425604301654,1.7196309057464008,2,4164.282222663334
0,31452,0.0007155205058351817,0.4510069012443587,1.716803914057879,2,4116.777771358407
0,31465,0.0007166142656359666,0.4502894049758009,1.713639080955745,2,4216.342972967017
0,31489,0.0007154696404890571,0.44098497123217395,1.7215022573697922,2,4189.867000824048
0,31502,0.0007165634002898421,0.4402674749636161,1.7183374242676581,2,4182.893158724215
0,31539,0.0007303694935398326,0.424408141132106,1.925936263682624,2,4329.5646130280475
0,31576,0.0007303686638121292,0.5164829504394891,1.8599797320502234,2,4309.371103789774
0,31613,0.0009105844720138238,2.00006867576168,4.474844973635557,2,5292.526991576139
0,31637,0.0007152159873137524,0.4180915149375712,1.7133447477246595,2,4142.11066039399
0,31650,0.0007163097471145374,0.41737401866901336,1.7101799146225254,2,4146.59554819538
0,31687,0.0007163539763601248,0.44206916278292013,1.7239047066493844,2,4187.579025125036
0,31724,0.0007303357358598801,0.42397670836846624,1.85823756908009,2,4407.109777080827
0,31748,0.0007152862072511688,0.4306625389823527,1.7094811626775865,2,4154.771426396376
0,31761,0.0007163799670519538,0.42994504271379486,1.7063163295754524,2,4155.226375270718
0,31798,0.0007163841938111942,0.4158335004218495,1.7241756997713176,2,4184.8838140340695
0,31835,0.0007303297788310317,0.4886364760773346,1.8680767926403492,2,4247.674611455089
0,31872,0.0007303285348866274,0.4718596329789925,1.8707862513331783,2,4227.2634150409185
0,31909,0.0009116246175912405,1.9563064177970253,4.525833491966164,2,5234.964697409175
0,31946,0.0007164559540915088,0.38518895695981686,1.7087125706536328,2,4286.280835751404
0,31983,0.0007164636513933482,0.37664596414392915,1.7623758104836615,2,4258.636825156898
0,32007,0.0007292144900899401,0.5121931502440549,1.8533730311469072,2,4266.267963796451
0,32020,0.0007303082498907251,0.511475653975497,1.850208198044773,2,4288.791180166674
0,32044,0.000715392053275641,0.43491551751004254,1.7185041598516086,2,4141.902550249396
0,32057,0.000716485813076426,0.4341980212414847,1.7153393267494745,2,4144.3930271004
0,32094,0.0007165058889636525,0.4127835252587078,1.7191503549135179,2,4166.146783090376
0,32131,0.0007165235285265955,0.36928745649016204,1.7122797957080556,2,4306.8496723895905
0,32168,0.0007165342639443583,0.43130304651629464,1.7298790673679858,2,4144.1234023616325
0,32205,0.0007165503489226429,0.37865227347202685,1.7115249256766905,2,4301.322979922239
0,32229,0.0007155015930912015,0.4202596596195797,1.7168135206720632,2,4141.318916052041
0,32242,0.0007165953528919865,0.41954216335102185,1.713648687569929,2,4158.737131403125
0,32279,0.0007300961046152539,0.48173852502694436,1.8638150847699713,2,4272.67264646893
0,32316,0.0007168232462470266,0.4542497670562271,1.7031260862637223,2,4183.324136358532
0,32353,0.0007302372237962795,0.5151670173637366,1.8208885444161556,2,4345.304434203006
0,32390,0.0007301798409347791,0.4693295296128012,1.8673290674336174,2,4272.26739797282
0,32427,0.0007301594643618535,0.4210815200231391,1.92849775960108,2,4292.278867537519
0,32451,0.0007160880018961865,0.41909873179861395,1.723575069758562,2,4114.32693194644
0,32464,0.0007171817616969715,0.41838123553005613,1.7204102366564278,2,4221.172234045068
0,32501,0.0007171822670484183,0.4468795906410273,1.7384479088755838,2,4159.408290114159
0,32538,0.0007171930914840184,0.4582897183090646,1.7175061933742195,2,4212.340471365611
0,32575,0.0007172107723493521,0.4400101971272402,1.735558853365209,2,4177.0189148083255
0,32612,0.0007172162466184068,0.4279496591886144,1.7264409080200915,2,4158.0167040438155
0,32649,0.000717217689464838,0.38440390296745147,1.7267829999930961,2,4292.066948183833
0,32686,0.000717217970025253,0.4290799252529989,1.7365066268109859,2,4150.72030131122
0,32723,0.0007172455490165185,0.38668238262888655,1.7056505347225526,2,4309.434949392958
0,32760,0.0007172525596226953,0.45860364165947015,1.7308000509881718,2,4157.528073428216
0,32797,0.0007172554527901835,0.4446061861214083,1.7399543533521658,2,4194.67008753241
0,32834,0.000717269392607799,0.37636899026244786,1.7777296385246097,2,4241.4975163059025
0,32871,0.0007173089611366289,0.4568846103798553,1.718038591268024,2,4162.615277379228
0,32908,0.000717316330610723,0.4594597395685443,1.7337363896014988,2,4182.582490296709
0,32945,0.000717324072426893,0.3887650841437764,1.7638687819250454,2,4294.897675160174
0,32969,0.0007290216293192649,0.5111160962597554,1.8334457133174604,2,4275.333295571233
0,32982,0.0007301153891200499,0.5103985999911975,1.8302808802153263,2,4301.126142419848
0,33019,0.000717376967378506,0.45635266600723284,1.7138180933296627,2,4144.9699407030075
0,33056,0.0007173800394375273,0.3844248969183455,1.7212965093226225,2,4295.735737313585
0,33093,0.0007301834121017741,0.514741811498257,1.8650532099779915,2,4261.322874858021
0,33117,0.0007157632205682473,0.37807577158138866,1.7024649388833397,2,4308.95730140071
0,33130,0.0007168569803690322,0.37735827531283084,1.6993001057812056,2,4323.051789810069
0,33167,0.0007170870612225594,0.44271294990725363,1.730276211126797,2,4146.621085373926
0,33204,0.0009150188811169465,2.1350563592433636,4.530697574721259,2,5330.786907541803
0,33228,0.0007157713325490262,0.4433763502525047,1.6984441830709653,2,4171.607799610797
0,33241,0.0007168650923498112,0.4426588539839469,1.6952793499688312,2,4261.202550329178
0,33278,0.0007168955048274758,0.43114503115545444,1.7328443827395439,2,4203.047405736704
0,33302,0.0007158143439355101,0.4398768500946689,1.7111728395972445,2,4174.911791752782
0,33315,0.0007169081037362951,0.4391593538261111,1.7080080064951104,2,4159.222141585196
0,33352,0.0009141179913358074,2.0843136513482197,4.536522533061922,2,5333.799530721352
0,33376,0.0007158236577764028,0.45410629931857227,1.7149799097292147,2,4161.601539700228
0,33389,0.0007169174175771877,0.45338880305001444,1.7118150766270805,2,4164.827878279562
0,33426,0.0007169223410683216,0.3865605815266103,1.758501620707433,2,4187.311325364955
0,33463,0.0007169226387592018,0.4549969307268574,1.718372327725356,2,4174.838143113059
0,33500,0.0007169227790770066,0.4214831195920852,1.7212029796838089,2,4132.195351940581
0,33524,0.0007158447498527563,0.44235966953657546,1.7042976863110593,2,4180.253934425009
0,33537,0.0007169385096535412,0.44164217326801763,1.7011328532089252,2,4217.338796532381
0,33574,0.0007169392133370357,0.4579859291400214,1.736686730922479,2,4173.181334690361
0,33611,0.000730216778462891,0.4176642635160428,1.9266062074361585,2,4329.594101166874
0,33648,0.000730215153940136,0.5184970577045439,1.8533313020039819,2,4247.035830891957
0,33685,0.0007169676001126712,0.4453220646007899,1.7266057638132344,2,4228.017025045266
0,33722,0.0007169808343508711,0.3816210395638431,1.7695974649067612,2,4229.410336843916
0,33759,0.0007169895891788958,0.421662370485056,1.7299702469174816,2,4139.238166817041
0,33783,0.0007159125852243063,0.44645924188264974,1.692626034811186,2,4214.204130444178
0,33796,0.0007170063450250912,0.4457417456140919,1.6894612017090518,2,4208.504820228523
0,33833,0.0007170068990803567,0.42975465570568583,1.7229577393146664,2,4170.496981155362
0,33857,0.000715934933904273,0.424332116957203,1.7206221440068932,2,4129.926604434993
0,33870,0.000717028693705058,0.4236146206886452,1.717457310904759,2,4207.710845875138
0,33894,0.0007159722865418219,0.37660620614234086,1.7072969576920738,2,4298.056758779511
0,33907,0.0007170660463426069,0.37588870987378303,1.7041321245899397,2,4345.942596028887
0,33944,0.0007170808404295384,0.45571474845465276,1.7238203934217633,2,4170.544420274234
0,33981,0.0007162658206286879,0.4566929935811112,1.723899237270908,2,4193.687073529671
0,34005,0.0007174813158262675,0.4476792148507646,1.7291985094383844,2,4207.202373954775
0,34018,0.0007185750756270525,0.4469617185822068,1.7260336763362503,2,4186.055531825243
0,34055,0.0007186071738281854,0.4486989088977263,1.7447242272649173,2,4173.538812002742
0,34079,0.0007188702506304549,0.4641219504989905,1.7355623612077244,2,4173.367401893451
0,34092,0.0007199640104312399,0.4634044542304327,1.7323975281055903,2,4217.446195319362
0,34129,0.0007199734720335608,0.3795716027634548,1.8150012058806395,2,4234.91875495509
0,34153,0.0007188892807212358,0.4595452310259163,1.7439865240117163,2,4189.775808188973
0,34166,0.0007199830405220207,0.4588277347573585,1.7408216909095822,2,4174.354983111052
0,34203,0.0007294163732458924,0.48610169223464883,1.8577787590533992,2,4246.976375550231
0,34240,0.000720004538292076,0.3927678215869599,1.7978623356265253,2,4234.794386357131
0,34264,0.0007189222695921225,0.46548147315318655,1.7270721238315005,2,4271.86285449988
0,34277,0.0007200160293929075,0.4647639768846287,1.7239072907293664,2,4240.8777358678
0,34314,0.0007200258899980641,0.4703580764909897,1.7298527876275585,2,4254.37366106666
0,34351,0.0007200301981601756,0.4506226269727641,1.7655773249020392,2,4170.591877676736
0,34388,0.0007200332668515403,0.4683512462372148,1.73084282858782,2,4226.725352098984
0,34412,0.0007283026726950091,0.49678512664921204,1.8393382130744569,2,4258.0086743067595
0,34425,0.0007293964324957941,0.4960676303806542,1.8361733799723228,2,4307.8526894870165
0,34462,0.0007293939703317258,0.42275472495209737,1.9074080671253706,2,4308.389272909181
0,34499,0.0007200816045202655,0.460293525344079,1.7619155784660836,2,4198.6306764188785
0,34523,0.0007189946483923729,0.45744592693825126,1.7446994620124965,2,4183.37166349758
0,34536,0.0007200884081931579,0.45672843066969343,1.7415346289103624,2,4208.337048207917
0,34573,0.0007201098332169592,0.39780516537827554,1.7374596211722653,2,4319.547151798922
0,34610,0.0007201217052298982,0.4460063393246909,1.7659150843404696,2,4142.020022502543
0,34634,0.0007190369222070416,0.46627828827062556,1.722548834920916,2,4256.76602526293
0,34647,0.0007201306820078265,0.46556079200206774,1.7193840018187818,2,4266.011882314483
0,34671,0.0007190522965855546,0.4518284342761261,1.7587981444957603,2,4191.604287082353
0,34684,0.0007201460563863396,0.4511109380075683,1.7556333113936262,2,4212.202072764349
0,34708,0.0007190861643267707,0.4658082754689727,1.7341520604034397,2,4215.902070723199
0,34721,0.0007201799241275557,0.46509077920041486,1.7309872273013056,2,4233.356611489011
0,34758,0.0007201955587936244,0.3933677201294665,1.754917473410358,2,4303.708451321818
0,34795,0.0007199459673494381,0.3880854658864115,1.74842339503803,2,4323.1391801622985
0,34832,0.0007293659772702293,0.4828854220659432,1.852953501667949,2,4242.2608120120785
0,34869,0.000729428492642782,0.5159067198540308,1.8511177264395577,2,4337.917072361056
0,34906,0.0007294415452055422,0.49166337774869284,1.8574874305270976,2,4298.426641981574
0,34943,0.000719589685866103,0.39173413360735576,1.8002501769255383,2,4206.137686712259
0,34980,0.0007196036621183612,0.3959785713546553,1.786663440337053,2,4317.3052727457225
0,35017,0.000729543008613058,0.4307630174864179,1.9050612677605976,2,4338.561713180858
0,35041,0.0007185191022491189,0.4648205013528605,1.733882385777761,2,4250.837402228445
0,35054,0.0007196128620499039,0.4641030050843027,1.7307175526756269,2,4208.540491003277
0,35078,0.0007284472514786901,0.49595080469205516,1.8276269626935495,2,4294.974693863912
0,35091,0.0007295410112794751,0.49523330842349733,1.8244621295914154,2,4326.89547812054
0,35115,0.0007284384463511592,0.5072717264754485,1.8396670523182166,2,4321.610350858309
0,35128,0.0007295322061519442,0.5065542302068907,1.8365022192160825,2,4253.387934605404
0,35165,0.0007295305890725501,0.42805399646214753,1.8363158002508606,2,4416.647423051632
0,35202,0.0007295093318338944,0.5113088185358349,1.824444828935502,2,4307.976299938418
0,35239,0.0007196958705792958,0.39571134264295194,1.7235779851053807,2,4305.772398807924
0,35276,0.000719714043520412,0.3883422170980387,1.7966765987888635,2,4239.5437565673365
0,35300,0.0007186427544339962,0.46208621445023207,1.745115863362865,2,4204.743899020921
0,35313,0.0007197365142347812,0.46136871818167424,1.7419510302607308,2,4211.5299963618045
0,35350,0.0007197889782793675,0.3835926958578042,1.7525074146823578,2,4307.652935896948
0,35374,0.000728378092270264,0.494957098226236,1.8354695993891466,2,4245.215474468466
0,35387,0.000729471852071049,0.4942396019576782,1.8323047662870124,2,4328.787490352375
0,35424,0.0007198258680763603,0.4329669199731527,1.7557440134629732,2,4146.313418704553
0,35461,0.0007198258779608184,0.4605643302464101,1.764610879458946,2,4165.4924530710605
0,35498,0.0007198383388855417,0.39351937348563365,1.745907023954191,2,4324.699319241273
0,35535,0.0007198521860918146,0.3814383716652555,1.8128730947822254,2,4248.461533301384
0,35572,0.0007198580270230164,0.4635023833443581,1.7623221965125513,2,4220.743843833816
0,35609,0.0007198735130938631,0.46607478828602206,1.7143174019806573,2,4275.273381949789
0,35633,0.0007188086805354173,0.4653421055315265,1.7539059511581965,2,4169.202240680594
0,35646,0.0007199024403362023,0.46462460926296867,1.7507411180560624,2,4199.973516445307
0,35670,0.0007184957483759405,0.46503922205722004,1.732775332725637,2,4229.162614217524
0,35683,0.0007195895081767255,0.4643217257886622,1.7296104996235029,2,4192.043940047238
0,35707,0.0007191353643865022,0.39329567352038786,1.744722841352144,2,4286.918017695747
0,35720,0.0007202291241872872,0.39257817725183003,1.74155800825001,2,4359.016224340976
0,35744,0.0007191825957357143,0.44252218914898805,1.7568407936366897,2,4138.998509376514
0,35757,0.0007202763555364993,0.4418046928804302,1.7536759605345555,2,4196.030977401529
0,35794,0.0007206654250625459,0.46381644260236526,1.7756161690605075,2,4217.484281148589
0,35831,0.0007292573130163,0.4287895657076749,1.9049327140299515,2,4294.121382614772
0,35855,0.0007281587385933895,0.507689184708862,1.828034830319788,2,4276.682922610173
0,35868,0.0007292524983941745,0.5069716884403042,1.8248699972176539,2,4313.022685694517
0,35892,0.0007196238468612211,0.4698787336903426,1.7629099761241815,2,4195.955167827248
0,35905,0.0007207176066620061,0.4691612374217848,1.7597451430220474,2,4260.4773656030375
0,35929,0.0007196396006560142,0.4360219863791221,1.7553700580949025,2,4150.38052228796
0,35942,0.0007207333604567992,0.43530449011056427,1.7522052249927684,2,4212.114190115447
0,35979,0.0009344506282072676,2.10914536617719,5.051214748364779,2,5329.496443271539
0,36003,0.0007281398770873993,0.48831137622342224,1.8463152321652123,2,4209.231433069922
0,36016,0.0007292336368881843,0.4875938799548644,1.8431503990630782,2,4268.7441838734
0,36053,0.0007207441050137637,0.38818772290551,1.7615801958061013,2,4329.579645760801
0,36090,0.000720748044680528,0.4296091972620859,1.7689490775371568,2,4154.683473306153
0,36127,0.000720782264627715,0.47200561412875447,1.7647732107954688,2,4199.141928444369
0,36151,0.0007197079402605545,0.4478133622498796,1.7640369427937963,2,4177.556673733235
0,36164,0.0007208017000613395,0.4470958659813218,1.7608721096916622,2,4201.21254782622
0,36201,0.0007292269577575609,0.4782811796229253,1.853912522270076,2,4247.865065232349
0,36238,0.0007208286628416322,0.3922150097627928,1.816359046378113,2,4265.022926690345
0,36262,0.0007197541406349391,0.46014735960054975,1.7566424405300503,2,4170.908849154296
0,36275,0.0007208479004357241,0.45942986333199193,1.7534776074279161,2,4206.24654299629
0,36312,0.0007292144099299837,0.4113526957696928,1.8490792042560207,2,4385.41734139407
0,36349,0.0007292080428980574,0.5139382474904288,1.8390209264610606,2,4351.421194143145
0,36386,0.0007208663240703985,0.39659911193103903,1.7385541746228972,2,4332.231025797878
0,36423,0.0007292059414650893,0.5098848249291464,1.8607223494991887,2,4254.079004721416
0,36460,0.0007209201376045242,0.3919461991865066,1.7614702062599805,2,4336.595798254649
0,36497,0.0007206590615692071,0.440127654175335,1.770641917114735,2,4151.735256865335
0,36534,0.0007202570576531056,0.4595309132406239,1.7689697136385434,2,4185.999225907562
0,36571,0.0007206456430210284,0.4693089878353843,1.7316981470387973,2,4240.713380980075
0,36608,0.0009337013837026429,2.1198430594053197,4.987487875595806,2,5339.978747358057
0,36632,0.0007191855882243579,0.4637346948304421,1.7256266611370852,2,4176.29789781862
0,36645,0.0007202793480251429,0.4630171985618843,1.722461828034951,2,4234.632070512919
0,36682,0.000931964141028419,2.4377914077144256,4.8362851032285485,2,5434.085557710524
0,36719,0.0007293393222512078,0.5099125127496774,1.840759965386501,2,4268.125564693319
0,36756,0.0007203494964649533,0.4582734301923181,1.7642427144823494,2,4180.7414577705
0,36780,0.000719293955510912,0.45290273693864047,1.7370991672593075,2,4211.616307993567
0,36793,0.000720387715311697,0.45218524067008264,1.7339343341571734,2,4223.933889894296
0,36830,0.0007204153366715142,0.39446767872860733,1.75574125108886,2,4321.201976045748
0,36854,0.0007193279671227354,0.4536506830370475,1.736931023240344,2,4217.4806292166895
0,36867,0.0007204217269235204,0.45293318676848965,1.73376619013821,2,4221.722043454477
0,36904,0.0007293063655786399,0.5118070877904387,1.8541773296781812,2,4263.215427756453
0,36928,0.000719375475437717,0.4653293647745764,1.7421664634344323,2,4172.911995462525
0,36941,0.000720469235238502,0.4646118685060186,1.7390016303322982,2,4227.999461245189
0,36965,0.000719393633497707,0.4574823715498415,1.7576302083740034,2,4191.728315494981
0,36978,0.000720487393298492,0.4567648752812837,1.7544653752718693,2,4209.80858027234
0,37002,0.0007193954945103883,0.44688526078951973,1.758587541162478,2,4145.31350640009
0,37015,0.0007204892543111733,0.4461677645209619,1.755422708060344,2,4190.132013341044
0,37052,0.000720491069392471,0.38743367727511596,1.7502074658899227,2,4323.843534520305
0,37089,0.0007292996680249193,0.4237065842634989,1.8542651254124893,2,4361.862375053996
0,37126,0.0007205095080152396,0.4437202056091206,1.7673091547876303,2,4158.503882650515
0,37163,0.0007205229286847501,0.4241039446914345,1.765901652952964,2,4206.490972340594
0,37200,0.0007205532974021914,0.3972777445599393,1.7576598414734013,2,4291.304571278403
0,37237,0.0007205579334581977,0.4344573852640044,1.7634903630057521,2,4196.650044911702
0,37274,0.0007292915471597223,0.5058883201640609,1.8624167013653674,2,4270.1956930097485
0,37311,0.000720590843810474,0.39914880127658403,1.757680871660643,2,4304.727710418766
0,37348,0.0007292718298399102,0.49270890761096275,1.8554206383443144,2,4224.373540331853
0,37385,0.0007185984746279121,0.45219064672533504,1.7419102259387338,2,4231.174384182645
0,37422,0.0007195884890122559,0.45331580495289064,1.7539556685626403,2,4182.852708916913
0,37459,0.0007195809978971742,0.3936416721765706,1.7308811953868564,2,4298.231315417503
0,37483,0.0007177146553441719,0.44991884421353345,1.729542690216203,2,4148.139679357394
0,37496,0.0007188084151449569,0.4492013479449756,1.7263778571140689,2,4198.844708733503
0,37533,0.0007188155510511988,0.45932489140825505,1.7458327454201519,2,4181.792194544921
0,37557,0.0007286470073794847,0.4990536352361244,1.8482972365745558,2,4240.913989816624
0,37570,0.0007297407671802697,0.49833613896756657,1.8451324034724217,2,4293.281928120105
0,37607,0.0007297401255135845,0.48518590108459847,1.8590972883211494,2,4260.919948498615
0,37644,0.0009244959356569461,2.2219010974634683,4.732590429212612,2,5458.209035376537
0,37681,0.0007188429078568741,0.46260358562469733,1.7117521006067558,2,4281.788789824842
0,37705,0.0007177536020598646,0.4562662226981146,1.725416582542888,2,4205.613844767786
0,37718,0.0007188473618606496,0.4555487264295568,1.7222517494407539,2,4242.6052344958325
0,37755,0.0007188501829108365,0.37572962335058235,1.7404906873031596,2,4317.596907884738
0,37779,0.0007177589103820845,0.45836059407666485,1.74176552471515,2,4173.990344768157
0,37792,0.0007188526701828695,0.457643097808107,1.738600691613016,2,4231.298528121019
0,37829,0.0007188537825373524,0.46243671977829337,1.703326796992009,2,4285.254993234266
0,37866,0.0007188820646849273,0.3893796112255041,1.7831438569224598,2,4261.268982136827
0,37890,0.0007286317492423942,0.490577103936032,1.8528371352795472,2,4197.644523849415
0,37903,0.0007297255090431792,0.48985960766747416,1.849672302177413,2,4271.089780899942
0,37940,0.0007189099466560216,0.44396895859924673,1.7483822494381192,2,4120.596660983255
0,37964,0.0007178521685180582,0.43155580801880333,1.7405905315690364,2,4159.935546957837
0,37977,0.0007189459283188432,0.4308383117502455,1.7374256984669023,2,4193.882676837408
0,38001,0.0007286178016954458,0.49325947431972855,1.854306911729085,2,4284.783565200515
0,38014,0.0007297115614962308,0.4925419780511707,1.8511420786269508,2,4276.9483982856445
0,38051,0.0007189537272080667,0.4417931126814353,1.7557694172528728,2,4166.560684770995
0,38075,0.0007178601466922227,0.43835803004783264,1.731099462333285,2,4160.961189520595
0,38088,0.0007189539064930077,0.4376405337792748,1.7279346292311508,2,4240.163054786295
0,38125,0.0007189587142291453,0.38198796484357844,1.7966449516138714,2,4241.845966665685
0,38149,0.0007178670542047198,0.45464604063690084,1.7361073509750624,2,4195.595544011457
0,38162,0.0007189608140055048,0.453928544368343,1.7329425178729283,2,4192.238176098053
0,38199,0.0007188069709225226,0.46284784167436527,1.7048669025740961,2,4287.66563644288
0,38223,0.0007178814365689858,0.463364198286081,1.7413063708311234,2,4212.821601403163
0,38236,0.0007189751963697708,0.46264670201752317,1.7381415377289893,2,4207.330254861099
0,38273,0.0007188058949013488,0.4488400585281092,1.7524576904982776,2,4153.358468230029
0,38310,0.0007188012298731558,0.44467619374486833,1.7448018558695055,2,4171.275670817176
0,38334,0.0007286857775181827,0.505588293035723,1.8236925920844609,2,4299.81726146085
0,38347,0.0007297795373189677,0.5048707967671652,1.8205277589823268,2,4330.130197174279
0,38371,0.0007175775403774336,0.4530664023932497,1.7092971736910474,2,4213.501635265331
0,38384,0.0007186713001782186,0.45234890612469186,1.7061323405889133,2,4198.435395953416
0,38421,0.0007186739471540951,0.44999902891608706,1.745902898411932,2,4171.76331899903
0,38458,0.0007186877979393625,0.4466461469246483,1.753528556815467,2,4196.486209182854
0,38495,0.0007297736369172451,0.41820130887007045,1.9152865443901284,2,4304.923380317251
0,38532,0.0007186900577904049,0.4629506447951481,1.7423429214289339,2,4181.57383804158
0,38556,0.000728677646006717,0.49094113405800205,1.835049566702551,2,4245.778385201305
0,38569,0.000729771405807502,0.4902236377894442,1.831884733600417,2,4292.811352874204
0,38593,0.0007176038601147419,0.4489803082727878,1.7360994175938063,2,4191.318990159561
0,38606,0.0007186976199155269,0.44826281200422996,1.7329345844916721,2,4201.254992121929
0,38643,0.0007187073486442738,0.4590345312501114,1.747240133354668,2,4167.912819211215
0,38680,0.0007187215433501109,0.3783236949825866,1.7308080497570217,2,4320.339043950576
0,38704,0.0007176334734305557,0.3827690786945532,1.7278400578653395,2,4321.558756733195
0,38717,0.0007187272332313407,0.38205158242599535,1.7246752247632053,2,4325.590131586247
0,38754,0.0007187424839044849,0.4606530965695773,1.7481147845494276,2,4200.140225655652
0,38778,0.0007176544456231664,0.3896769352126016,1.7265029893775699,2,4278.328303772599
0,38791,0.0007187482054239514,0.3889594389440438,1.7233381562754357,2,4335.122787917184
0,38815,0.0007286629269241941,0.49535766609891857,1.8400242753752591,2,4214.506580220459
0,38828,0.0007297566867249791,0.49464016983036074,1.836859442273125,2,4298.193567259613
2,15,0.0007062051959864733,0.34660257060961164,1.610387129043825,2,4227.116169681162
2,39,0.0008553443888579365,1.2799016024058016,3.605541802450436,2,4925.172699917604
2,52,0.0008564381486587215,1.2791841061372438,3.6023769693483016,2,4982.979120476612
2,76,0.0007307484764371393,0.49799972937449366,1.8767699008661454,2,4281.741447855227
2,89,0.0007318422362379243,0.4972822331059359,1.8736050677640113,2,4305.217791482056
2,126,0.0008566999750411447,1.4252164184642853,3.532621989521642,2,5022.7274084792625
2,150,0.000706000791297309,0.39808959186254156,1.6127800688910647,2,4092.6143424013335
2,163,0.0007070945510980939,0.3973720955939838,1.6096152357889306,2,4093.9233356999584
2,200,0.0007070993347353482,0.41253022418957996,1.635994531782334,2,4087.166130021096
2,237,0.0007318325044672183,0.5246231707703743,1.8636818505818584,2,4304.574541957996
2,274,0.0007318272987671993,0.523330283023231,1.860166982182237,2,4335.693821441571
2,298,0.0007060478752670625,0.4105871249013139,1.6260133755916115,2,4126.045444060424
2,311,0.0007071416350678475,0.409869628632756,1.6228485424894774,2,4098.441249580056
2,348,0.0007071515829958107,0.37973787725097674,1.630054868428612,2,4085.688793815328
2,385,0.0008572549042028316,1.3659401488402998,3.5682862577448202,2,5032.718093410077
2,459,0.0007071898997682335,0.39176213609694766,1.6330586375893106,2,4075.6513792126934
2,520,0.0007061344962136935,0.4063267344853745,1.6108034542665588,2,4087.544622348038
2,533,0.0007072282560144785,0.4056092382168166,1.6076386211644247,2,4121.970146830303
2,607,0.0007072594789096669,0.35098910644775183,1.6710558331797287,2,4167.205237203205
2,644,0.000731790212495472,0.43328199037161486,1.9415510020182492,2,4348.387796059896
2,681,0.0007072969529584674,0.34937797466721354,1.6231487482945681,2,4239.936389881069
2,705,0.0007062251195602623,0.3996594195857952,1.6160303179747815,2,4072.21019320402
2,718,0.0007073188793610473,0.39894192331723743,1.6128654848726474,2,4121.110178422265
2,755,0.0007070337939759899,0.3893824567690227,1.6303633951924852,2,4081.3690180515655
2,779,0.0007062343640361191,0.4145550396001808,1.627425922230724,2,4056.5571620091646
2,792,0.0007073281238369041,0.4138375433316229,1.6242610891285898,2,4144.4371460685825
2,829,0.0007070261413226282,0.39213363645668875,1.6293814748488464,2,4066.5006673019134
2,927,0.0007057106344161725,0.40002592298341955,1.6104138785661386,2,4074.1632864404
2,940,0.0007068043942169575,0.3993084267148618,1.6072490454640045,2,4119.0553961088135
2,964,0.0007057124443223457,0.4023493202415016,1.6160711941746353,2,4076.5368338965736
2,977,0.0007068062041231307,0.40163182397294384,1.6129063610725012,2,4079.067482960284
2,1001,0.0008534723197575808,1.2490540787762556,3.576478142228156,2,4885.314402824275
2,1014,0.0008545660795583658,1.2483365825076977,3.573313309126022,2,4953.590541960281
2,1038,0.0007057265292965108,0.4037782308444442,1.6091227454741805,2,4081.0382888201016
2,1051,0.0007068202890972957,0.4030607345758863,1.6059579123720464,2,4102.929957788801
2,1088,0.0007068205859725217,0.40739417515787824,1.6205397652319236,2,4082.280611945789
2,1112,0.0007308122813245666,0.5138403282536723,1.8642038871435638,2,4286.9328460072675
2,1125,0.0007319060411253515,0.5131228319851145,1.8610390540414297,2,4301.452923362096
2,1162,0.0007068563667413924,0.381479243991242,1.6277139897027177,2,4063.1841845043336
2,1199,0.0007068641267289842,0.4093456350146166,1.6256877913308003,2,4090.945724174301
2,1236,0.0007318855963787453,0.43264762421174596,1.8770995412479878,2,4400.889888791513
2,1260,0.0007307863180786164,0.5083604365043684,1.8740811395633625,2,4257.593483261813
2,1273,0.0007318800778794014,0.5076429402358106,1.8709163064612284,2,4323.912475405465
2,1310,0.0007318777403032104,0.526794949722472,1.8435300293502352,2,4350.607443991732
2,1334,0.0007307819162317536,0.5054540760987585,1.87139159636924,2,4245.227839156357
2,1347,0.0007318756760325385,0.5047365798302007,1.868226763267106,2,4275.459069968978
2,1384,0.0007069097878554758,0.4045733574031559,1.6295815966244762,2,4064.682574486802
2,1421,0.0007318722226934118,0.5224516239495858,1.8678342953785656,2,4329.7853730606275
2,1458,0.0007069257999371306,0.3813507453559035,1.6276145165034295,2,4048.4262818145726
2,1667,0.0007306811309204651,0.5194519032250184,1.8485800402409787,2,4312.169454679205
2,1680,0.00073177489072125,0.5187344069564607,1.8454152071388445,2,4351.77143971879
2,1791,0.0007078048238246001,0.4086955225075818,1.6390361361664942,2,4080.506365452545
2,1902,0.0007078499463061071,0.39320111826051185,1.6311155961739983,2,4093.0845539886814
2,1939,0.0007078649198637491,0.3854011451827396,1.6351262633408048,2,4081.4672165376596
2,1963,0.0007067719686079421,0.4070140544112486,1.6280997251430134,2,4093.5059858932723
2,1976,0.0007078657284087271,0.4062965581426907,1.6249348920408793,2,4084.3583754552933
2,2124,0.0007079555397843831,0.41333914498391466,1.6406008787746382,2,4106.780192258404
2,2161,0.00070796205685522,0.39961700194466765,1.640556968994387,2,4091.318338711692
2,2198,0.0007079782972028722,0.38707884432277617,1.6334897714819117,2,4124.910270753498
2,2235,0.0007079973704940441,0.356384257338758,1.6098937459006655,2,4272.254673874578
2,2272,0.0008633095710643947,1.5143439766049336,3.6274631027357493,2,5150.20928532534
2,2309,0.0007080049914703504,0.41274420102665,1.6360965406229526,2,4098.554043299403
2,2346,0.0007316307484684691,0.498609182173286,1.8866183123968918,2,4258.605387234486
2,2383,0.0007080445139527154,0.3985024839952934,1.6336066375896872,2,4117.572509413752
2,2420,0.0008635298257382674,1.483300995370269,3.6384213632574203,2,5084.176801716977
2,2457,0.0007077908092204663,0.4165693966658732,1.6242448993790684,2,4091.0219513384404
2,2481,0.0007062514892054656,0.39881649794648366,1.6170966694530287,2,4087.21772559004
2,2494,0.0007073452490062506,0.3980990016779258,1.6139318363508945,2,4082.642064244876
2,2531,0.0007077399968586082,0.3548091377329783,1.608341673874955,2,4218.038660025302
2,2568,0.0007076707541756937,0.3548905451635793,1.6073960228521467,2,4234.224126134316
2,2642,0.0007074289491608323,0.3498444533826015,1.6205721580323258,2,4248.456767089936
2,2679,0.0008593862896210853,1.28424891598584,3.6709561444574206,2,4939.590669892006
2,2703,0.0007063508722768692,0.41267609575852326,1.627269919760252,2,4102.5158781643595
2,2716,0.0007074446320776542,0.4119585994899655,1.624105086658118,2,4110.04663256522
2,2777,0.0007306588068632408,0.5154806683933116,1.8541524715081694,2,4279.976123918845
2,2790,0.0007317525666640258,0.5147631721247539,1.8509876384060353,2,4361.23785781903
2,2814,0.0007306577880008828,0.49511100640097583,1.8764504424754294,2,4250.192104206886
2,2827,0.0007317515478016677,0.49439351013241795,1.8732856093732952,2,4259.78668292421
2,2851,0.0007063797134914614,0.4132793143844079,1.6207192381985467,2,4099.159298729706
2,2864,0.0007074734732922463,0.41256181811585,1.6175544050964126,2,4096.786555174028
2,2901,0.0007074860486126458,0.35460892356449414,1.6264432189290532,2,4220.338001647524
2,2938,0.0007075022532862724,0.4157292960141624,1.610263493161057,2,4113.602646099358
2,2962,0.0007306394439452044,0.513774902390451,1.8742959553590535,2,4311.252243109687
2,2975,0.0007317332037459894,0.5130574061218932,1.8711311222569194,2,4262.516437374433
2,3036,0.0007064725460335645,0.40271705929637824,1.6264525186578374,2,4052.359489030771
2,3049,0.0007075663058343495,0.40199956302782036,1.6232876855557032,2,4134.21841016912
2,3086,0.0008604894643735804,1.319114319537077,3.666666171454653,2,4999.462175930612
2,3123,0.0007075946992673728,0.4156284318434571,1.6241020568384552,2,4091.1167726673543
2,3147,0.0007306288933949906,0.5126784666850912,1.8727981108727743,2,4326.8251072233925
2,3160,0.0007317226531957755,0.5119609704165334,1.8696332777706401,2,4290.910812702897
2,3197,0.0007317176087850153,0.5140923101144301,1.8858246316482843,2,4260.352803007789
2,3221,0.0007065672652442502,0.40752073830501745,1.6237306646691982,2,4102.172317997373
2,3234,0.0007076610250450352,0.40680324203645957,1.6205658315670641,2,4098.752108062536
2,3271,0.0008609823225785155,1.3094261131176694,3.6970181535742204,2,5008.373504336275
2,3308,0.0007077183287488587,0.40591572805963516,1.6324342403906271,2,4075.8349339495257
2,3419,0.0008533405384358096,1.4177749666415151,3.461770418164951,2,5063.11599345429
2,3443,0.0007310077276118556,0.5149188807033469,1.858829184354775,2,4286.0186415256585
2,3456,0.0007321014874126406,0.5142013844347891,1.855664351252641,2,4338.542194411961
2,3567,0.000705893912900645,0.4029322955661566,1.623793377946567,2,4064.989366890071
2,3604,0.0008479397123463315,1.3212706452945986,3.389129798443136,2,5007.30056114124
2,3641,0.0007059152605068263,0.3959406681376131,1.6163551221735704,2,4074.116702958068
2,3739,0.0007048827175294093,0.39824739991802294,1.6122823832398319,2,4068.961320782497
2,3752,0.0007059764773301942,0.39752990364946506,1.6091175501376977,2,4103.995488031746
2,3789,0.0007059815596966208,0.39231319342100157,1.6209885537460642,2,4085.635086007521
2,3863,0.0008486556799036795,1.1639844979944378,3.4844876455037954,2,4929.929507781524
2,3900,0.0008487165923855115,1.3862129474582943,3.37643054532011,2,5081.532525323667
2,3937,0.0007060060872024163,0.39574747378317887,1.6163918944526972,2,4094.861114074993
2,3998,0.0007049290479152727,0.40626997264639164,1.5936333440068333,2,4053.0791695882285
2,4011,0.0007060228077160577,0.40555247637783376,1.5904685109046992,2,4156.398402724009
2,4048,0.0007060351828564732,0.4021172050557579,1.6179554475259417,2,4100.289777001878
2,4159,0.0007321105042068625,0.5241686972272928,1.8842016712749747,2,4277.374795747843
2,4270,0.0007057914035315006,0.39682027380354057,1.6217110053175066,2,4114.230894109526
2,4307,0.0007321985817884549,0.5248365254126132,1.8767675676485056,2,4321.92941115954
2,4381,0.0007321765543555401,0.5054887290992353,1.8898777861493008,2,4234.580811855174
2,4418,0.000845866433411101,1.3386160580853823,3.3444825207651863,2,5014.164773485477
2,4442,0.0007045376091805413,0.3970495425552605,1.6036530155301707,2,4084.1230713527193
2,4455,0.0007056313689813263,0.3963320462867026,1.6004881824280366,2,4095.1488608074337
2,4479,0.0007310625777445901,0.5163757833532813,1.8795501297621853,2,4270.787604004907
2,4492,0.0007321563375453751,0.5156582870847235,1.8763852966600512,2,4323.0525283725465
2,4529,0.0007056599346810928,0.346088325754632,1.601424243778427,2,4215.386312484771
2,4640,0.000846477629059413,1.3527594938993028,3.3511318602023854,2,5000.69399583638
2,4701,0.0008456476130129986,1.2663948419254647,3.393452821734182,2,4964.841648107269
2,4714,0.0008467413728137836,1.2656773456569068,3.3902879886320476,2,4948.734362181099
2,4751,0.0007321276640543504,0.48118803049890524,1.885066277932319,2,4288.999226810462
2,4788,0.000705760199975602,0.3486818954083972,1.5927521509255333,2,4213.909422044286
2,4812,0.0007046730800689976,0.40264724652436534,1.5890282462893106,2,4130.840074687317
2,4825,0.0007057668398697826,0.40192975025580757,1.5858634131871765,2,4109.142196032832
2,4899,0.0008470132125637313,1.3528358054027718,3.3587209111385676,2,5038.052162141594
2,4936,0.0007057781067715829,0.4096935829054339,1.6202373242596022,2,4140.725738780654
2,5047,0.0007067192605467555,0.41019582039558533,1.6220169101687814,2,4092.396370347232
2,5108,0.0007049799316125356,0.3941065560985194,1.6132199244894128,2,4107.261854651094
2,5121,0.0007060736914133206,0.39338905982996164,1.6100550913872786,2,4064.126909247392
2,5158,0.000706459252224733,0.39552793517711715,1.6176039923408176,2,4077.7657090804164
2,5195,0.0007064601043180382,0.3895847386020628,1.619421730248798,2,4077.537417466829
2,5219,0.0007053712505456828,0.4066665194365192,1.6003031470259232,2,4110.11059322298
2,5232,0.0007064650103464678,0.40594902316796144,1.5971383139237891,2,4111.821618753238
2,5306,0.0007065096203812344,0.4073468818811746,1.6249677132613565,2,4099.402264269463
2,5417,0.0007065416826575589,0.4130566533541197,1.6159598280746146,2,4083.281420314587
2,5454,0.0007065589088348167,0.41001273161097385,1.5900778674167062,2,4136.96457446608
2,5491,0.0007065629915361174,0.414628796480931,1.6219521153660457,2,4085.7432970814725
2,5528,0.0007066026473176946,0.34814580935898676,1.6082521956600628,2,4231.435527230461
2,5565,0.0007319341239266377,0.4866427093250264,1.8819355326605727,2,4240.028888350606
2,5639,0.0007066410883275192,0.34955829297702334,1.612769064735578,2,4199.966398371152
2,5713,0.0007066851632741978,0.4131786666232239,1.6041092601204976,2,4072.488295274989
2,5787,0.0008532407882611718,1.1979191506809561,3.5577123473315,2,4974.781589173438
2,5811,0.0007308335068387772,0.5188552308854092,1.8502555538142935,2,4326.969279048299
2,5824,0.0007319272666395622,0.5181377346168514,1.8470907207121594,2,4300.740434800059
2,5861,0.0007319838439302646,0.5220114629117396,1.865702192219207,2,4333.964269494622
2,5898,0.0007320465032971784,0.526012255616542,1.8922419434813065,2,4302.468107003123
2,5972,0.0008512037214497399,1.293387627503431,3.480715012357556,2,4982.431729922921
2,5996,0.0007049911672403843,0.40001324195525756,1.6076306188465601,2,4076.192509917766
2,6009,0.0007060849270411693,0.3992957456866997,1.604465785744426,2,4076.0505987614642
2,6046,0.0007060964736716336,0.4098944194576778,1.606610455304437,2,4090.437798096972
2,6083,0.0007061316623586853,0.4119704549959412,1.6225490923891805,2,4120.35031625236
2,6120,0.0007061397314814646,0.3822073464299227,1.6126738583941878,2,4080.683978318544
2,6144,0.0007050466319552754,0.3990649065476437,1.6041639699820918,2,4108.8992303229825
2,6157,0.0007061403917560604,0.39834741027908593,1.6009991368799577,2,4107.2424457622055
2,6292,0.0007050945302843736,0.3974397445131055,1.610740043631215,2,4030.127872983803
2,6305,0.0007061882900851585,0.3967222482445477,1.6075752105290808,2,4107.524191962091
2,6342,0.0007062071157956861,0.4081356124939082,1.6174961037378812,2,4086.308613158105
2,6379,0.0007320172642756094,0.47770182746480594,1.8922092796735002,2,4219.357590622495
2,6453,0.0007062490814194438,0.3523799888827034,1.5914308900695109,2,4247.985602841863
2,6477,0.000730911607783978,0.5123599468227106,1.874789492715782,2,4236.097354260331
2,6490,0.000732005367584763,0.5116424505541528,1.8716246596136479,2,4271.404375837797
2,6588,0.0007309090530113506,0.5200522757656718,1.8705722784460614,2,4294.945433238476
2,6601,0.0007320028128121356,0.519334779497114,1.8674074453439273,2,4302.381891195887
2,6773,0.0007305150631509768,0.4933605006707009,1.873485884802616,2,4268.932731755509
2,6786,0.0007316088229517618,0.49264300440214315,1.8703210517004818,2,4278.669085078029
2,6823,0.0008641521441910914,1.4848614619625924,3.6582531685675206,2,5038.702303835429
2,6860,0.0007095878285064377,0.4257581724893619,1.6521348422353492,2,4100.536703546176
2,6897,0.0007096020408714067,0.40634062078405475,1.6533922460199932,2,4102.079873645068
2,7119,0.0007096642619792717,0.4110867761000596,1.6589110424219644,2,4151.851674100002
2,7193,0.0007097040383582103,0.4067118461912499,1.6492420793952198,2,4088.5677586836773
2,7230,0.0007097215219281944,0.4006499055058965,1.6565898482140162,2,4097.73255894589
2,7267,0.0007312453175188145,0.42105711319947403,1.8700964691031043,2,4382.025889397618
2,7304,0.0007097335515521878,0.3599655165696346,1.6483558009968236,2,4222.135105419561
2,7365,0.0007086585234996962,0.4188766639910284,1.6448495377734302,2,4145.284912004981
2,7378,0.0007097522833004812,0.41815916772247064,1.6416847046712961,2,4107.770642694807
2,7439,0.0007086772589597986,0.4215751523490354,1.6460706567866155,2,4094.4467058895584
2,7452,0.0007097710187605836,0.42085765608047765,1.6429058236844813,2,4143.438078624407
2,7489,0.000709771187975975,0.40168585962788694,1.6498236678977116,2,4104.990012922896
2,7563,0.0007095581488382772,0.42405699933778596,1.6281000912837464,2,4128.03401274859
2,7600,0.0007098363935479768,0.4224600859225227,1.6598711855035884,2,4102.157511584899
2,7637,0.0007095483755684037,0.42228915218359453,1.6199553885814664,2,4137.720675654287
2,7661,0.0007301987937849297,0.5113996737463438,1.8686906476835645,2,4333.595229143256
2,7674,0.0007312925535857146,0.510682177477786,1.8655258145814304,2,4256.2888485244275
2,7711,0.0007313567965435008,0.490444113664677,1.8741077147876268,2,4267.676850822124
2,7748,0.0007093248950303242,0.361429595648344,1.6393642158882455,2,4220.826518312891
2,7785,0.0007313441990930499,0.4328529049824126,1.8700239807076364,2,4383.474416923394
2,7809,0.000872533145139522,1.494908229784877,3.8506186904026785,2,5108.615748113725
2,7822,0.000873626904940307,1.4941907335163191,3.847453857300544,2,5082.1089072230825
2,7846,0.0007302478719754306,0.5106722824250163,1.8722577104403928,2,4310.053685180749
2,7859,0.0007313416317762156,0.5099547861564585,1.8690928773382587,2,4270.665202261949
2,7883,0.0007302430735470287,0.5092090529759358,1.8586256340644398,2,4286.851947268492
2,7896,0.0007313368333478137,0.508491556707378,1.8554608009623057,2,4332.110328125634
2,7970,0.0007094257225540321,0.42335446012360267,1.6360901322501749,2,4096.237771949187
2,8007,0.0007094268900719072,0.40328087115759315,1.65651726634769,2,4093.763116192667
2,8031,0.0007083448593055355,0.4084512041195586,1.6342438049909416,2,4058.458318387131
2,8044,0.0007094386191063205,0.4077337078510007,1.6310789718888075,2,4148.76842882913
2,8068,0.0007302279031751299,0.5009370028161785,1.8758025318886644,2,4251.128679672966
2,8081,0.0007313216629759149,0.5002195065476207,1.8726376987865303,2,4262.002226281297
2,8118,0.0007313199248968372,0.4989513590049357,1.8814919734232791,2,4258.827000708786
2,8155,0.0007094453212364493,0.4215520395090555,1.6480535777506744,2,4151.522463559503
2,8266,0.000731312523509269,0.5203958400649279,1.8543856050128906,2,4334.780138295334
2,8340,0.0007313072667528216,0.4843910362591457,1.8821883050382615,2,4215.725650625748
2,8475,0.0007087514966769165,0.40885400338110744,1.6447448734439052,2,4089.6281885419735
2,8488,0.0007098452564777015,0.40813650711254956,1.641580040341771,2,4133.848995983851
2,8525,0.0007098742232979869,0.3595301346958223,1.6512984514623497,2,4215.696531054434
2,8562,0.0007102702656133706,0.423026599175258,1.664549696221106,2,4115.995809412332
2,8710,0.00087987582473609,1.5010676080382477,4.028244191395014,2,5051.675703777763
2,8784,0.0007103525869534854,0.40256426862938777,1.6616815710671173,2,4098.216435336651
2,8845,0.0007092727689467616,0.41880881899392,1.6427089557384362,2,4136.485071601294
2,8858,0.0007103665287475465,0.4180913227253622,1.6395441226363021,2,4144.394618779379
2,8882,0.000730022032657357,0.5072269393285549,1.875958487246419,2,4230.935890344275
2,8895,0.0007311157924581419,0.5065094430599971,1.872793654144285,2,4270.5989173143735
2,8919,0.0007300159399964381,0.5183624814242731,1.8499205405482173,2,4268.143825310767
2,8932,0.0007311096997972231,0.5176449851557153,1.8467557074460832,2,4328.468439627617
2,9030,0.0007093663753285035,0.4150775663982884,1.6590653060901361,2,4074.2774652756502
2,9043,0.0007104601351292885,0.41436007012973064,1.655900472988002,2,4112.990802311903
2,9080,0.0007104693303847785,0.4287552669187096,1.6658944233908686,2,4109.565290670817
2,9252,0.0007091398748926287,0.41572667617886694,1.6566812770946044,2,4120.819732541605
2,9265,0.0007102336346934137,0.41500917991030917,1.6535164439924703,2,4104.3257552624855
2,9289,0.0007301264660720714,0.5012059396872821,1.8565861301980588,2,4249.803902667722
2,9302,0.0007312202258728564,0.5004884434187242,1.8534212970959247,2,4298.674167566941
2,9339,0.0007101962824721162,0.4262915522259425,1.6504483511672872,2,4124.249619418594
2,9376,0.0007101365053931933,0.42732259099917025,1.6673116108755446,2,4138.68152516782
2,9400,0.0007301251974592689,0.5051755138003766,1.8693491568252054,2,4244.865635000378
2,9413,0.0007312189572600538,0.5044580175318188,1.8661843237230713,2,4307.633027478631
2,9450,0.0008769340348175528,1.4617295968699706,3.9676364220328955,2,5082.661891740083
2,9487,0.0007099156137014151,0.356043242462741,1.6410042545459598,2,4237.940504537646
2,9524,0.0007099338496719726,0.41496573348952315,1.6645316454181307,2,4107.0269549427185
2,9561,0.0007099369583495518,0.4061612197957455,1.6567685898753648,2,4116.57300165537
2,9598,0.0007099409697281678,0.3652422638266444,1.694876844134991,2,4155.022834276771
2,9672,0.0007099529843299095,0.4287707523728099,1.6498036339450344,2,4134.723846141542
2,9709,0.0007099825189043567,0.408476332181974,1.654195531144739,2,4094.9574660332423
2,9783,0.0007311834819542641,0.4270667356544442,1.8658050841545881,2,4418.645214714779
2,9820,0.0008781096716947192,1.4912757121758788,3.97711775360251,2,5059.537030778149
2,9857,0.0007100707319308997,0.363607080509864,1.6388697274021704,2,4257.707985896147
2,9918,0.000708990410969395,0.4146523022105544,1.653345798533543,2,4112.867479684105
2,9931,0.0007100841707701799,0.4139348059419965,1.6501809654314088,2,4096.4483716552895
2,9955,0.0007300817937474327,0.509377425123595,1.8489869849385494,2,4295.520543589942
2,9968,0.0007311755535482177,0.5086599288550372,1.8458221518364153,2,4347.724553805511
2,10005,0.0007100993381897739,0.4041856426054087,1.6556017867431765,2,4083.0218993886497
2,10029,0.0007090197842692754,0.4113494932598737,1.646749658809109,2,4067.2413210167156
2,10042,0.0007101135440700603,0.4106319969913158,1.643584825706975,2,4135.8002970971775
2,10066,0.0007300743651052646,0.5051144796245365,1.8587235088226948,2,4242.439399002366
2,10079,0.0007311681249060496,0.5043969833559787,1.8555586757205607,2,4313.77654698768
2,10116,0.0007101836311809072,0.3646706740126525,1.6544311144035433,2,4240.948712247318
2,10140,0.0007070237848958719,0.41494108871760926,1.6213231677924678,2,4098.94632996722
2,10153,0.0007081175446966569,0.4142235924490515,1.6181583346903337,2,4158.52089511487
2,10190,0.0007092908176152753,0.4214713456026504,1.6338967518266259,2,4133.081667413309
2,10264,0.0007085133517006998,0.4109855793861744,1.6392908582436372,2,4118.216315840674
2,10301,0.0007085235281179425,0.4149095509210222,1.649913746440861,2,4114.676730755403
2,10325,0.0007304286218383153,0.5152962178990713,1.847402972208843,2,4311.335717035924
2,10338,0.0007315223816391003,0.5145787216305135,1.8442381391067089,2,4356.0844386415465
2,10375,0.0007085376072965145,0.3543027435410264,1.6382236989775938,2,4223.802837443487
2,10412,0.0008674034973318397,1.4492053534714058,3.757679028133073,2,5093.935784841872
2,10436,0.0007074869462663064,0.4177752084097722,1.6399394792230153,2,4093.40524577172
2,10449,0.0007085807060670914,0.41705771214121434,1.6367746461208812,2,4124.205126389856
2,10486,0.0007085975560970126,0.420229803860138,1.6498127926182247,2,4134.444583096754
2,10510,0.0007075122022873933,0.41623804808985776,1.6318113128527223,2,4123.48580738833
2,10523,0.0007086059620881783,0.4155205518213,1.6286464797505882,2,4137.121800229136
2,10597,0.0007314992826991908,0.4374071132716758,1.8622025535213362,2,4405.709769539384
2,10671,0.0007086363301327868,0.414498521997675,1.646639764297879,2,4106.042927672228
2,10819,0.0007087088637746446,0.35518545617055697,1.6352748750514026,2,4215.46369947084
2,10843,0.0007076320874107482,0.4098016397174332,1.6384906675486464,2,4112.114114492778
2,10856,0.0007087258472115331,0.40908414344887545,1.6353258344465122,2,4077.299491005665
2,10930,0.0007087656817130314,0.4187252965619781,1.6134477486816716,2,4100.360903418702
2,10967,0.0007084829550691158,0.40892553906872786,1.6468546483356268,2,4065.486280640318
2,11004,0.000708774262047348,0.4072781320348555,1.6492529399855258,2,4113.745964429622
2,11041,0.0007084486707429332,0.41070017058007524,1.6374486622337119,2,4113.047889628332
2,11078,0.0007084366234287429,0.3574158703971215,1.6377039610496382,2,4213.987917058877
2,11102,0.0007070611823186583,0.4102284179661111,1.6287980059094167,2,4092.3271587146346
2,11115,0.0007081549421194432,0.4095109216975533,1.6256331728072826,2,4124.999814824735
2,11139,0.0007305047395748527,0.4893714052174304,1.8760769541693516,2,4205.604919630625
2,11152,0.0007315984993756377,0.4886539089488725,1.8729121210672175,2,4269.160225123368
2,11189,0.0007081794789755692,0.3563962455356834,1.6151660996991353,2,4231.107238135575
2,11213,0.0007304999194401873,0.5179779410783899,1.8768519259574248,2,4285.513335139733
2,11226,0.0007315936792409723,0.5172604448098321,1.8736870928552907,2,4311.58392644672
2,11250,0.0007304901796723114,0.5147454641851547,1.8686218978991285,2,4249.642820040306
2,11263,0.0007315839394730964,0.5140279679165969,1.8654570647969944,2,4277.2720863498835
2,11374,0.0007082748937458404,0.4212852747559641,1.6319325133678042,2,4098.686393577577
2,11411,0.0007082763347684169,0.354199217021283,1.6318557914735432,2,4208.7831832747215
2,11435,0.000730483875962153,0.5177456183098438,1.8636857414225907,2,4248.460739914315
2,11448,0.000731577635762938,0.517028122041286,1.8605209083204566,2,4310.99995816303
2,11485,0.000708291625396975,0.3980539066576023,1.6398252055421163,2,4068.941905290288
2,11522,0.0007083104249580598,0.4195010836828382,1.6471981401335312,2,4105.991568774554
2,11583,0.0007072894815184764,0.41253518595013705,1.6358410921486506,2,4061.2929965283492
2,11596,0.0007083832413192614,0.4118176896815793,1.6326762590465165,2,4126.136012751664
2,11670,0.0008663036416064571,1.3499059780811373,3.8011235323940804,2,4971.651382016449
2,11707,0.0007084294347227982,0.40294547344010134,1.6430196669088206,2,4066.622316897564
2,11731,0.0007073425668432543,0.40671390492288806,1.6289279894168625,2,4118.8900952034155
2,11744,0.0007084363266440393,0.4059964086543303,1.6257631563147283,2,4116.49421616627
2,11805,0.00070735076063307,0.40447851794018075,1.6257704306746692,2,4055.782543483512
2,11818,0.000708444520433855,0.40376102167162287,1.622605597572535,2,4133.778081253612
2,11855,0.0007313701571539004,0.43494038102119215,1.8770424818138154,2,4339.33739500676
2,11929,0.000731456628794241,0.5123744512363321,1.8825074626812677,2,4270.388387520236
2,11966,0.0007090496597182259,0.4146004797799947,1.652286621068548,2,4113.582800288082
2,11990,0.0007079585075982966,0.4110758238670721,1.627188008427869,2,4085.034407971943
2,12003,0.0007090522673990816,0.4103583275985143,1.6240231753257348,2,4129.848427991392
2,12077,0.0007090794102796029,0.35491988874582614,1.6342777303105438,2,4245.645544056424
2,12114,0.0008712469858499763,1.4652434172347795,3.8312819308403987,2,5061.628237556211
2,12138,0.0007079936085898969,0.4012148093294793,1.638526629332365,2,4069.1405493992897
2,12151,0.0007090873683906818,0.4004973130609215,1.635361796230231,2,4117.4863555726315
2,12188,0.0007314029503947515,0.5040575871582662,1.8867691783583058,2,4252.430049012989
2,12225,0.0007090908398131457,0.4130566147402607,1.655718652224142,2,4049.5520870746363
2,12286,0.0007080073459964985,0.4189760289435994,1.6411395739122887,2,4114.506240325982
2,12299,0.0007091011057972834,0.41825853267504154,1.6379747408101546,2,4132.1202460098675
2,12373,0.0007091382207059111,0.4042082438429512,1.6455497818201772,2,4123.151736745164
2,12410,0.0007091645919607521,0.41230092044641964,1.6499622960018483,2,4067.6373264573663
2,12434,0.0007302923942495241,0.4333884068730247,1.8800746449531276,2,4396.039061309074
2,12447,0.0007313861540503091,0.43267091060446694,1.8769098118509935,2,4377.36656606906
2,12521,0.0007091990611718269,0.4209178020412576,1.629060887448287,2,4103.119720823173
2,12595,0.0008724810285774757,1.4364044657650434,3.8910084291298626,2,5011.238915334781
2,12632,0.0007092207727807282,0.3566214064074523,1.6918418452177715,2,4210.706803740785
2,12669,0.0007090438842010949,0.41452687003096966,1.644147850453104,2,4131.068552769269
2,12706,0.0007314691625690268,0.5147750615725584,1.8864768604882514,2,4248.99684064385
2,12743,0.0007314189756407818,0.4827048658036712,1.8816447920414616,2,4243.361542160405
2,12804,0.0007077394688968626,0.3975678478789022,1.6381594960281443,2,4112.5930026866135
2,12817,0.0007088332286976476,0.39685035161034443,1.6349946629260101,2,4096.356860578753
2,12841,0.0007077510438719915,0.40759295076242164,1.6291148536265714,2,4126.079226398995
2,12854,0.0007088448036727765,0.40687545449386386,1.6259500205244373,2,4156.744092376445
2,12878,0.0007077523147048,0.41132052836005795,1.623271820226386,2,4096.921250170731
2,12891,0.0007088460745055849,0.4106030320915002,1.620106987124252,2,4157.020245039625
2,13002,0.0007088540874578004,0.3589029953337043,1.6224544003577848,2,4259.997937492424
2,13039,0.0007314452310605006,0.4962676692943092,1.8806583085423765,2,4270.473091780425
2,13150,0.0007088745643569818,0.4186880980858654,1.6436682858098914,2,4117.439075802839
2,13298,0.0007088915295238761,0.3565932120457075,1.6870120851459809,2,4178.728163152554
2,13372,0.0007089373045425867,0.39233607354386646,1.6463655393447414,2,4107.055930896638
2,13396,0.0007078755078269173,0.41181845220301816,1.6261125797472844,2,4063.1020935281044
2,13409,0.0007089692676277023,0.4111009559344604,1.6229477466451503,2,4159.48315177072
2,13594,0.0007054836854090697,0.41128511642068155,1.616825594750758,2,4014.5545712118205
2,13631,0.000732204932425142,0.5230770671774794,1.8652036558925609,2,4321.964126007129
2,13816,0.0007015877233543086,0.37026033145557535,1.5765663479239778,2,4017.3390504219105
2,13840,0.000700509860014547,0.38439107075284784,1.5582356567603621,2,3991.2134398468993
2,13853,0.000701603619815332,0.38367357448428996,1.555070823658228,2,4103.081795730007
2,13988,0.0007005326629385143,0.38703229827102537,1.5502242244385656,2,4089.8754548941592
2,14001,0.0007016264227392993,0.3863148020024675,1.5470593913364314,2,4041.6426017590356
2,14038,0.0007016411758712573,0.3370028736586259,1.5531839092526214,2,4182.28921237626
2,14075,0.0007016640324868473,0.391441295523522,1.5638073144088644,2,4074.947305517446
2,14149,0.0007017146052712018,0.379953636887856,1.5786463285462848,2,4009.846602229859
2,14297,0.0007017520276923043,0.36758034250965765,1.5701923448214055,2,4066.2172286852915
2,14371,0.0007015139586284506,0.39227681196530684,1.5771923947197093,2,4109.787206767192
2,14445,0.0007015105436560483,0.3383197642746182,1.6072143529746534,2,4096.011571362929
2,14482,0.0007329967487595141,0.5306039193530462,1.9010495075194085,2,4307.87807955195
2,14519,0.0007011956982667395,0.3915238136719109,1.5601489880059565,2,4048.6916933832636
2,14580,0.0007001537049615447,0.3886059617542609,1.5553732122683526,2,4040.6817096096447
2,14593,0.0007012474647623296,0.387888465485703,1.5522083791662185,2,4084.544613114458
2,14630,0.0007012539442854219,0.3770494906121028,1.5666100223829775,2,4031.001912197643
2,14654,0.0008098179343821638,0.9191526474978734,2.8810832903753467,2,4755.672368716146
2,14667,0.0008109116941829487,0.9184351512293155,2.8779184572732124,2,4787.910337186929
2,14691,0.0007319496134598131,0.5063462660212673,1.88486820579782,2,4263.985618371098
2,14704,0.0007330433732605981,0.5056287697527095,1.881703372695686,2,4271.812665740575
2,14741,0.0007012711869716574,0.3730051260664109,1.5685441487604497,2,4040.3023148679517
2,14778,0.0008118312787558067,0.8904193960358292,2.9157537134456817,2,4749.634346424232
2,14815,0.000701323917951892,0.37700840491442333,1.5685863152432813,2,4021.401259646204
2,14852,0.0008119930817236664,1.0228779510294874,2.860628930271982,2,4791.704244487776
2,14889,0.0007013498196058403,0.33001233319896894,1.5639492735513574,2,4185.6722600404255
2,14950,0.0007002660822205711,0.38659030013755213,1.5665693417478965,2,4035.7830856768187
2,14963,0.0007013598420213561,0.38587280386899425,1.5634045086457624,2,4027.9875914427116
2,15000,0.0007013828716930761,0.37170042871108955,1.5685916096316908,2,4047.092831627694
2,15037,0.000733020195175688,0.5186431239432175,1.9070362374976622,2,4283.018779856211
2,15061,0.0008113415487516447,0.958539653540084,2.893286518081607,2,4766.052892130821
2,15074,0.0008124353085524297,0.9578221572715261,2.890121684979473,2,4795.401951140937
2,15111,0.0008132285193175996,1.018139573393094,2.8753697102634237,2,4840.432427707467
2,15148,0.0007330011540983266,0.5027339011773718,1.9058277198113884,2,4286.03172012736
2,15222,0.0007015034599110753,0.3385407748045143,1.5696243742171379,2,4135.704156534227
2,15370,0.0007022111157897226,0.3337997190910148,1.574693664858361,2,4161.088761554537
2,15407,0.0007022150806460022,0.33870414924157344,1.5635912171270419,2,4208.823982134707
2,15431,0.0008183920912110186,1.0537136022584035,2.9705425993812176,2,4798.656333181349
2,15444,0.0008194858510118036,1.0529961059898456,2.9673777662790832,2,4855.531816318035
2,15481,0.0007022785014842597,0.39430986998940554,1.5608928176680605,2,4063.43619631178
2,15505,0.0007317765508501175,0.5255227592220008,1.8619562432726169,2,4336.517626611764
2,15518,0.0007328703106509025,0.524805262953443,1.8587914101704828,2,4384.0384258034
2,15629,0.0007023503496226306,0.3946161474984995,1.5886158866937863,2,4040.385516735854
2,15666,0.000732854998200476,0.5281617754391041,1.852872716142414,2,4343.49527027636
2,15703,0.0007023721580724716,0.3376498182484975,1.5782076329574726,2,4158.315202418324
2,15740,0.0007328514805336742,0.4961924159959821,1.8939253128854971,2,4285.936158139423
2,15777,0.000702403526359251,0.38115996095094296,1.580622341657939,2,4029.4153576296726
2,15801,0.0007317498187118074,0.5058136367866167,1.8904091614830383,2,4280.064817426239
2,15814,0.0007328435785125924,0.505096140518059,1.8872443283809042,2,4279.86022159179
2,15838,0.0007317495394780027,0.520115954037594,1.8827511740237386,2,4267.168919531953
2,15851,0.0007328432992787877,0.5193984577690363,1.8795863409216045,2,4262.526361035729
2,15925,0.0007024771183235835,0.38103174594913425,1.5747703139181333,2,4047.108771367809
2,15949,0.0007013866860331133,0.3819138519974782,1.5713816387406967,2,4045.147838153867
2,15962,0.0007024804458338982,0.3811963557289203,1.5682168056385626,2,4078.1239941624544
2,16036,0.0007328228820436585,0.5322419139459105,1.8555969326801192,2,4352.46461862161
2,16073,0.0007021878423899103,0.39346324311167347,1.5785461716140177,2,4059.636229208891
2,16147,0.0007021731959468711,0.372283209991061,1.5800597720747531,2,4049.0729812250065
2,16171,0.0007010461288594343,0.3839045204710221,1.5606409321014088,2,4081.745252666381
2,16184,0.0007021398886602193,0.3831870242024642,1.5574760989992746,2,4069.533982694892
2,16208,0.0007007731637868891,0.38351689689998214,1.5718376727765369,2,4047.47662119562
2,16221,0.0007018669235876741,0.38279940063142437,1.5686728396744027,2,4070.664675774916
2,16245,0.0007008497513765278,0.38531272389466953,1.5616325576125414,2,4005.526622651981
2,16258,0.0007019435111773127,0.38459522762611176,1.5584677245104073,2,4094.9580508692634
2,16332,0.0007019599288103766,0.33356525333879794,1.563486444962114,2,4199.97190862516
2,16517,0.0007329236938093265,0.5303977359359797,1.8893092973594465,2,4324.468608465764
2,16554,0.0007020320744423262,0.38674091815675893,1.580582378316575,2,4054.8514766746093
2,16578,0.0007009456947427404,0.3920653672822335,1.5681746974235755,2,4057.7797405597266
2,16591,0.0007020394545435253,0.39134787101367563,1.5650098643214414,2,4084.6088746112973
2,16628,0.0007020403884540464,0.39421045272696886,1.5521656103916528,2,4122.394809991923
2,16665,0.0008179616212497938,1.0027482591051962,3.003572366863481,2,4777.002939725587
2,16702,0.0007020536356521093,0.3917771595463141,1.583521307671878,2,4040.7319392575046
2,16776,0.0007329129508675405,0.5014432111252636,1.895845250881964,2,4269.9653700431645
2,16837,0.0007010231080427569,0.38171536463719247,1.5659480294990278,2,4028.406008248243
2,16850,0.0007021168678435418,0.3809978683686346,1.5627831963968937,2,4084.8590292898416
2,16924,0.0008191832775985916,1.0697609791026559,2.9701112958862455,2,4874.777053585483
2,16961,0.0007025105169817428,0.3917907667477827,1.5824688298338145,2,4051.5028690441886
2,16998,0.0007011402296170774,0.39170963989399377,1.5542467160491913,2,4080.7425575914335
2,17022,0.0006999627475602837,0.38119448200083117,1.55907077943799,2,4088.191393917128
2,17035,0.0007010565073610687,0.3804769857322734,1.555905946335856,2,4054.861851927396
2,17133,0.0006991474517766145,0.38311329270760863,1.5454456293806742,2,4061.074480549771
2,17146,0.0007002412115773995,0.38239579643905075,1.54228079627854,2,4045.1652037342096
2,17170,0.0007321621409557379,0.5251649234543991,1.8757787815046205,2,4321.609718923833
2,17183,0.0007332559007565229,0.5244474271858414,1.8726139484024864,2,4354.868783920574
2,17207,0.0006991576324523265,0.37297817067017724,1.5523876685750224,2,4046.3305419689054
2,17220,0.0007002513922531114,0.3722606744016195,1.5492228354728883,2,4042.3832579238274
2,17257,0.000733249936104049,0.4863592335541701,1.9055931855225061,2,4281.770830327714
2,17368,0.0007003885809214039,0.38327478017448746,1.5656586182647532,2,4066.7364823796097
2,17392,0.0008015997840035504,0.8695507139309336,2.7621221881431737,2,4712.293771091581
2,17405,0.0008026935438043354,0.8688332176623758,2.7589573550410393,2,4728.86949745959
2,17429,0.0006993105152601626,0.3707154977269611,1.5541430283945912,2,4017.9082457295212
2,17442,0.0007004042750609476,0.36999800145840334,1.550978195292457,2,4069.674726526554
2,17479,0.0007332173057337847,0.5310406209451916,1.876368154587019,2,4307.414924878754
2,17516,0.0007332152751901484,0.5251530251169894,1.8911087223302327,2,4330.467714274136
2,17553,0.0007332089085577069,0.44086980885812943,1.8840703294469638,2,4425.140910769373
2,17590,0.0007004429319141397,0.3796039137442876,1.5609036842987847,2,4017.4590883256956
2,17701,0.0007004703391506596,0.3884266638040267,1.5413514166947835,2,4078.9539477972057
2,17738,0.0007331994108744646,0.5243625543755424,1.8935255152206212,2,4325.191743960248
2,17775,0.0007332580442502092,0.43227576816974966,1.8943774883768427,2,4402.449130139231
2,17799,0.0006993967710123179,0.3826351689472991,1.5584297826805147,2,4025.5169821922823
2,17812,0.0007004905308131029,0.3819176726787413,1.5552649495783806,2,4092.7195658458086
2,17849,0.0007001559368527421,0.3861093001933603,1.541295376454346,2,4057.3618650802387
2,17873,0.0006990480257562581,0.3839291881273337,1.5523905270574831,2,4074.1286090688127
2,17886,0.0007001417855570431,0.3832116918587758,1.549225693955349,2,3981.522322769055
2,17923,0.0006997900779667126,0.37593769281461886,1.5611210578480577,2,4090.81356290399
2,17947,0.0006987049279623223,0.3783114091815154,1.5515874465762296,2,4021.7630477639964
2,17960,0.0006997986877631073,0.37759391291295763,1.5484226134740955,2,4046.7083173689516
2,17984,0.00069875067333107,0.37114935775198254,1.5464128599277234,2,4037.315170424294
2,17997,0.000699844433131855,0.3704318614834248,1.5432480268255893,2,4029.487552488301
2,18034,0.0006998502415910657,0.38767734516235386,1.555865890727276,2,4027.189563285828
2,18071,0.0007333260586338434,0.5302159838701777,1.8756039721942541,2,4350.862386352287
2,18095,0.0007322272892664887,0.523019305491414,1.8880340473855377,2,4254.036404673318
2,18108,0.0007333210490672737,0.5223018092228562,1.8848692142834036,2,4286.578590766215
2,18182,0.0006999402432054806,0.3682895789238817,1.5605837272033454,2,4027.092433858889
2,18206,0.0007974948154160633,0.8752266132464213,2.686341671522189,2,4713.7778044725255
2,18219,0.0007985885752168483,0.8745091169778635,2.6831768384200547,2,4745.339806707135
2,18256,0.0007987883181353499,0.8692745790826876,2.7136502555412076,2,4664.399407136352
2,18293,0.0007333002479219475,0.5321809636832783,1.8915910140916607,2,4331.320199853591
2,18367,0.0007000241488322804,0.3345928439372332,1.5906137291423899,2,4101.728829635156
2,18391,0.0007321976242353259,0.514967790537095,1.8763515554105827,2,4275.232813323479
2,18404,0.0007332913840361109,0.5142502942685372,1.8731867223084486,2,4339.678495997251
2,18465,0.0006989593530642275,0.3845383484487972,1.551570463346268,2,4042.3644113797745
2,18478,0.0007000531128650124,0.3838208521802394,1.5484056302441338,2,4033.272550680796
2,18539,0.0007321826189160271,0.5153053899961844,1.8753691724692207,2,4275.387796676429
2,18552,0.0007332763787168121,0.5145878937276266,1.8722043393670866,2,4339.819547375282
2,18576,0.0006990236057563984,0.3803174788850393,1.5478184547895446,2,4011.4515900132446
2,18589,0.0007001173655571834,0.37959998261648153,1.5446536216874105,2,4082.8407495418287
2,18663,0.0007010647438584209,0.3922082855921084,1.5615920360512086,2,4061.497890186527
2,18700,0.0007005067074548016,0.3856485553712108,1.5577494961858456,2,4058.6866179243184
2,18724,0.0006994348536794873,0.37293622390785974,1.550894427881544,2,4019.159127301521
2,18737,0.0007005286134802723,0.37221872763930197,1.5477295947794099,2,4065.0137136866015
2,18774,0.00073311794037767,0.5233947279800785,1.9066118952252376,2,4283.773018757948
2,18811,0.0007331173626926803,0.5064422979199218,1.9033789717807759,2,4283.494347182299
2,18848,0.0007331158888545833,0.5296692629423887,1.9013959244614078,2,4299.115895866832
2,18922,0.0007008558517331351,0.38924260453894344,1.5357211845046137,2,4147.7347185140425
2,19070,0.0007331044999886305,0.5343172795679935,1.8726753481255707,2,4300.174331854604
2,19144,0.000808634313572085,0.9649823803334968,2.829044000321283,2,4748.489079393121
2,19168,0.0006998854649468551,0.3877798374955397,1.557111894572052,2,4032.811104854276
2,19181,0.0007009792247476401,0.3870623412269819,1.5539470614699178,2,4074.6881607089913
2,19205,0.0006998958001142908,0.3756066334355387,1.557695043472145,2,4043.479352564657
2,19218,0.0007009895599150757,0.3748891371669809,1.554530210370011,2,4034.8542225759475
2,19255,0.0007009959861749253,0.3713532780723878,1.5676277981687725,2,4031.001322145388
2,19329,0.0007010181139172474,0.3633692182520696,1.5687538690898737,2,4025.52349496084
2,19366,0.0007010214039327246,0.3829577769357376,1.5700851553108282,2,4039.1711601974025
2,19464,0.0006997397885712089,0.38417720407645384,1.5587288177645977,2,4040.2640809242243
2,19477,0.0007008335483719939,0.38345970780789607,1.5555639846624636,2,4090.7543714575295
2,19514,0.0008049895174532932,0.9052953217023968,2.808396801488223,2,4705.706446701361
2,19588,0.0007007958562708338,0.3342178945430295,1.545002685232274,2,4177.342325510967
2,19625,0.0007005330771958911,0.38783955010165905,1.5460967259220044,2,4053.2155213813035
2,19649,0.0008041216913538358,0.8833634194151961,2.8026551587853117,2,4671.707008660423
2,19662,0.0008052154511546208,0.8826459231466383,2.7994903256831773,2,4737.194594897213
2,19699,0.0007005676885004351,0.33469125171790126,1.5442804669447208,2,4206.92959066714
2,19736,0.000700570520041858,0.38877149055953797,1.5399629605779814,2,4077.7594916980606
2,19773,0.0007005785900710486,0.3866133393328802,1.5458198589465537,2,4089.2828754784223
2,19797,0.000699485800036438,0.3786465588398791,1.5551536702477233,2,4070.533542303369
2,19810,0.000700579559837223,0.3779290625713213,1.5519888371455892,2,4054.501850267122
2,19921,0.000700604282133983,0.3340580525313904,1.5402783017649488,2,4186.863586903903
2,20032,0.0007006669026979517,0.3893478852731763,1.5450800611906692,2,4064.0579370031046
2,20106,0.000806779103705275,0.8705820912790082,2.8416888041599426,2,4733.271636856504
2,20130,0.0008057883062288524,0.8989098521951044,2.832948523375596,2,4687.081504693755
2,20143,0.0008068820660296374,0.8981923559265467,2.829783690273462,2,4751.792216255186
2,20167,0.0006996027138914162,0.38507080451327436,1.5388441862713012,2,4042.0410281448717
2,20180,0.0007006964736922011,0.3843533082447166,1.535679353169167,2,4121.089126623271
2,20217,0.0007007231367425419,0.35942767257928165,1.5664194009353787,2,4062.0054054564225
2,20254,0.0007007289932927767,0.38935008595347487,1.5644732021658858,2,4088.6495164405173
2,20278,0.0006996531739377964,0.37630103090950073,1.5523455239467259,2,4053.0508397519993
2,20291,0.0007007469337385814,0.37558353464094285,1.5491806908445918,2,4087.480531253398
2,20328,0.0007008136829983142,0.3863291927891632,1.566013706377382,2,4035.9189912368765
2,20352,0.000704377606153075,0.3908068076616227,1.604836476896621,2,4065.1893356333217
2,20365,0.0007054713659538599,0.3900893113930648,1.601671643794487,2,4081.38734800066
2,20439,0.0007025550363507506,0.37240973731589455,1.5745912159707947,2,4068.767248178924
2,20476,0.0007044824031446812,0.4033163918386278,1.6105256471163343,2,4095.288260168715
2,20500,0.0007034146563911179,0.39792647641283985,1.5787860227488446,2,4109.58694912154
2,20513,0.0007045084161919028,0.3972089801442821,1.5756211896467105,2,4095.9326096213235
2,20550,0.0007045168750926453,0.3457784448545488,1.5748020347938188,2,4200.508859057281
2,20587,0.0007045241732748538,0.40330596287715537,1.6041138235166763,2,4106.162248097302
2,20624,0.0007045659318420766,0.34036664728882304,1.5986528586311846,2,4186.534187754056
2,20883,0.0007046684039356708,0.3437769964978885,1.5887964750517685,2,4240.742263314795
2,20920,0.0007046839169600825,0.34574948467203437,1.5998185927810997,2,4183.874157494017
2,20981,0.0008376973033457737,1.1180135696375435,3.3194035100582515,2,4866.687262903576
2,20994,0.0008387910631465587,1.1172960733689856,3.316238676956117,2,4927.113478988097
2,21031,0.0007047136243599801,0.3426702423249195,1.5897902395245107,2,4192.157183333271
2,21105,0.0007047336718154626,0.34749284656958146,1.586734668871707,2,4200.241244246639
2,21142,0.0007047784783299269,0.3947882686559546,1.6052104917769616,2,4047.0059295352717
2,21203,0.0007037092388446925,0.3968055894228597,1.5886884046486793,2,4073.8236064153184
2,21216,0.0007048029986454774,0.3960880931543018,1.5855235715465452,2,4104.300520476296
2,21314,0.0007313651668601213,0.5103823435152893,1.8780483000954564,2,4256.288561672992
2,21327,0.0007324589266609063,0.5096648472467316,1.8748834669933223,2,4348.782106802886
2,21388,0.0007313637066301606,0.5029399211709874,1.8874128455937016,2,4221.259921715164
2,21401,0.0007324574664309456,0.5022224249024296,1.8842480124915675,2,4282.568627926999
2,21438,0.0008358868955110881,1.07862617655858,3.284861023670807,2,4861.0418981617395
2,21475,0.0007041972654840017,0.3472775731988954,1.6349900148648215,2,4146.991607294788
2,21549,0.0007324528394714294,0.5060335457242585,1.8908765711742828,2,4291.7742752860895
2,21586,0.0007324464466704204,0.5230282530994442,1.8896074139026524,2,4282.245256712982
2,21623,0.0007042295524118677,0.40249100633021684,1.6081682142971714,2,4089.4948378734866
2,21721,0.0007313346520944512,0.5126412492804482,1.8807217364363802,2,4250.908942551711
2,21734,0.0007324284118952362,0.5119237530118904,1.877556903334246,2,4266.554827539391
2,21758,0.0007313272747684008,0.5053997044661133,1.8793148512070086,2,4302.925774846081
2,21771,0.0007324210345691858,0.5046822081975555,1.8761500181048745,2,4309.031839045925
2,21808,0.0007043443329890555,0.37710968516153676,1.5950721928416016,2,4043.984681240083
2,21845,0.0007324087745529618,0.4831208779114382,1.8951384205326094,2,4273.853113064658
2,21919,0.0007044141935351549,0.3443386793183366,1.5888421673606095,2,4184.387374311337
2,21956,0.0007044275641994416,0.40572083112317425,1.6059320948537923,2,4101.289066343624
2,21993,0.0007044377050635602,0.3441290503920007,1.5822093844191851,2,4214.698255567875
2,22030,0.0007044489271064444,0.3841584468874645,1.6040004692864747,2,4023.9852826626975
2,22178,0.0008420340512812574,1.2992891615417488,3.285741945503953,2,4993.189968986135
2,22215,0.0008422283592942248,1.272225276443541,3.3141376800102393,2,4944.048270123621
2,22313,0.0007041724455787257,0.40212273526596143,1.585929335502389,2,4092.2582849961364
2,22326,0.0007052662053795107,0.40140523899740366,1.5827645024002548,2,4138.571167907553
2,22363,0.0007322483118095572,0.5242470183493689,1.8976678820678958,2,4300.929832146712
2,22400,0.0007052808440678697,0.3991420733059152,1.6072736103658678,2,4098.648086725381
2,22461,0.0007042384567174224,0.40367560077726783,1.5933652018857847,2,4079.8522736876735
2,22474,0.0007053322165182074,0.40295810450870995,1.5902003687836506,2,4139.443907149544
2,22498,0.0008427298284608498,1.2482907319085608,3.3400114901160953,2,4922.3440530814005
2,22511,0.0008438235882616348,1.2475732356400029,3.336846657013961,2,4957.053405859556
2,22585,0.00070538134799435,0.4108471576449719,1.61427797702685,2,4042.5279032783337
2,22622,0.0007054084365342299,0.40389032077772224,1.6115962052969235,2,4081.077481337371
2,22646,0.0007311250057191279,0.49687812040597124,1.8827470059964575,2,4285.1094424196945
2,22659,0.0007322187655199128,0.49616062413741335,1.8795821728943234,2,4272.0378071406285
2,22696,0.0007054207706321368,0.40951014199709546,1.615007403005268,2,4112.892600249739
2,22733,0.0007322059561235289,0.5081137986143999,1.8869581510013989,2,4287.067077602402
2,22770,0.0007054443795750607,0.4075762471234612,1.6081711289130973,2,4103.095832525023
2,22807,0.0007054446989353646,0.4076474854484853,1.619113081656736,2,4124.387652463008
2,22831,0.0007043575658385061,0.40608498712483543,1.6021527784948977,2,4109.00639419891
2,22844,0.0007054513256392911,0.40536749085627755,1.5989879453927636,2,4084.225900550687
2,22905,0.0007037122029155678,0.3978388717680892,1.59533765885322,2,4058.6154213524505
2,22918,0.0007048059627163528,0.3971213754995314,1.5921728257510859,2,4090.107947113641
2,22992,0.0007050451540090934,0.4059998139812556,1.5872551049132375,2,4108.383257684981
2,23016,0.0007312479066906444,0.5195239900309877,1.8723384985820046,2,4278.732283309523
2,23029,0.0007323416664914294,0.5188064937624299,1.8691736654798705,2,4349.7923772581535
2,23103,0.000732334350945071,0.5018012746540216,1.898994320187167,2,4260.324174587007
2,23140,0.0007048419824677091,0.3912814067199094,1.6088117000541928,2,4038.5648638796147
2,23164,0.0007037489130395118,0.4023571163145305,1.5868629458011854,2,4068.5090645902824
2,23177,0.0007048426728402967,0.40163962004597276,1.5836981126990513,2,4130.95258264384
2,23214,0.0007323339155921278,0.5286981444514541,1.886076413189059,2,4293.67797956291
2,23251,0.0007323329793905131,0.47884894507840847,1.89314723259876,2,4245.211551669043
2,23275,0.0007037715915347832,0.40510486355368724,1.6031484794520492,2,3998.055665080946
2,23288,0.0007048653513355682,0.40438736728512936,1.599983646349915,2,4143.86305488779
2,23386,0.0007037933658811955,0.38985275984250867,1.5976918539769986,2,4077.65765549842
2,23399,0.0007048871256819805,0.3891352635739509,1.5945270208748645,2,4067.4875008530926
2,23436,0.000732321000117101,0.42391636980486624,1.884724896749849,2,4376.528795309507
2,23473,0.0007049410627421316,0.3473749019443465,1.5932053710186642,2,4219.406179890565
2,23497,0.0007312171678042071,0.5205433581706966,1.8625405626810982,2,4321.645888209205
2,23510,0.0007323109276049921,0.5198258619021389,1.8593757295789641,2,4310.157911784064
2,23547,0.0007323106804021189,0.43898383801733043,1.8883840761592512,2,4376.9440647129995
2,23621,0.0007049742716441609,0.4020013749717165,1.6113446030470195,2,4086.4483919757035
2,23645,0.0007038850930010678,0.3924018660210695,1.5994769531512507,2,4069.330563804958
2,23658,0.0007049788528018528,0.39168436975251164,1.5963121200491166,2,4097.22596555497
2,23682,0.0007039491499955084,0.4018080395773065,1.6046933622876545,2,4092.6635073731604
2,23695,0.0007050429097962933,0.4010905433087486,1.6015285291855204,2,4080.624623100403
2,23719,0.0008400821613161913,1.173545105691337,3.327352066455717,2,4919.033430907611
2,23732,0.0008411759211169763,1.1728276094227792,3.3241872333535825,2,4914.99459314489
2,23769,0.0007025484863024689,0.3388956606616337,1.5669679827346001,2,4190.101353310365
2,23806,0.0007324600875798706,0.4894416923465862,1.8938363368322229,2,4231.1968374049075
2,23830,0.0007313723543528492,0.5123662155028341,1.876711641915032,2,4252.553586209845
2,23843,0.0007324661141536342,0.5116487192342764,1.873546808812898,2,4287.632167149351
2,23917,0.0007030623943274316,0.33715068548823657,1.5845458655010711,2,4187.814729003666
2,23978,0.00070204944158071,0.39170517616211853,1.5821268077467971,2,4043.376614496761
2,23991,0.000703143201381495,0.39098767989356076,1.578961974644663,2,4087.2417632391544
2,24052,0.0007020614068953627,0.39652365301220094,1.5794129231704077,2,4049.8112620225847
2,24065,0.0007031551666961477,0.39580615674364306,1.5762480900682736,2,4123.77576659031
2,24102,0.0007031557411699147,0.3890164521224584,1.5888414352407332,2,4069.8799418082504
2,24324,0.0007326688431502851,0.441195714960145,1.94383797530681,2,4329.6368739475865
2,24361,0.0007032827402829473,0.376562070274022,1.587631185678894,2,4085.844875606303
2,24435,0.0007033214903764304,0.3971506584982831,1.5728532890840983,2,4120.109700888804
2,24472,0.0007326484288489516,0.5072501698199038,1.8981838784835636,2,4255.931153019097
2,24509,0.0007326478172991842,0.5222863160165028,1.885506725339962,2,4326.058424115776
2,24546,0.0007033591378514677,0.3417961662650396,1.5684772132402718,2,4208.919181713407
2,24570,0.0007018915900380343,0.3968711549521843,1.5830634398675851,2,4073.6823960805796
2,24583,0.0007029853498388193,0.3961536586836264,1.579898606765451,2,4071.5044048301293
2,24620,0.0007033785906219346,0.3846413619297401,1.5857342677407882,2,4055.0309049488096
2,24768,0.0007327943777598988,0.4316880364531893,1.9557914351402463,2,4314.872336365738
2,24805,0.0007026105377895608,0.3896413566936622,1.5874430902129277,2,4060.717296991774
2,24842,0.0007026435277431601,0.37557511601684035,1.5828595828031131,2,4059.5956123955707
2,24866,0.0007015514716827022,0.3813486723771784,1.5712417327583372,2,4095.818401148624
2,24879,0.0007026452314834872,0.38063117610862063,1.5680768996562031,2,4070.2949711167885
2,24903,0.0007015757213963659,0.38542126063695625,1.5750543400603343,2,4056.3864419009897
2,24916,0.0007026694811971509,0.38470376436839837,1.5718895069582002,2,4085.8671815457383
2,24940,0.0007316855788029252,0.5196063535009562,1.8820368100490807,2,4273.155984478279
2,24953,0.0007327793386037102,0.5188888572323984,1.8788719769469466,2,4274.02846561121
2,25027,0.0007027140114422095,0.3793149103950305,1.5824047035334525,2,4075.8906092632806
2,25101,0.000702752854504216,0.3971057906063483,1.5919710393294322,2,4073.07451911588
2,25175,0.0007027993422188961,0.385758642111249,1.5806820081072306,2,4106.539054829207
2,25212,0.0007028069992690415,0.38321230507096327,1.5879378905613022,2,4062.5817150914636
2,25249,0.0007028174756318248,0.3708369095619427,1.5863192685221512,2,4050.565354180177
2,25286,0.0007028542647543504,0.33532955641884965,1.573504406736627,2,4193.158640404933
2,25323,0.000732743858431367,0.427337230341984,1.8903082882195006,2,4415.172070971096
2,25360,0.0007029244039932327,0.3743388391250676,1.5862958665620106,2,4037.539496702357
2,25421,0.0007018742152606531,0.38018053847501543,1.5764147176035406,2,4040.9255897434136
2,25434,0.000702967975061438,0.37946304220645766,1.5732498845014065,2,4098.217014295143
2,25458,0.0007030704185551687,0.3962492201459922,1.5759700956987872,2,4121.199807376809
2,25471,0.0007041641783559537,0.3955317238774344,1.572805262596653,2,4092.4061077895126
2,25545,0.0007034176989568195,0.3919085431644215,1.597115524925857,2,4032.9285511359026
2,25606,0.0007314546110513674,0.49355852559798286,1.8870481527583158,2,4249.479543733533
2,25619,0.0007325483708521523,0.4928410293294251,1.8838833196561817,2,4296.7489799740615
2,25693,0.0007038422393448985,0.4023901448372871,1.5810446026335814,2,4110.976312672775
2,25767,0.0007325385138087055,0.5277326483980473,1.8675602305710948,2,4316.862549200526
2,25804,0.0007038748987830278,0.39869113839286663,1.5914082068013586,2,4063.0226330094765
2,25841,0.0007038847060784992,0.4018828053999638,1.5716189682314432,2,4118.275196785447
2,25878,0.0007325239706907306,0.5014050386054479,1.8987395567583036,2,4274.153077355761
2,25915,0.0007039403384768095,0.37997376666297566,1.5974026764915499,2,4064.6316544134243
2,25952,0.0007325225901124969,0.504235572370684,1.892867251402047,2,4242.85810789131
2,25989,0.0007039570961733665,0.34408355200817897,1.5811655452855122,2,4197.11594151606
2,26026,0.0007325043809800221,0.4909769357061732,1.8955636559102913,2,4269.9603133482115
2,26100,0.0007040263045700575,0.3997460724041708,1.601720502465267,2,4045.6351732859503
2,26124,0.0008330196858971856,1.1311410616511008,3.2178923503886807,2,4829.9741448397035
2,26137,0.0008341134456979705,1.130423565382543,3.2147275172865464,2,4896.81711496953
2,26174,0.0007040677438281625,0.37783188390556355,1.59080063678957,2,4064.602768162805
2,26248,0.0007324710525579385,0.43095865298805414,1.8800714939974466,2,4389.37805071953
2,26359,0.0007037541109209759,0.4004842388655073,1.5875069835531375,2,4127.291577858028
2,26396,0.0007325624152403489,0.4998846419189601,1.8955851961223145,2,4243.79954913601
2,26420,0.0007315349396449096,0.5221097439086028,1.8586119106622103,2,4300.857225271186
2,26433,0.0007326286994456945,0.521392247640045,1.8554470775600762,2,4316.646071753212
2,26457,0.0007023359685973161,0.39638088262463844,1.5671322543235573,2,4063.504556361715
2,26470,0.000703429728398101,0.39566338635608067,1.5639674212214232,2,4139.822952493482
2,26507,0.0007034571398835422,0.40053204053799074,1.5850653561416308,2,4056.796686060127
2,26531,0.0007023647679863326,0.39282727954763164,1.570922803054221,2,4121.706516738334
2,26544,0.0007034585277871176,0.39210978327907375,1.567757969952087,2,4083.9877363274627
2,26568,0.0008289812379521482,1.0998778159606646,3.1469022306697525,2,4830.279594170524
2,26581,0.0008300749977529332,1.0991603196921067,3.143737397567618,2,4915.973826763742
2,26655,0.0007034773681663877,0.39845223647698624,1.5751653503702994,2,4097.201272651665
2,26692,0.0007034893608629993,0.39818440803428223,1.5667581712281704,2,4089.206547302725
2,26716,0.000702397553352263,0.39026645953422767,1.5763897157025157,2,4063.544190655807
2,26729,0.000703491313153048,0.3895489632656699,1.5732248826003816,2,4073.2950111178375
2,26753,0.0007024303380217591,0.3944889094901296,1.578197179426375,2,4071.1350101830108
2,26766,0.0007035240978225441,0.3937714132215717,1.5750323463242408,2,4088.2102979215247
2,26901,0.0007025099081617247,0.34148057349206584,1.5768505470860437,2,4161.184773020882
2,26914,0.0007036036679625097,0.34076307722350807,1.5736857139839096,2,4212.183395811415
2,26988,0.0007036587897947297,0.34134894017293516,1.5795549174790329,2,4210.52511028472
2,27012,0.0007025701065021702,0.3901705975298647,1.5892901319521924,2,4068.6071379480163
2,27025,0.0007036638663029551,0.38945310126130683,1.5861252988500583,2,4086.1508602831464
2,27123,0.0007026285731534461,0.3796175855962838,1.5880227778293763,2,4048.7230986631002
2,27136,0.0007037223329542311,0.3789000893277259,1.5848579447272422,2,4072.529946301713
2,27173,0.0008809685536284706,1.5153605300139537,4.018811644432576,2,5106.0238336217035
2,27247,0.0007310800033804148,0.4285329278181623,1.9322428726112726,2,4317.136911562949
2,27284,0.0007295346497839253,0.4776272785844019,1.865350642437025,2,4201.1683201352835
2,27321,0.0007173316702106385,0.43138809176521387,1.7269822815879654,2,4166.138627901152
2,27358,0.0007173713445957524,0.3877035241827381,1.707438946301029,2,4307.888808777856
2,27395,0.0007173749323050627,0.44122876565832114,1.7319647308063288,2,4145.07966356442
2,27432,0.0007173939235508807,0.4395015699353162,1.7316406889918015,2,4178.57806038985
2,27469,0.0007174077566737957,0.4591305993180882,1.7280844469243415,2,4196.418596206758
2,27530,0.0007163293413399362,0.43389459185050505,1.7289788668476247,2,4094.9250119972376
2,27543,0.0007174231011407211,0.4331770955819473,1.7258140337454906,2,4181.213368811992
2,27580,0.000729512377390768,0.515988388263078,1.8502427001675767,2,4289.12495280917
2,27604,0.0007284170994842996,0.5026490601376677,1.8290424523147746,2,4273.372260554248
2,27617,0.0007295108592850845,0.50193156386911,1.8258776192126405,2,4324.049913032579
2,27654,0.0007174472127926182,0.456737613972504,1.704116814222474,2,4229.555067312442
2,27691,0.0007174667537168966,0.43761380733561694,1.7334198135317191,2,4139.014343311533
2,27728,0.0007295063416604115,0.47817803389776625,1.8637443706705752,2,4208.478928127995
2,27802,0.0009192066561762205,1.8860173700714344,4.745275946879932,2,5241.9413263103
2,27826,0.000728402304413578,0.49059950409149666,1.8427591303258046,2,4231.355780603837
2,27839,0.0007294960642143629,0.4898820078229389,1.8395942972236705,2,4277.753163790961
2,27876,0.0007174931753925302,0.45259220339356065,1.7404684443628666,2,4167.486437401299
2,27913,0.000717493919272674,0.4573271713842132,1.716917788853925,2,4205.515622411352
2,27950,0.0007174970180251029,0.42196696268965994,1.7312850241237903,2,4148.993703049496
2,27987,0.0007172975695483506,0.41998172996142025,1.7327927824166847,2,4155.883210876433
2,28024,0.0007175026440677759,0.45903294936257066,1.7225583491936445,2,4189.668107554799
2,28061,0.0007295449016714702,0.4743859975204944,1.8639282191392035,2,4237.43581531491
2,28135,0.0007169526165353317,0.38178327544925705,1.7202229213276425,2,4285.345111028219
2,28307,0.0007159121587678684,0.4530000373154027,1.699561854392794,2,4174.588183947986
2,28320,0.0007170059185686534,0.45228254104684484,1.6963970212906598,2,4200.988253939437
2,28357,0.0007170355991733137,0.4385213580438345,1.7238223740556926,2,4206.978775420165
2,28394,0.0007170962230973629,0.4556620500905497,1.7334273508364875,2,4209.738226499677
2,28418,0.0007284900383726829,0.5100284071055942,1.8240253050404527,2,4296.259588004257
2,28431,0.0007295837981734679,0.5093109108370364,1.8208604719383186,2,4333.154347318066
2,28455,0.0007160372229829605,0.445410810107572,1.7118014003306543,2,4147.982744138177
2,28468,0.0007171309827837455,0.4446933138390142,1.7086365672285202,2,4226.140193287474
2,28505,0.0007295716412408326,0.5068043744057598,1.8617170490640407,2,4237.5041952288
2,28542,0.0007171534958835232,0.3872592073941742,1.7685227768341372,2,4264.613527019879
2,28579,0.0007171707986558722,0.38843496132516664,1.7710649864572665,2,4278.3612623178215
2,28616,0.0007171825216080957,0.45916157521396306,1.7196351015706235,2,4229.245724274405
2,28653,0.0007172150106116751,0.37814135626319445,1.7162144948722502,2,4309.263626037339
2,28727,0.0007295568235179267,0.42011875121304876,1.9211912277388807,2,4288.446122860662
2,28764,0.0007172411228462533,0.42608423377326365,1.7316101077421022,2,4159.064006719597
2,28801,0.0007172419762372146,0.4236948232629151,1.7359377812087382,2,4092.016306533861
2,28838,0.0007172549339968539,0.43085829897460304,1.7242987940484116,2,4162.769014192039
2,28875,0.0007169497193483637,0.4600590725428969,1.7354323267851706,2,4225.955795222903
2,28912,0.0007175040630902263,0.45725412518350916,1.7245568616953622,2,4185.88288245593
2,28936,0.0007283984379182349,0.49834046915728525,1.8411931533474497,2,4226.858094441479
2,28949,0.0007294921977190199,0.4976229728887275,1.8380283202453156,2,4277.646876698615
2,28986,0.0007178028393457516,0.42621285063293424,1.7296314939588688,2,4178.6121318291935
2,29023,0.0007178810708644671,0.45839123323469677,1.6982845556595076,2,4293.814419732819
2,29097,0.0007179150283274523,0.45839171259181155,1.734285615228357,2,4214.437682249509
2,29134,0.0007179210038211273,0.46407555410824775,1.7428058933788009,2,4221.255186227539
2,29171,0.0007293807475000831,0.47710948152533006,1.862695263254887,2,4213.943866913619
2,29245,0.0007179710092878156,0.38597379210030924,1.7336390920806193,2,4274.676271562575
2,29269,0.0007168815641240826,0.44845643011691505,1.712738898994044,2,4150.689803443219
2,29282,0.0007179753239248675,0.4477389338483573,1.7095740658919099,2,4245.171440556804
2,29306,0.0007168973700395245,0.4371203610731974,1.724085252230153,2,4194.145394566709
2,29319,0.0007179911298403095,0.4364028648046395,1.720920419128019,2,4180.696823086642
2,29467,0.0007293524559496803,0.5085448567643425,1.8671401972178558,2,4262.0410681995145
2,29504,0.0007180393071390304,0.38686759872975907,1.7348695588714829,2,4297.219070087005
2,29541,0.0007180406641496693,0.46106151520652316,1.7152602671393096,2,4230.965027942398
2,29565,0.0007169665291917119,0.4589284406798908,1.7203803592899511,2,4189.11040762042
2,29578,0.0007180602889924969,0.45821094441133303,1.717215526187817,2,4161.302044746152
2,29689,0.0007177825050203655,0.4398076351636646,1.7352846952735346,2,4132.4458476029085
2,29726,0.000717526008506005,0.4498937325409129,1.7326454246678757,2,4141.818249105872
2,29750,0.0007283243331323372,0.4846592511849339,1.8483538393166654,2,4247.021992836276
2,29763,0.0007294180929331222,0.48394175491637614,1.8451890062145313,2,4251.930016236173
2,29824,0.0007164380403206381,0.44921965233859584,1.7267017467053027,2,4157.952476856193
2,29837,0.0007175318001214231,0.44850215607003807,1.7235369136031686,2,4157.573231065871
2,29911,0.00071756128858909,0.43207795463536036,1.7346230915444631,2,4128.5016740885485
2,29948,0.0009197705627675107,1.9149171790838941,4.743370294377556,2,5254.083844770066
2,29985,0.0007175752850251502,0.4509209573554094,1.7421887690493345,2,4126.291114770575
2,30022,0.0007175861366885547,0.38306435426046337,1.721537552457879,2,4313.38290704296
2,30059,0.0007294724394412478,0.43004999316052706,1.8459994594229365,2,4389.207551894526
2,30120,0.0007283582951462275,0.507207519612617,1.8392828154199736,2,4302.359387381255
2,30133,0.0007294520549470124,0.5064900233440592,1.8361179823178395,2,4251.074434080438
2,30170,0.0007176462283515542,0.4471783689950998,1.7386905396545274,2,4187.066861798763
2,30244,0.000717681624039423,0.3814741657122861,1.7193874955617559,2,4304.635582146548
2,30318,0.0007176904527528677,0.3878583492222766,1.780486722047417,2,4216.036793375023
2,30342,0.000716621349747542,0.4315459149134494,1.7280930661786034,2,4153.295723780181
2,30355,0.000717715109548327,0.43082841864489163,1.7249282330764693,2,4175.013921570736
2,30379,0.0007166284689958038,0.44161091625929016,1.7318111954851276,2,4160.649846382887
2,30392,0.0007177222287965887,0.4408934199907323,1.7286463623829935,2,4218.223128104054
2,30416,0.000716629166491341,0.45403507824718914,1.7217765991583809,2,4157.3332232043185
2,30429,0.000717722926292126,0.45331758197863126,1.7186117660562468,2,4156.036684786308
2,30466,0.0007177272246897912,0.3888526564695136,1.7796210035420719,2,4243.268098229733
2,30503,0.0007177299586120826,0.38700104651129763,1.7180440779493722,2,4300.605007377578
2,30527,0.0007166632925146349,0.4557704106238495,1.706623383949507,2,4198.885049228149
2,30540,0.0007177570523154199,0.4550529143552916,1.703458550847373,2,4218.49000746697
2,30577,0.0007181032456419178,0.4403940712090464,1.7468569967865935,2,4119.956099578787
2,30614,0.0007169492688844764,0.448849999365038,1.7347144641241776,2,4133.719471453653
2,30651,0.000729642692278619,0.5024615160798367,1.862268394748153,2,4253.678191737225
2,30675,0.0007150698400873974,0.4418290315206441,1.7003050319512198,2,4119.161053813949
2,30688,0.0007161635998881823,0.44111153525208635,1.6971401988490857,2,4203.380281795343
2,30725,0.0009121129292900654,2.016998595447381,4.517820611364725,2,5256.103239980175
2,30749,0.0007287263680727158,0.5044733952217691,1.8587758425533472,2,4304.219261222061
2,30762,0.0007298201278735008,0.5037558989532114,1.855611009451213,2,4247.451626690827
2,30799,0.0007161871805089837,0.45438535751930076,1.7174700176107403,2,4185.63690819406
2,30836,0.0007298160192885286,0.514017935799681,1.824455556659807,2,4346.575148672194
2,30984,0.0007162159352358549,0.4465885385271764,1.7291135892085754,2,4112.193234958403
2,31058,0.00071625129296507,0.3831129478468288,1.7013479965989373,2,4271.814159746076
2,31082,0.0007151646441870696,0.4484360654002487,1.7179405666977052,2,4116.280716677517
2,31095,0.0007162584039878546,0.44771856913169095,1.7147757335955711,2,4176.475765773669
2,31119,0.0007287022285846212,0.4924022894167238,1.8566481331994567,2,4243.802748037524
2,31132,0.0007297959883854062,0.49168479314816593,1.8534833000973225,2,4261.388632538624
2,31169,0.0007162997107695397,0.3789126665347927,1.7104909018552379,2,4299.475807486422
2,31280,0.0007163333149046556,0.38199644499063157,1.7012797287655785,2,4285.304490604248
2,31317,0.0007163349599101877,0.44717864940352337,1.7264066096476791,2,4145.457958136058
2,31354,0.0007163454989998306,0.44020572135945935,1.7233662942711307,2,4153.542745221202
2,31428,0.0007163552444286309,0.4265747510953011,1.721497880167464,2,4115.342516217992
2,31452,0.0007150627502953261,0.4520373962966433,1.7186708884789423,2,4193.392802868839
2,31465,0.0007161565100961111,0.4513199000280854,1.7155060553768082,2,4174.383723426087
2,31502,0.0007161056447499866,0.44129797001590065,1.7202043986887214,2,4187.782808333209
2,31576,0.0007299109082722736,0.5175134454917737,1.8618467064712867,2,4292.7556830781905
2,31613,0.0009101267164739683,2.0010991708139647,4.47671194805662,2,5289.006785579472
2,31650,0.0007158519915746818,0.41840451372129794,1.7120468890435887,2,4112.25157222857
2,31687,0.0007158962208202692,0.44309965783520466,1.7257716810704478,2,4180.20702053245
2,31724,0.0007298779803200246,0.4250072034207508,1.8601045435011534,2,4375.735102153151
2,31748,0.0007148284517113132,0.4316930340346372,1.7113481370986499,2,4130.6804912976595
2,31761,0.0007159222115120982,0.43097553776607944,1.7081833039965157,2,4139.56924037893
2,31835,0.0007298720232911762,0.4896669711296192,1.8699437670614125,2,4230.51363816488
2,31909,0.000911166862051385,1.9573369128493099,4.527700466387227,2,5260.059330490111
2,31983,0.0007160058958534927,0.37767645919621373,1.7642427849047249,2,4210.298052975618
2,32020,0.0007298504943508696,0.5125061490277816,1.8520751724658364,2,4297.758734397959
2,32057,0.0007160280575365704,0.43522851629376924,1.7172063011705379,2,4159.152644359443
2,32094,0.0007160481334237969,0.41381402031099235,1.7210173293345812,2,4155.410509962707
2,32131,0.0007160657729867399,0.3703179515424466,1.7141467701291189,2,4304.518687218762
2,32205,0.0007160925933827873,0.3796827685243114,1.7133919000977538,2,4284.624736317152
2,32242,0.0007161375973521309,0.4205726584033064,1.7155156619909924,2,4180.128122698822
2,32279,0.0007296383490753984,0.48276902007922895,1.8656820591910346,2,4251.134283674239
2,32316,0.000716365490707171,0.4552802621085117,1.7049930606847856,2,4206.2206982814205
2,32353,0.0007297794682564239,0.5161975124160212,1.8227555188372189,2,4329.218320790142
2,32464,0.0007167240061571159,0.4194117305823407,1.722277211077491,2,4165.969161988063
2,32612,0.0007167584910785513,0.42898015424089897,1.7283078824411549,2,4092.8199139041653
2,32760,0.0007167948040828398,0.4596341367117547,1.7326670254092351,2,4201.85709746234
2,32871,0.0007168512055967733,0.45791510543213987,1.7199055656890874,2,4212.5204768068825
2,32969,0.0007285638737794094,0.5121465913120399,1.8353126877385237,2,4225.891096621153
2,32982,0.0007296576335801944,0.5114290950434821,1.8321478546363896,2,4302.510102163029
2,33019,0.0007169192118386505,0.4573831610595174,1.715685067750726,2,4217.0118365243125
2,33056,0.0007169222838976718,0.38545539197063006,1.7231634837436858,2,4285.22888377035
2,33093,0.0007297256565619185,0.5157723065505416,1.8669201843990548,2,4273.041860710762
2,33117,0.0007153054650283917,0.3791062666336732,1.704331913304403,2,4280.105868813579
2,33130,0.0007163992248291767,0.3783887703651154,1.701167080202269,2,4329.965603554183
2,33167,0.0007166293056827039,0.4437434449595382,1.7321431855478604,2,4153.145680522867
2,33228,0.0007153135770091707,0.44440684530478924,1.7003111574920287,2,4159.999783398504
2,33241,0.0007164073368099556,0.4436893490362315,1.6971463243898945,2,4124.861699268953
2,33302,0.0007153565883956546,0.4409073451469535,1.7130398140183078,2,4136.04078625954
2,33315,0.0007164503481964395,0.44018984887839563,1.7098749809161737,2,4185.95908269723
2,33389,0.0007164596620373322,0.454419298102299,1.7136820510481439,2,4169.479105116471
2,33463,0.0007164648832193463,0.4560274257791419,1.7202393021464193,2,4178.196943395876
2,33500,0.0007164650235371511,0.42251361464436976,1.7230699541048722,2,4185.323881658912
2,33524,0.0007153869943129007,0.44339016458886005,1.7061646607321226,2,4152.969049679171
2,33537,0.0007164807541136857,0.44267266832030217,1.7029998276299885,2,4194.39782841857
2,33685,0.0007165098445728157,0.4463525596530744,1.7284727382342977,2,4155.261977890991
2,33783,0.0007154548296844507,0.4474897369349343,1.6944930092322492,2,4167.778947073272
2,33796,0.0007165485894852357,0.44677224066637644,1.691328176130115,2,4204.287238710942
2,33833,0.0007165491435405011,0.4307851507579704,1.7248247137357298,2,4158.74955059029
2,33870,0.0007165709381652025,0.4246451157409298,1.7193242853258224,2,4158.438279400708
2,33894,0.0007155145310019663,0.37763670119462545,1.709163932113137,2,4265.076551173097
2,33907,0.0007166082908027513,0.37691920492606756,1.705999099011003,2,4290.355103825509
2,33944,0.0007166230848896828,0.45674524350693735,1.7256873678428266,2,4167.1675783625515
2,34005,0.000717023560286412,0.44870970990304915,1.7310654838594477,2,4159.1415406602955
2,34018,0.000718117320087197,0.4479922136344914,1.7279006507573136,2,4195.334368350117
2,34055,0.0007181494182883298,0.4497294039500108,1.7465912016859806,2,4143.865953933835
2,34079,0.0007184124950905994,0.4651524455512751,1.7374293356287878,2,4167.457326712907
2,34092,0.0007195062548913843,0.4644349492827172,1.7342645025266537,2,4186.627974959446
2,34153,0.0007184315251813802,0.46057572607820085,1.7458534984327796,2,4204.943552809124
2,34166,0.0007195252849821652,0.4598582298096431,1.7426886653306455,2,4198.18754098371
2,34203,0.0007289586177060369,0.4871321872869334,1.8596457334744625,2,4242.79960866916
2,34240,0.0007195467827522204,0.3937983166392445,1.7997293100475886,2,4246.925411061973
2,34277,0.0007195582738530519,0.46579447193691326,1.7257742651504298,2,4212.412550855379
2,34388,0.0007195755113116848,0.4693817412894994,1.7327098030088832,2,4257.47604433458
2,34412,0.0007278449171551535,0.4978156217014966,1.8412051874955202,2,4239.176950656108
2,34425,0.0007289386769559385,0.49709812543293874,1.838040354393386,2,4278.838941824298
2,34462,0.0007289362147918703,0.4237852200043819,1.909275041546434,2,4331.108336624464
2,34499,0.0007196238489804099,0.46132402039636355,1.763782552887147,2,4172.112988371065
2,34523,0.0007185368928525174,0.45847642199053584,1.7465664364335598,2,4166.327241104252
2,34536,0.0007196306526533024,0.45775892572197796,1.7434016033314257,2,4141.028248026721
2,34647,0.000719672926467971,0.46659128705435227,1.7212509762398451,2,4291.155929101968
2,34684,0.000719688300846484,0.4521414330598529,1.7575002858146895,2,4146.538952935437
2,34721,0.0007197221685877001,0.46612127425269945,1.732854201722369,2,4215.470232990445
2,34795,0.0007194882118095826,0.38911596093869605,1.7502903694590932,2,4320.326258453073
2,34832,0.0007289082217303738,0.4839159171182278,1.8548204760890123,2,4223.064085085485
2,34906,0.0007289837896656867,0.49269387280097743,1.859354404948161,2,4188.234590982712
2,35054,0.0007191551065100484,0.4651335001365873,1.7325845270966902,2,4212.140959583407
2,35078,0.0007279894959388346,0.4969812997443397,1.8294939371146128,2,4260.55495373789
2,35091,0.0007290832557396195,0.4962638034757819,1.8263291040124787,2,4297.404625030258
2,35115,0.0007279806908113037,0.5083022215277331,1.84153402673928,2,4271.245044574452
2,35128,0.0007290744506120887,0.5075847252591753,1.8383691936371458,2,4263.134215725006
2,35165,0.0007290728335326946,0.42908449151443206,1.838182774671924,2,4382.170461079845
2,35202,0.0007290515762940388,0.5123393135881195,1.8263118033565653,2,4285.300750602917
2,35276,0.0007192562879805564,0.3893727121503232,1.7985435732099269,2,4215.431236336154
2,35300,0.0007181849988941407,0.4631167095025166,1.7469828377839283,2,4178.192668538544
2,35313,0.0007192787586949256,0.46239921323395883,1.7438180046817942,2,4200.0576892993295
2,35374,0.0007279203367304085,0.4959875932785206,1.8373365738102099,2,4213.825707138935
2,35387,0.0007290140965311935,0.4952700970099627,1.8341717407080758,2,4288.509331266419
2,35424,0.0007193681125365047,0.4339974150254372,1.7576109878840365,2,4192.239149118957
2,35498,0.0007193805833456861,0.3945498685379182,1.7477739983752543,2,4293.054599613632
2,35572,0.0007194002714831609,0.4645328783966427,1.7641891709336146,2,4197.004761289634
2,35609,0.0007194157575540075,0.4671052833383066,1.7161843764017206,2,4257.99043636952
2,35646,0.0007194446847963468,0.46565510431525325,1.7526080924771257,2,4189.791461875897
2,35683,0.00071913175263687,0.46535222084094674,1.7314774740445662,2,4236.112115239648
2,35720,0.0007197713686474316,0.39360867230411456,1.7434249826710733,2,4312.750305704825
2,35757,0.0007198185999966437,0.4428351879327148,1.7555429349556189,2,4200.6851044161585
2,35868,0.0007287947428543189,0.5080021834925887,1.8267369716387172,2,4291.806522054293
2,35905,0.0007202598511221505,0.4701917324740693,1.7616121174431107,2,4156.097354830996
2,35929,0.0007191818451161586,0.4370524814314066,1.7572370325159659,2,4157.0122155039135
2,35942,0.0007202756049169436,0.43633498516284885,1.7540721994138317,2,4248.065792007497
2,36003,0.0007276821215475437,0.48934187127570683,1.8481822065862756,2,4273.594049628931
2,36016,0.0007287758813483287,0.48862437500714895,1.8450173734841415,2,4261.174497375429
2,36127,0.0007203245090878595,0.473036109181039,1.766640185216532,2,4203.849852720475
2,36164,0.0007203439445214839,0.44812636103360637,1.7627390841127255,2,4170.2041255986505
2,36201,0.0007287692022177054,0.47931167467520985,1.8557794966911394,2,4242.490807201121
2,36262,0.0007192963850950836,0.46117785465283434,1.7585094149511136,2,4211.702966691565
2,36275,0.0007203901448958685,0.46046035838427646,1.7553445818489795,2,4204.17027564342
2,36386,0.0007204085685305429,0.3976296069833236,1.7404211490439605,2,4307.701080371678
2,36571,0.0007201878874811728,0.4703394828876688,1.7335651214598606,2,4266.938267240224
2,36608,0.0009332436281627874,2.1208735544576043,4.98935485001687,2,5375.313013356546
2,36632,0.0007187278326845024,0.46476518988272664,1.7274936355581485,2,4219.754815207606
2,36645,0.0007198215924852873,0.46404769361416887,1.7243288024560144,2,4210.9591669325755
2,36719,0.0007288815667113522,0.510943007801962,1.8426269398075643,2,4291.054392089358
2,36756,0.0007198917409250977,0.4593039252446026,1.7661096889034127,2,4207.902522931971
2,36780,0.0007188361999710565,0.45393323199092506,1.7389661416803708,2,4193.8166762633455
2,36793,0.0007199299597718414,0.4532157357223672,1.7358013085782367,2,4214.555446629352
2,36854,0.0007188702115828798,0.45468117808933206,1.7387979976614074,2,4161.828879055195
2,36867,0.0007199639713836648,0.4539636818207742,1.7356331645592733,2,4225.57919883538
2,36928,0.0007189177198978615,0.466359859826861,1.7440334378554956,2,4183.499220063552
2,36941,0.0007200114796986465,0.46564236355830313,1.7408686047533615,2,4208.374814430731
2,36978,0.0007200296377586364,0.4577953703335682,1.7563323496929326,2,4204.041379821446
2,37015,0.0007200314987713177,0.44719825957324644,1.7572896824814073,2,4202.926687781895
2,37052,0.0007200333138526155,0.3884641723274005,1.752074440310986,2,4339.818660584194
2,37237,0.0007201001779183422,0.43548788031628893,1.7653573374268154,2,4150.904676697365
2,37274,0.0007288337916198668,0.5069188152163455,1.8642836757864307,2,4255.838638174383
2,37348,0.0007288140743000547,0.49373940266324734,1.8572876127653777,2,4274.44940658167
2,37385,0.0007181407190880566,0.45322114177761963,1.743777200359797,2,4141.453410164768
2,37422,0.0007191307334724003,0.4543463000051752,1.7558226429837036,2,4157.381665381626
2,37483,0.0007172568998043163,0.45094933926581804,1.7314096646372663,2,4163.747388526819
2,37496,0.0007183506596051013,0.45023184299726016,1.7282448315351322,2,4209.600282756102
2,37533,0.0007183577955113433,0.46035538646053964,1.7476997198412152,2,4205.82110284409
2,37557,0.0007281892518396292,0.5000841302884089,1.8501642109956191,2,4205.230993672862
2,37570,0.0007292830116404142,0.49936663401985115,1.846999377893485,2,4280.617859909036
2,37607,0.000729282369973729,0.48621639613688306,1.8609642627422127,2,4256.13608890361
2,37705,0.0007172958465200091,0.45729671775039915,1.7272835569639513,2,4156.491303514093
2,37718,0.0007183896063207941,0.4565792214818414,1.7241187238618172,2,4192.92151317378
2,37792,0.0007183949146430139,0.45867359286039155,1.7404676660340792,2,4192.980079452248
2,37866,0.0007184243091450718,0.3904101062777886,1.7850108313435231,2,4238.157351701447
2,37890,0.0007281739937025387,0.4916075989883165,1.8547041097006105,2,4259.647281147959
2,37903,0.0007292677535033237,0.49089010271975875,1.8515392765984764,2,4258.903213181026
2,37940,0.000718452191116166,0.44499945365153126,1.7502492238591825,2,4185.556405529707
2,37977,0.0007184881727789876,0.43186880680253004,1.7392926728879656,2,4155.016512771456
2,38001,0.0007281600461555902,0.4942899693720131,1.8561738861501482,2,4236.930973264027
2,38014,0.0007292538059563752,0.4935724731034553,1.853009053048014,2,4209.634716491291
2,38075,0.0007174023911523671,0.43938852510011717,1.7329664367543482,2,4174.701672524439
2,38088,0.0007184961509531521,0.4386710288315594,1.7298016036522141,2,4165.916925333754
2,38149,0.0007174092986648642,0.4556765356891854,1.7379743253961257,2,4204.736120792167
2,38162,0.0007185030584656492,0.45495903942062754,1.7348094922939916,2,4142.318371856591
2,38236,0.0007185174408299152,0.4636771970698077,1.7400085121500526,2,4180.900786982769
2,38310,0.0007183434743333003,0.4457066887971529,1.7466688302905689,2,4182.461299705457
2,38334,0.0007282280219783272,0.5066187880880075,1.8255595665055242,2,4281.300282878172
2,38347,0.0007293217817791122,0.5059012918194498,1.82239473340339,2,4286.245701550374
2,38371,0.0007171197848375781,0.4540968974455343,1.7111641481121107,2,4194.071484190953
2,38384,0.000718213544638363,0.4533794011769764,1.7079993150099766,2,4239.654199498391
2,38421,0.0007182161916142396,0.4510295239683716,1.7477698728329953,2,4151.111236848159
2,38495,0.0007293158813773896,0.41923180392235504,1.9171535188111917,2,4301.454868883679
2,38532,0.0007182323022505493,0.4639811398474326,1.7442098958499972,2,4208.3312835198385
2,38556,0.0007282198904668615,0.4919716291102866,1.8369165411236144,2,4244.456633719185
2,38569,0.0007293136502676465,0.4912541328417288,1.8337517080214802,2,4292.3149558342675
2,38593,0.0007171461045748864,0.4500108033250724,1.7379663920148696,2,4122.575430823675
2,38606,0.0007182398643756714,0.4492933070565145,1.7348015589127355,2,4152.929593309044
2,38643,0.0007182495931044182,0.460065026302396,1.7491071077757314,2,4177.877506808865
2,38680,0.0007182637878102553,0.37935419003487114,1.732675024178085,2,4325.261433425897
2,38717,0.0007182694776914851,0.38308207747827994,1.7265421991842687,2,4295.320187668094
2,38754,0.0007182847283646294,0.4616835916218619,1.749981758970491,2,4240.571055174341
2,38791,0.0007182904498840958,0.3899899339963283,1.725205130696499,2,4295.020549496425
2,38815,0.0007282051713843386,0.4963881611512031,1.8418912497963225,2,4248.205564335997
2,38828,0.0007292989311851236,0.49567066488264533,1.8387264166941883,2,4302.64706160655
3,21,0.0007021050707506713,0.33585728730648734,1.5560919136588838,2,4186.047616176733
3,48,0.0008520589120521612,1.2642457705433792,3.540757752272504,2,4945.199486616154
3,85,0.000727462999631364,0.4823438975120713,1.8119858506882136,2,4282.8355181883735
3,95,0.0007277421110021224,0.4865369498028116,1.8193098523790703,2,4282.8721049841715
3,96,0.0007211306299991705,0.47370652864137386,1.7826074690784923,2,4229.394478235986
3,169,0.000702994425862292,0.3866268122908595,1.5553200204039894,2,4159.133265711024
3,170,0.0006963829448593401,0.37379639112942176,1.518617637103412,2,4019.936959717479
3,196,0.0007027200981287879,0.39759188859571537,1.5743753147065362,2,4069.6812762733643
3,307,0.0007027623984612872,0.3949312930388914,1.5612293254136798,2,4095.7985374471714
3,317,0.0007030415098320456,0.3991243453296317,1.5685533271045362,2,4137.277740932515
3,354,0.0007030514577600088,0.36899259394785244,1.575759653043671,2,4080.4583029947244
3,420,0.0007101355060052249,0.4190990040511088,1.6190753495307635,2,4219.568136395054
3,455,0.0007028106631616733,0.37682380050308306,1.571439420513513,2,4067.764584610199
3,465,0.0007030897745324316,0.38101685279382336,1.5787634222043694,2,4092.178587253024
3,497,0.00071002229523122,0.3509142352650523,1.6526084822857514,2,4256.76442949829
3,502,0.000703096261121184,0.3416326408387613,1.6211378982108038,2,4133.544750385894
3,539,0.0007031281307786765,0.3948639549136923,1.5533434057794835,2,4115.200381841457
3,566,0.0007028718500529974,0.34095756378108455,1.5704353814835394,2,4198.117127850328
3,613,0.000703159353673865,0.34024382314462753,1.6167606177947877,2,4139.926797558551
3,630,0.0007357734654651595,0.4322309423348628,1.9163806890274135,2,4429.043650620882
3,640,0.0007274109758889117,0.41834365477775026,1.8799317849424515,2,4303.5094314882635
3,650,0.0007276900872596701,0.42253670706849056,1.8872557866333082,2,4263.011881800361
3,687,0.0007031968277226655,0.33863269136408924,1.5688535329096271,2,4205.351379227988
3,724,0.0007032187541252454,0.38819664001411314,1.5585702694877062,2,4120.743007148008
3,725,0.0006966072731222935,0.3753662188526754,1.5218678861871286,2,4030.188303714432
3,751,0.0007026545573694296,0.37444412117515813,1.5687441781166875,2,4075.4902749521775
3,761,0.000702933668740188,0.3786371734658984,1.576068179807544,2,4059.372114697833
3,825,0.0007026469047160679,0.37719530086282416,1.5677622577730488,2,4079.109361891121
3,835,0.0007029260160868263,0.38138835315356445,1.5750862594639055,2,4045.612053443255
3,946,0.0007027042689811556,0.3885631434117375,1.5529538300790635,2,4089.009730146782
3,973,0.0007024269675165704,0.38669348837907924,1.5512871439967035,2,4150.840396053927
3,983,0.0007027060788873287,0.39088654066981954,1.55861114568756,2,4074.0427819532165
3,1010,0.0008501868429518055,1.2333982469138332,3.5116940920502246,2,4929.698964648041
3,1020,0.0008504659543225639,1.2375912992045734,3.5190180937410807,2,4898.5250141706165
3,1057,0.0007027201638614938,0.392315451272762,1.5516626969871055,2,4149.615616696539
3,1084,0.0007024413493659614,0.39245583956401364,1.558920548156126,2,4114.095983398285
3,1094,0.0007027204607367198,0.39664889185475394,1.5662445498469826,2,4079.4844720899764
3,1121,0.0007275268045187913,0.49818449639124995,1.799419836965632,2,4306.378783042078
3,1131,0.0007278059158895496,0.5023775486819902,1.8067438386564885,2,4307.455724083576
3,1168,0.0007027562415055905,0.3707339606881177,1.5734187743177765,2,4070.6451461220668
3,1195,0.0007024848901224239,0.39440729942075203,1.5640685742550027,2,4091.8889512395617
3,1205,0.0007027640014931822,0.39860035171149233,1.5713925759458591,2,4112.042927100433
3,1232,0.000727506359772185,0.41770928861788137,1.8154803241721902,2,4374.804981337597
3,1242,0.0007277854711429433,0.42190234090862166,1.8228043258630466,2,4374.43947477654
3,1269,0.0007275008412728411,0.492704604641946,1.8092970893854308,2,4281.975370520212
3,1279,0.0007277799526435994,0.4968976569326863,1.8166210910762872,2,4329.406373819442
3,1343,0.0007274964394259782,0.4897982442363361,1.8066075461913083,2,4294.590590036723
3,1353,0.0007277755507967366,0.4939912965270764,1.813931547882165,2,4270.910105899635
3,1380,0.0007025305512489155,0.3896350218092913,1.5679623795486786,2,4069.960943973945
3,1390,0.0007028096626196739,0.3938280741000316,1.575286381239535,2,4099.241347823093
3,1464,0.0007028256747013287,0.3706054620527792,1.5733193011184883,2,4083.303671214557
3,1491,0.0007025853651322851,0.3712017998047461,1.5751376756385962,2,4046.8437467074964
3,1501,0.0007028644765030435,0.3753948520954864,1.5824616773294526,2,4097.743244513231
3,1612,0.0007029086231878119,0.33491786350051667,1.6216489915630914,2,4152.051419588732
3,1639,0.0007023756619644249,0.38094539596500787,1.5740391696577036,2,4045.89093881239
3,1649,0.0007026547733351833,0.38513844825574817,1.58136317134856,2,4103.971388678849
3,1713,0.0007030229676163343,0.34153052439825493,1.549896032698008,2,4226.534074887977
3,1787,0.0007034255872180399,0.3937571869137172,1.5774169190906966,2,4057.1861348855573
3,1797,0.0007037046985887982,0.3979502392044575,1.584740920781553,2,4082.24826344404
3,1824,0.000703439383907407,0.344893085159106,1.615028197983808,2,4137.323180355504
3,1829,0.0007106445293882014,0.35836773187613724,1.653822783749612,2,4270.129155364308
3,1908,0.0007037498210703052,0.38245583495738755,1.576820380789057,2,4115.9274979984675
3,1945,0.0007037647946279472,0.3746558618796153,1.5808310479558638,2,4061.658246096337
3,1972,0.0007034864918021668,0.39135822254882613,1.5633156749650816,2,4093.5687667418492
3,1982,0.0007037656031729252,0.3955512748395664,1.570639676655938,2,4070.5125930644203
3,2036,0.0007356355765748711,0.43750288027907536,1.9175031748916416,2,4457.558706187154
3,2046,0.0007272730869986233,0.4236155927219628,1.8810542708066795,2,4279.293553545618
3,2085,0.000734611658497041,0.5247246597847665,1.8811201652107206,2,4382.711162507175
3,2120,0.0007035763031778228,0.39840080939005007,1.5789816616988406,2,4120.174169257961
3,2130,0.0007038554145485812,0.40259386168079037,1.586305663389697,2,4055.68353254956
3,2157,0.0007035828202486597,0.38467866635080306,1.5789377519185894,2,4076.1785177447114
3,2167,0.0007038619316194181,0.38887171864154335,1.586261753609446,2,4087.917885062797
3,2204,0.0007038781719670703,0.3763335610196519,1.5791945560969707,2,4100.032991147473
3,2305,0.0007036257548637901,0.3978058654327854,1.574477323547155,2,4132.797024946235
3,2315,0.0007039048662345485,0.4019989177235257,1.5818013252380114,2,4089.46716207585
3,2342,0.0007272515118619088,0.4836708465794214,1.8249990953210942,2,4226.526257148554
3,2352,0.0007275306232326672,0.4878638988701617,1.8323230970119508,2,4257.138787100776
3,2379,0.0007036652773461551,0.38356414840142883,1.5719874205138895,2,4066.6747979615957
3,2389,0.0007039443887169134,0.3877572006921691,1.5793114222047462,2,4097.701581564647
3,2500,0.0007032451237704487,0.3873537183748015,1.5596366209659533,2,4124.720494488525
3,2501,0.0006966336427674968,0.37452329721336375,1.5229342376653758,2,4038.3273007509256
3,2648,0.0007033288239250303,0.3390991700794772,1.5662769426473846,2,4204.52819145481
3,2712,0.0007030653954710939,0.3970202638961009,1.5624858695823203,2,4092.569040861385
3,2749,0.0007273750243360778,0.41647427019663985,1.826227737719299,2,4388.352226631552
3,2759,0.0007276541357068362,0.42066732248738015,1.8335517394101555,2,4360.484211128093
3,2786,0.0007273733300574655,0.49982483653088927,1.7893684213302377,2,4333.064059000145
3,2796,0.0007276524414282239,0.5040178888216296,1.796692423021094,2,4342.499699516562
3,2823,0.0007273723111951074,0.47945517453855335,1.8116663922974976,2,4298.498431911443
3,2833,0.0007276514225658658,0.48364822682929365,1.818990393988354,2,4256.4042931213635
3,2860,0.000703094236685686,0.3976234825219854,1.555935188020615,2,4153.140636617447
3,2897,0.0007031068120060855,0.33967058797062955,1.5648240018532555,2,4231.270820229223
3,2971,0.0007273539671394291,0.4981190705280286,1.8095119051811217,2,4271.411362273201
3,2981,0.0007276330785101875,0.5023121228187689,1.8168359068719784,2,4248.635690129566
3,3018,0.000703455692276888,0.33700600025371596,1.6308468882044889,2,4124.050122828613
3,3045,0.0007031870692277892,0.38706122743395577,1.5616684684799056,2,4106.624363391152
3,3055,0.0007034661805985475,0.39125427972469606,1.5689924701707623,2,4108.05898454556
3,3156,0.0007273434165892153,0.49702263482266884,1.8080140606948425,2,4261.434154447408
3,3166,0.0007276225279599736,0.5012156871134091,1.8153380623856992,2,4280.311387671463
3,3193,0.0007273383721784551,0.49915397452056554,1.8242054145724866,2,4245.493403751418
3,3203,0.0007276174835492134,0.5033470268113058,1.8315294162633433,2,4285.594662367487
3,3230,0.0007032817884384749,0.391864906442595,1.5589466144912665,2,4093.599360240261
3,3240,0.0007035608998092333,0.39605795873333527,1.5662706161821232,2,4114.352706382203
3,3304,0.0007033390921422984,0.39097739246577057,1.5708150233148295,2,4099.08334082909
3,3314,0.0007036182035130568,0.39517044475651086,1.578139025005686,2,4038.438468298638
3,3331,0.0007355949866719025,0.43725146952231786,1.915717755832229,2,4450.866349206811
3,3341,0.0007272324970956548,0.4233641819652053,1.8792688517472669,2,4301.304946174348
3,3452,0.0007277222508060803,0.49926304884092454,1.7940451341768433,2,4306.404899531399
3,3462,0.0007280013621768387,0.5034561011316648,1.8013691358676998,2,4306.971021937043
3,3528,0.0007350571106534857,0.5245745181246017,1.8855930820511548,2,4344.5544595421425
3,3563,0.0007015146762940847,0.387993959972292,1.5621741608707693,2,3985.207669873299
3,3573,0.0007017937876648431,0.3921870122630323,1.569498162561626,2,4063.2225700442937
3,3637,0.000701536023900266,0.3810023325437485,1.5547359050977727,2,4065.4057307024805
3,3647,0.0007018151352710244,0.3851953848344888,1.5620599067886294,2,4084.31929197129
3,3674,0.0007277106165031362,0.4875403192764045,1.8383437170634527,2,4231.903885045628
3,3684,0.0007279897278738946,0.4917333715671448,1.8456677187543093,2,4264.702719258406
3,3716,0.0007349109317841682,0.43935046569001845,1.9141807310612655,2,4411.034396443808
3,3748,0.0007015972407236339,0.38259156805560046,1.5474983330619,2,4117.603213566418
3,3758,0.0007018763520943923,0.38678462034634076,1.5548223347527566,2,4051.748475646219
3,3785,0.0007016023230900605,0.377374857827137,1.5593693366702666,2,4040.3405325750837
3,3795,0.0007018814344608189,0.3815679101178773,1.5666933383611232,2,4066.7087105353385
3,3824,0.0007089557858744249,0.3558440362546954,1.6388122371606086,2,4192.945012818145
3,3827,0.0007088213531802953,0.35387832108330863,1.628635938703819,2,4248.828118916817
3,3859,0.0008442764432971192,1.1490461624005732,3.422868428427998,2,4956.403064011544
3,3869,0.0008445555546678776,1.1532392146913135,3.430192430118854,2,4902.538327948479
3,3933,0.000701626850595856,0.3808091381893143,1.5547726773768995,2,4061.369450451659
3,3943,0.0007019059619666144,0.3850021904800546,1.562096679067756,2,4106.489949383945
3,3970,0.0007016286522793483,0.37575459064581707,1.564416565262393,2,4090.2921316648226
3,3980,0.0007019077636501067,0.37994764293655736,1.5717405669532496,2,4041.440926387697
3,4044,0.0007016559462499129,0.3871788694618933,1.556336230450144,2,4069.596938790106
3,4054,0.0007019350576206712,0.3913719217526336,1.5636602321410005,2,4090.211030989875
3,4083,0.0007089975382187423,0.41514192897932034,1.6141221732315614,2,4189.800434753943
3,4192,0.000701672021245192,0.37857639247822383,1.5655319961786682,2,4039.4601290919595
3,4202,0.0007019511326159504,0.38276944476896413,1.5728559978695247,2,4085.4427721881093
3,4234,0.000708629838016502,0.3466639729655796,1.6356960200867754,2,4262.529230627015
3,4239,0.000701703803906466,0.33738237853928876,1.6042254360118278,2,4163.0468847674265
3,4266,0.0007014121669249403,0.381881938209676,1.560091788241709,2,4047.4783479332427
3,4276,0.0007016912782956987,0.38607499050041627,1.5674157899325654,2,4073.902021929163
3,4340,0.0007011620848378719,0.33682288758604184,1.5956860278581189,2,4146.799042367642
3,4345,0.0007083672303186664,0.350297534303073,1.634480613623923,2,4214.030448296915
3,4377,0.0007277973177489798,0.49055039350537066,1.8282585690735031,2,4257.739879819227
3,4387,0.0007280764291197381,0.49474344579611096,1.8355825707643596,2,4239.4557262581775
3,4451,0.000701252132374766,0.381393710692838,1.538868965352239,2,4143.175967948919
3,4461,0.0007015312437455243,0.3855867629835783,1.5461929670430956,2,4052.302361326907
3,4488,0.0007277771009388148,0.5007199514908589,1.8147660795842535,2,4297.350068674631
3,4498,0.0007280562123095732,0.5049130037815992,1.8220900812751102,2,4265.261174850185
3,4535,0.0007015598094452909,0.3353430424515077,1.547129028393486,2,4207.711136493846
3,4562,0.0007013167719858842,0.3733261223227251,1.560812016618604,2,4049.2311919425183
3,4572,0.0007015958833566426,0.3775191746134654,1.5681360183094604,2,4041.922078914878
3,4599,0.0007013192166445677,0.3366108547437986,1.5338610011892377,2,4215.265502834154
3,4673,0.0007013341629380534,0.3888078294679652,1.5627451143520934,2,4088.847272706949
3,4683,0.0007016132743088118,0.3930008817587055,1.5700691160429499,2,4089.488664732341
3,4710,0.0008423621362072233,1.2507390100630422,3.3286687715562504,2,4952.182428038176
3,4757,0.0007280275388185485,0.47044274719578094,1.830771062547378,2,4242.011580052491
3,4794,0.0007016600747398001,0.3379366121052729,1.5384569355405924,2,4214.254835277749
3,4868,0.0007016720049758389,0.33201976500125197,1.5614827295207128,2,4176.661989332381
3,4971,0.0007350797044758984,0.525990283821843,1.8890781138073705,2,4374.329614808499
3,4974,0.0007349452717817688,0.5240245686504562,1.878901815350581,2,4336.242410433264
3,5006,0.0007277378862365171,0.46699158791864204,1.8385994101209975,2,4264.605083919225
3,5016,0.0007280169976072755,0.47118464020938233,1.8459234118118542,2,4202.528110236912
3,5043,0.0007023400239401952,0.39525748480172074,1.5603976930929837,2,4075.8227602835245
3,5080,0.0007276751658358631,0.4658268003579221,1.8344411329697135,2,4254.957448841831
3,5090,0.0007279542772066214,0.4700198526486624,1.8417651346605701,2,4224.095439007374
3,5117,0.0007016944548067603,0.37845072423609705,1.548435874311481,2,4097.255961246214
3,5127,0.0007019735661775187,0.38264377652683734,1.5557598760023377,2,4066.797481958464
3,5154,0.0007020800156181727,0.38058959958325256,1.55598477526502,2,4086.333864256741
3,5164,0.000702359126988931,0.38478265187399285,1.5633087769558764,2,4042.421223876062
3,5191,0.0007020808677114779,0.3746464030081982,1.5578025131730004,2,4102.254662479993
3,5201,0.0007023599790822362,0.3788394552989385,1.565126514863857,2,4053.7439669225732
3,5265,0.0007021006019646834,0.38964558414532013,1.573697791544874,2,4029.2180105352463
3,5275,0.0007023797133354418,0.39383863643606043,1.5810217932357304,2,4061.7092321967702
3,5302,0.0007021303837746741,0.39240854628731003,1.5633484961855588,2,4106.055851162273
3,5312,0.0007024094951454324,0.39660159857805033,1.5706724978764155,2,4043.865784653857
3,5341,0.0007349150014154489,0.5242038214777065,1.8834778744383898,2,4354.494259406273
3,5365,0.0006958472043513578,0.32066091596846114,1.5467251945635103,2,4066.5584544456697
3,5386,0.0007024354152234029,0.3312034508020537,1.5678307402527165,2,4212.048200795359
3,5390,0.0006928109395008823,0.31272311235983585,1.5150363082464924,2,4046.1527917778953
3,5534,0.0007025025220818927,0.33740052605586246,1.5539569802751216,2,4192.222463273548
3,5561,0.0007275548873200774,0.4717043737311618,1.820316315584775,2,4279.100060706124
3,5571,0.0007278339986908358,0.4758974260219021,1.8276403172756315,2,4237.252273940868
3,5598,0.000702236653910121,0.3812962149554917,1.5731097447917666,2,4060.5385130690634
3,5608,0.0007025157652808794,0.385489267246232,1.5804337464826232,2,4085.0548157860385
3,5645,0.0007025409630917172,0.33881300967389905,1.558473849350637,2,4200.127916569453
3,5672,0.0007022642249405162,0.33924692044818205,1.5579058377879489,2,4200.8045275787135
3,5783,0.0008488615516546115,1.1829808150870915,3.4960931302557023,2,4980.150641845423
3,5793,0.0008491406630253699,1.1871738673778318,3.5034171319465592,2,4975.869577744328
3,5896,0.0007350068448655422,0.5265142819110953,1.8795936106281024,2,4365.651681929855
3,6005,0.000701705690434609,0.3843574100928351,1.5428465686686283,2,4130.450376784245
3,6015,0.0007019848018053673,0.3885504623835754,1.5501705703594848,2,4104.3921265360295
3,6163,0.0007020402665202585,0.38760212697596164,1.5467039214950165,2,4088.088504967366
3,6190,0.0007017892467243618,0.3667429853433062,1.5641770121422864,2,4076.433937872435
3,6200,0.0007020683580951202,0.3709360376340465,1.571501013833143,2,4061.412960755116
3,6264,0.000701805723554849,0.332576576989405,1.5579811323603598,2,4193.657807306982
3,6274,0.0007020848349256073,0.3367696292801453,1.5653051340512165,2,4196.249615553138
3,6301,0.0007018090534785982,0.3817839126506831,1.5459559934532832,2,4136.24369113848
3,6311,0.0007020881648493566,0.3859769649414234,1.5532799951441396,2,4118.702426833094
3,6338,0.0007018278791891258,0.3931972769000436,1.5558768866620836,2,4083.306125082491
3,6375,0.0007276380276690491,0.46276349187094135,1.8305900625977025,2,4289.368533958696
3,6385,0.0007279171390398075,0.46695654416168164,1.8379140642885592,2,4274.252925251266
3,6486,0.0007276261309782027,0.4967041149602882,1.8100054425378502,2,4305.943140725188
3,6496,0.000727905242348961,0.5008971672510285,1.817329444228707,2,4287.3753304012525
3,6565,0.0007091457852506056,0.34722833698371447,1.6443663288848749,2,4236.71282070635
3,6570,0.0007022197511405696,0.33794674255742363,1.6128957448099277,2,4149.830950469556
3,6597,0.0007276235762055753,0.5043964439032494,1.8057882282681297,2,4330.634475887221
3,6634,0.0007019806473542739,0.34062366226020047,1.601408777614248,2,4124.171568127554
3,6639,0.0007091857928350683,0.3540983089772317,1.6402033633800521,2,4263.744731354432
3,6708,0.0007276075214406514,0.456122809603967,1.8324221176175766,2,4278.719739659416
3,6718,0.0007278866328114098,0.4603158618947073,1.839746119308433,2,4272.56107651711
3,6745,0.000701118999296818,0.3773248554414079,1.5611766806822345,2,4046.449555552186
3,6755,0.0007013981106675763,0.3815179077321482,1.568500682373091,2,4080.715481890878
3,6782,0.0007272295863452015,0.47770466880827855,1.8087018346246841,2,4283.521752831277
3,6792,0.0007275086977159599,0.48189772109901885,1.8160258363155408,2,4286.904637711137
3,6793,0.000720897216713008,0.4690672999375811,1.7793234530149629,2,4197.382109331651
3,6893,0.0007052228042648464,0.39140228519019016,1.5917730289441956,2,4107.257344370845
3,6903,0.0007055019156356048,0.39559533748093045,1.599097030635052,2,4099.360877969864
3,6930,0.0007052255216712562,0.3979146743540034,1.6053006456666215,2,4056.836952809181
3,6940,0.0007055046330420146,0.4021077266447437,1.612624647357478,2,4080.8442640701955
3,6977,0.0007055231470239061,0.37619919839534033,1.6045539404182032,2,4092.590254957699
3,7004,0.0007052563062861245,0.4093645333568252,1.6038232683706597,2,4111.141830203364
3,7006,0.0007125958844610486,0.4248048952452431,1.6527941525932532,2,4226.497859567834
3,7078,0.0007268788882941921,0.4951455463530049,1.8293975186799274,2,4257.951227756182
3,7080,0.0007342184664691162,0.5105859082414228,1.878368402902521,2,4342.134983604722
3,7088,0.0007271579996649505,0.4993385986437452,1.8367215203707838,2,4240.179640028205
3,7115,0.0007052850253727114,0.396148440506195,1.5972918253461668,2,4081.2183285283145
3,7125,0.0007055641367434697,0.4003414927969353,1.6046158270370234,2,4112.12599951504
3,7162,0.0007055815958634991,0.3774853911880319,1.6079003847423878,2,4059.4373881600104
3,7189,0.00070532480175165,0.3917735105973853,1.5876228623194222,2,4117.259591559889
3,7199,0.0007056039131224084,0.3959665628881256,1.5949468640102789,2,4096.021476578392
3,7226,0.0007053422853216341,0.3857115699120319,1.5949706311382186,2,4071.765060652884
3,7236,0.0007056213966923925,0.3899046222027722,1.6022946328290752,2,4097.052551392177
3,7252,0.0007205569814109674,0.39976929506275716,1.7946957080289574,2,4314.478328359753
3,7273,0.0007271451922830125,0.41031182989634973,1.8158012537181631,2,4400.207942143081
3,7300,0.0007053543149456275,0.34502718097577,1.586736583921026,2,4228.90635371126
3,7310,0.0007056334263163858,0.3492202332665103,1.5940605856118826,2,4226.173493658461
3,7337,0.0007268659687755631,0.4995283610183031,1.8325669978852026,2,4229.3703052773435
3,7339,0.0007342055469504871,0.514968722906721,1.8815378821077962,2,4331.535758593688
3,7347,0.0007271450801463214,0.5037214133090434,1.839890999576059,2,4218.996376355671
3,7374,0.0007053730466939209,0.40322083212860604,1.5800654875954985,2,4149.25218427785
3,7384,0.0007056521580646793,0.40741388441934634,1.5873894892863551,2,4093.405091922049
3,7411,0.0007268606074441629,0.46463070080565894,1.8277810300272812,2,4234.828192420457
3,7421,0.0007271397188149212,0.46882375309639923,1.8351050317181377,2,4220.184148969507
3,7448,0.0007053917821540233,0.40591932048661306,1.5812866066086837,2,4105.635911214543
3,7485,0.0007053919513694147,0.38674752403402235,1.588204450821914,2,4176.913819814601
3,7495,0.000705671062740173,0.39094057632476265,1.5955284525127704,2,4083.1362453954835
3,7522,0.0007054407079436472,0.37691747552917676,1.6006767459070421,2,4106.9188429492515
3,7532,0.0007057198193144055,0.38111052781991706,1.6080007475978986,2,4072.2206076503303
3,7596,0.0007054571569414165,0.4075217503286581,1.5982519684277907,2,4087.5650893985535
3,7670,0.0007269133169791543,0.4957438418839214,1.8039065975056328,2,4262.097076222745
3,7680,0.0007271924283499127,0.4999368941746617,1.8112305991964892,2,4257.91364622892
3,7707,0.0007269775599369405,0.4755057780708124,1.8124884977118292,2,4305.237053791846
3,7717,0.0007272566713076989,0.4796988303615527,1.8198124994026859,2,4285.589650752553
3,7744,0.0007049456584237639,0.3464912600544794,1.577744998812448,2,4245.515266403324
3,7781,0.0007269649624864896,0.417914569388548,1.8084047636318388,2,4383.655224925553
3,7791,0.000727244073857248,0.4221076216792883,1.8157287653226952,2,4393.432900576331
3,7818,0.0008692476683337467,1.4792523979224546,3.7858346402247465,2,5043.761317258531
3,7855,0.0007269623951696553,0.4950164505625939,1.807473660262461,2,4227.672859099328
3,7865,0.0007272415065404137,0.4992095028533342,1.8147976619533177,2,4241.909207253598
3,7892,0.0007269575967412534,0.4935532211135134,1.793841583886508,2,4285.766918262579
3,7902,0.0007272367081120118,0.4977462734042537,1.8011655855773647,2,4279.719228046832
3,7929,0.0007269567231145853,0.5004264924842305,1.8320784567027115,2,4230.732947587445
3,7931,0.0007342963012895094,0.5158668543726485,1.881049340925305,2,4340.353263550361
3,7939,0.0007272358344853437,0.5046195447749708,1.839402458393568,2,4236.779453904741
3,8003,0.0007050476534653469,0.38834253556372855,1.5948980492718923,2,4093.2803891015665
3,8013,0.0007053267648361053,0.39253558785446885,1.6022220509627487,2,4084.0468148646873
3,8050,0.0007053384938705186,0.3969884245478764,1.5767837565038663,2,4184.057841872669
3,8077,0.0007269424263693546,0.4852811709537561,1.8110184817107327,2,4277.141982865716
3,8087,0.000727221537740113,0.4894742232444964,1.818342483401589,2,4259.966555689903
3,8114,0.0007269406882902769,0.4840130234110711,1.8198727563474815,2,4263.667940745677
3,8124,0.0007272197996610353,0.4882060757018114,1.827196758038338,2,4207.152802648191
3,8151,0.000705066084629889,0.4066137039151909,1.5864343606748768,2,4112.613876569336
3,8188,0.0007051001896251413,0.3813466469964618,1.596881294556728,2,4110.538367294008
3,8198,0.0007053793009958997,0.3855396992872021,1.6042052962475843,2,4066.710306493099
3,8225,0.0007051018017746753,0.402863920897949,1.6041047893132048,2,4064.427976585535
3,8227,0.0007124413799495993,0.418304282786367,1.6530756735357983,2,4233.514421595473
3,8235,0.0007053809131454336,0.4070569731886893,1.6114287910040612,2,4115.821026939507
3,8304,0.0007123136793698555,0.3578039993337845,1.6749133330583714,2,4268.284365643624
3,8309,0.0007053876452598195,0.34852240490749353,1.6434427489834242,2,4121.957620152152
3,8336,0.0007269280301462613,0.4694527006652811,1.8205690879624639,2,4256.034345424719
3,8346,0.0007272071415170197,0.4736457529560214,1.8278930896533205,2,4232.53396044166
3,8373,0.0007051188474794898,0.39292063666796895,1.5978042595924336,2,4107.007523744494
3,8383,0.0007053979588502482,0.39711368895870924,1.60512826128329,2,4058.033692064052
3,8399,0.0006988277424727628,0.32919127839077855,1.5771405477359115,2,4113.267786796952
3,8420,0.000705415953344808,0.33973381322437113,1.5982460934251173,2,4229.166650349056
3,8424,0.0006957914776222874,0.32125347478215327,1.5454516614188933,2,4068.1018754964566
3,8447,0.0007049278910463036,0.39650887314398875,1.5983293382878403,2,4059.8606533237867
3,8457,0.000705207002417062,0.40070192543472904,1.6056533399786967,2,4092.491708428364
3,8494,0.0007057451312418995,0.39739122380942526,1.58728482495683,2,4131.727144011734
3,8495,0.0006991336502389476,0.38456080264798753,1.5505824416562521,2,4045.826646608041
3,8521,0.0007054949866914266,0.3445917991019577,1.589679234386552,2,4233.097344521061
3,8531,0.0007057740980621849,0.348784851392698,1.5970032360774085,2,4210.453401754072
3,8558,0.0007058910290068103,0.4080882635813934,1.6029304791453083,2,4143.662826688298
3,8568,0.0007061701403775687,0.4122813158721337,1.6102544808361647,2,4122.568917804218
3,8659,0.0007143183993768285,0.36628455668957105,1.6800840961328811,2,4309.783786666729
3,8669,0.0007059559098005808,0.3523972691324585,1.643635192047919,2,4158.384570058859
3,8674,0.0007131610552813752,0.36587191584948975,1.682429777813723,2,4252.420384776874
3,8780,0.0007059733503469251,0.3876259330355232,1.6000623539913197,2,4074.8441581822694
3,8790,0.0007062524617176835,0.39181898532626347,1.6073863556821764,2,4129.072834381469
3,8817,0.0007059817547547699,0.41103769763877296,1.6129364950213838,2,4083.039181740966
3,8819,0.000713321332929694,0.426478059527191,1.6619073792439774,2,4214.961734772704
3,8864,0.0007062664035117446,0.4073460394222379,1.585248907251361,2,4138.033426403917
3,8891,0.0007267365558515816,0.49157110746613253,1.8111744370684872,2,4312.628347085604
3,8901,0.00072701566722234,0.4957641597568728,1.8184984387593437,2,4270.008374351963
3,8965,0.0007060629248869908,0.38224316404213077,1.6101275885896082,2,4080.4442188101502
3,8975,0.0007063420362577492,0.38643621633287106,1.6174515902804647,2,4108.117742370837
3,9002,0.0007060795718977608,0.38349553390540425,1.6083858628834573,2,4104.790580920129
3,9012,0.0007063586832685192,0.38768858619614455,1.615709864574314,2,4093.0523348858696
3,9039,0.0007060808985227282,0.39942173453586605,1.5942812559122044,2,4130.830675308399
3,9049,0.0007063600098934866,0.40361478682660634,1.601605257603061,2,4108.591620855359
3,9187,0.0007061134360470028,0.37833615478753235,1.6087988384379166,2,4086.926268286901
3,9197,0.0007063925474177612,0.38252920707827265,1.6161228401287733,2,4107.992577301245
3,9261,0.0007058543980868534,0.4000708443164446,1.5918972269166727,2,4108.230815107683
3,9271,0.0007061335094576118,0.40426389660718487,1.5992212286075291,2,4060.827351399417
3,9298,0.0007268409892662961,0.48555010782485963,1.791802080020127,2,4258.000416912302
3,9308,0.0007271201006370545,0.48974316011559993,1.7991260817109838,2,4320.869511288468
3,9374,0.0007130968469615571,0.42782461729372356,1.6546632780223405,2,4206.431707654901
3,9409,0.0007268397206534935,0.48951968193795425,1.8045651066472737,2,4255.601614683354
3,9419,0.0007271188320242519,0.49371273422869455,1.81188910833813,2,4336.355733114882
3,9493,0.0007058154884656132,0.3452979591596167,1.5867090391610186,2,4229.266749774367
3,9520,0.0007055546130654123,0.40002739789565855,1.602912428342333,2,4078.809939749625
3,9530,0.0007058337244361707,0.40422045018639885,1.6102364300331897,2,4081.4734555797236
3,9557,0.0007055577217429915,0.3912228842018809,1.5951493727995671,2,4095.506684405228
3,9567,0.0007058368331137499,0.3954159364926212,1.6024733744904236,2,4112.213843677919
3,9596,0.0007129013112965316,0.3657442901211977,1.682228511281787,2,4241.527401193274
3,9599,0.000712766878602402,0.3637785749498109,1.6720522128249973,2,4282.834635369536
3,9631,0.0007268293827926751,0.47144989414528704,1.8293734630612346,2,4234.0524622349
3,9641,0.0007271084941634334,0.47564294643602734,1.8366974647520913,2,4208.425095952659
3,9705,0.0007056032822977964,0.3935379965881094,1.5925763140689413,2,4115.165082834775
3,9715,0.0007058823936685548,0.3977310488788497,1.599900315759798,2,4098.6557259714955
3,9742,0.0007056383224184302,0.3421162891095618,1.597836192607811,2,4228.003177678922
3,9752,0.0007059174337891886,0.3463093414003021,1.6051601942986677,2,4238.22353371735
3,9789,0.0007270833567184622,0.4163214523513199,1.8115098687696471,2,4369.673210462694
3,9890,0.0007267973527823603,0.5032036851493721,1.8288408716293665,2,4300.785241964877
3,9892,0.0007341369309572844,0.51864404703779,1.87781175585196,2,4354.248223253011
3,9927,0.0007057049341636196,0.3989964703481319,1.5885617483556111,2,4122.831582976039
3,9937,0.000705984045534378,0.4031895226388722,1.5958857500464678,2,4066.6029312494325
3,9964,0.0007267963169416574,0.4937215932611726,1.7842029347606176,2,4295.948825253772
3,9974,0.0007270754283124158,0.4979146455519129,1.791526936451474,2,4317.8834621145315
3,10001,0.0007057201015832136,0.3892473070115441,1.5939825696673788,2,4108.720723827564
3,10011,0.000705999212953972,0.3934403593022844,1.6013065713582353,2,4082.2319690018753
3,10048,0.0007060134188342584,0.3998867136881915,1.589289610322034,2,4139.142423737363
3,10049,0.0006994019378313065,0.3870562925267538,1.552587227021456,2,4061.4712713330723
3,10075,0.0007267888882994893,0.4894586477621141,1.793939458644763,2,4327.748213684121
3,10085,0.0007270679996702477,0.4936517000528544,1.8012634603356197,2,4308.2513860676545
3,10112,0.0007058043945743469,0.3497323384187879,1.5928118973277456,2,4241.83291670222
3,10149,0.0007037383080900966,0.3992852568551869,1.556539117614536,2,4177.43029131735
3,10260,0.0007041341150941395,0.3960472437923098,1.5776716411678395,2,4081.553033807541
3,10270,0.0007044132264648979,0.4002402960830501,1.584995642858696,2,4136.691642160215
3,10297,0.0007041442915113822,0.3999712153271576,1.5882945293650634,2,4073.9388464866056
3,10307,0.0007044234028821405,0.4041642676178979,1.5956185310559199,2,4080.1406455314145
3,10344,0.0007274222564032984,0.5038334383273892,1.7899429237217677,2,4294.623086062022
3,10371,0.0007041583706899542,0.33936440794716183,1.5766044819017961,2,4191.459683435564
3,10381,0.0007044374820607126,0.3435574602379021,1.5839284835926526,2,4230.10067991084
3,10445,0.0007042014694605311,0.40211937654734975,1.5751554290450835,2,4098.232622090633
3,10484,0.0007115578976653763,0.4207318301546914,1.6371644597650206,2,4211.187634772453
3,10519,0.000704226725481618,0.4005822162274354,1.5670272626747905,2,4134.535800444715
3,10620,0.0007354802684091753,0.4395261438704319,1.916928288222306,2,4422.777878816916
3,10667,0.0007042570935262265,0.3995601864038104,1.5850205472220813,2,4139.851311759572
3,10677,0.0007045362048969849,0.4037532386945507,1.5923445489129378,2,4099.702432439351
3,10709,0.000711504124769463,0.3587480406115765,1.6627479548117148,2,4263.309484365101
3,10741,0.0007043006169953042,0.3449513701228082,1.5809378432715824,2,4216.748154985729
3,10780,0.0007116547723930586,0.4231681808105108,1.6461248235749313,2,4179.718607952139
3,10783,0.000711520339698929,0.421202465639124,1.6359485251181416,2,4201.709299106973
3,10815,0.0007043296271680844,0.3402471205766924,1.573655657975605,2,4201.658502664248
3,10825,0.0007046087385388427,0.34444017286743267,1.5809796596664614,2,4219.474405110643
3,10852,0.0007043466106049728,0.39414580785501085,1.5737066173707146,2,4108.999143011022
3,10862,0.0007046257219757312,0.39833886014575115,1.5810306190615713,2,4065.7723196698266
3,10963,0.0007041037184625555,0.39398720347486327,1.5852354312598291,2,4092.0091651078287
3,10973,0.0007043828298333139,0.39818025576560356,1.5925594329506858,2,4084.986816973155
3,11000,0.0007043950254407877,0.39233979644099093,1.5876337229097282,2,4079.560468096918
3,11010,0.0007046741368115461,0.3965328487317312,1.5949577246005846,2,4058.779704424803
3,11037,0.0007040694341363729,0.39576183498621065,1.5758294451579142,2,4067.6558983248647
3,11047,0.0007043485455071313,0.39995488727695094,1.583153446848771,2,4137.36935386503
3,11074,0.0007040573868221826,0.34247753480325693,1.5760847439738406,2,4208.230526943109
3,11084,0.000704336498192941,0.34667058709399723,1.5834087456646972,2,4225.884030063479
3,11111,0.0007037757055128829,0.3945725861036887,1.564013955731485,2,4128.45321868219
3,11121,0.0007040548168836413,0.398765638394429,1.5713379574223414,2,4136.541941083152
3,11148,0.0007272192627690774,0.4737155733550079,1.8112929039914198,2,4262.642419174027
3,11158,0.0007274983741398358,0.4779086256457482,1.8186169056822765,2,4296.978233710979
3,11222,0.000727214442634412,0.5023221092159675,1.812067875779493,2,4299.541476627112
3,11232,0.0007274935540051704,0.5065151615067078,1.8193918774703495,2,4323.072053281668
3,11259,0.0007272047028665361,0.4990896323227323,1.8038378477211967,2,4296.265635322485
3,11269,0.0007274838142372945,0.5032826846134726,1.8111618494120532,2,4336.062354266029
3,11298,0.0007112193458647613,0.4239553990982994,1.6405900524867179,2,4175.549998440233
3,11301,0.0007110849131706317,0.4219896839269126,1.6304137540299284,2,4197.779814171555
3,11333,0.0007038900163915772,0.3947656491828494,1.588208933878904,2,4074.3412906336957
3,11343,0.0007041691277623356,0.3989587014735897,1.5955329355697605,2,4059.758156349291
3,11407,0.0007038970981618566,0.3392608814274184,1.5702365743977456,2,4192.304134907951
3,11417,0.0007041762095326149,0.3434539337181587,1.577560576088602,2,4228.944201748668
3,11444,0.0007271983991563777,0.5020897864474214,1.798901691244659,2,4327.367516829871
3,11454,0.0007274775105271361,0.5062828387381617,1.8062256929355154,2,4271.862434091542
3,11481,0.0007039123887904147,0.3831155710637377,1.5782059884663187,2,4113.816882236299
3,11491,0.0007041915001611731,0.387308623354478,1.5855299901571753,2,4063.911551680013
3,11520,0.0007112707665264236,0.42000310997739154,1.634549807280327,2,4203.809479149429
3,11565,0.0007042237413724736,0.3451181649108469,1.6337357571846394,2,4141.398602742676
3,11592,0.0007040040047127011,0.3968793540877147,1.5710570419707188,2,4130.041207970539
3,11602,0.0007042831160834595,0.401072406378455,1.5783810436615753,2,4111.028290713825
3,11629,0.0007271754445144999,0.40941094687323976,1.8193527423953546,2,4412.509318635595
3,11639,0.0007274545558852583,0.41360399916398005,1.826676744086211,2,4363.569629719339
3,11703,0.0007040501981162379,0.38800713784623675,1.581400449833023,2,4119.566302099597
3,11713,0.0007043293094869963,0.39220019013697704,1.5887244515238794,2,4065.773042353837
3,11750,0.0007043362014082374,0.395251125351206,1.5714679409297874,2,4076.940547859224
3,11824,0.0007043443951980531,0.39301573836849857,1.568310382187594,2,4156.078083966367
3,11825,0.0006977329141951012,0.38018531720706084,1.5316079988870162,2,4035.337046729439
3,11851,0.0007269909205473401,0.42000204542732755,1.8154232647380177,2,4369.824863281279
3,11925,0.0007270773921876807,0.4974361156424675,1.82088824560547,2,4244.920224060294
3,11935,0.000727356503558439,0.5016291679332078,1.8282122472963265,2,4269.335448938725
3,11962,0.0007046704231116656,0.3996621441861301,1.5906674039927504,2,4064.9278731187596
3,11972,0.000704949534482424,0.4038551964768704,1.5979914056836069,2,4095.0603184017978
3,12009,0.0007049521421632796,0.39961304429539,1.5697279599407936,2,4179.4487658822
3,12036,0.0007270260081650288,0.4722673244653721,1.8271082619233212,2,4229.252636803957
3,12046,0.0007273051195357872,0.4764603767561124,1.8344322636141779,2,4216.048887819785
3,12083,0.000704979285043801,0.34417460544270184,1.5799825149256026,2,4221.032511828367
3,12157,0.0007049872431548799,0.3897520297577972,1.5810665808452897,2,4159.120068494306
3,12158,0.000698375762151928,0.3769216085963595,1.5443641975447122,2,4032.332410979608
3,12184,0.0007270237137881912,0.4891192515644016,1.8251499612825082,2,4270.366254079756
3,12194,0.0007273028251589496,0.4933123038551419,1.8324739629733646,2,4228.376237797399
3,12221,0.0007047116032065854,0.3981182791463961,1.5940994351483444,2,4075.424125237618
3,12231,0.0007049907145773438,0.4023113314371364,1.601423436839201,2,4078.63675507381
3,12263,0.0007119256449146392,0.3576199601938348,1.6682262331865279,2,4250.594888956523
3,12268,0.0007049996108046032,0.34833836576754396,1.6367556491115802,2,4103.027911016838
3,12295,0.0007047218691907231,0.40332019708117695,1.576355523734357,2,4111.78369251725
3,12342,0.0007050255760195942,0.347709188367316,1.641943657289435,2,4114.5400518339075
3,12369,0.0007047589840993508,0.3892699082490866,1.5839305647443795,2,4127.0796858674485
3,12379,0.0007050380954701092,0.3934629605398269,1.591254566435236,2,4111.864277358297
3,12406,0.0007047853553541918,0.39736258485255505,1.5883430789260506,2,4113.088767393523
3,12416,0.0007050644667249502,0.40155563714329534,1.5956670806169073,2,4101.36526927153
3,12443,0.0007270069174437488,0.41773257501060235,1.8152905947751958,2,4384.261786822841
3,12453,0.0007272860288145072,0.42192562730134264,1.8226145964660525,2,4375.449548959715
3,12490,0.0007050798660268923,0.33971385604212556,1.646959799282573,2,4171.30844007335
3,12556,0.0007121661923822994,0.4291111327735574,1.6416368926801614,2,4223.305945321044
3,12638,0.0007051206475449263,0.345876123104328,1.6375466298328305,2,4174.155518146292
3,12665,0.0007046646475945346,0.39958853443710507,1.5825286333773063,2,4084.562441466725
3,12675,0.0007049437589652929,0.40378158672784537,1.5898526350681628,2,4118.915647495122
3,12702,0.0007270899259624665,0.4998367259786938,1.8248576434124537,2,4240.865539132427
3,12712,0.0007273690373332249,0.5040297782694341,1.8321816451033104,2,4201.573549336727
3,12739,0.0007270397390342215,0.46776653020980663,1.820025574965664,2,4265.04215630068
3,12749,0.0007273188504049799,0.4719595825005469,1.8273495766565204,2,4267.945019628532
3,12778,0.0007119548975148597,0.42565876919986667,1.6491141989120723,2,4157.721314396529
3,12781,0.0007118204648207301,0.4236930540284799,1.6389379004552829,2,4184.2287666833945
3,12823,0.0007047331034618457,0.38610506830722013,1.580699447541069,2,4115.329932564386
3,12824,0.0006981216224588938,0.3732746471457824,1.5439970642404914,2,4047.521989041326
3,12860,0.0007047446784369746,0.39613017119073957,1.5716548051394963,2,4083.3888037951283
3,12897,0.000704745949269783,0.3998577487883759,1.565811771739311,2,4171.696288735044
3,13035,0.0007270659944539404,0.4813293337004446,1.8190390914665788,2,4249.15190817735
3,13045,0.0007273451058246987,0.4855223859911849,1.8263630931574355,2,4227.579187385234
3,13146,0.0007044953277504215,0.4037497624920008,1.5820490687340938,2,4102.4424266692
3,13173,0.0007354233999178674,0.4316423379219585,1.9178004200447931,2,4418.873231927557
3,13183,0.0007270609103416197,0.41775505036484595,1.881351515959831,2,4276.539122825504
3,13193,0.000727340021712378,0.42194810265558624,1.8886755176506875,2,4285.995895320084
3,13220,0.000704508784761479,0.3915033384850065,1.5972370239942084,2,4126.1766131337845
3,13230,0.0007047878961322373,0.3956963907757468,1.6045610256850649,2,4026.728119116273
3,13257,0.000704511840507083,0.40374528644306273,1.5983039640350452,2,4111.090938653528
3,13259,0.000711851418682007,0.41918564833148075,1.6472748482576387,2,4155.923684862354
3,13267,0.0007047909518778414,0.40793833873380303,1.6056279657259018,2,4093.534408384793
3,13299,0.0007117174383981103,0.35512952316887414,1.6641874538359873,2,4265.843414043938
3,13304,0.0007047914042880742,0.3458479287425832,1.6327168697610397,2,4172.15654834403
3,13320,0.0006982308156263642,0.3274311189597554,1.5692601530701717,2,4116.348356333174
3,13341,0.0007048190264984093,0.3379736537933481,1.590365698759378,2,4229.788359781501
3,13345,0.0006951945507758888,0.3194933153511302,1.5375712667531538,2,4041.4611738174585
3,13378,0.0007048371793067847,0.38159079024074216,1.5920703239598002,2,4119.221612627552
3,13415,0.0007048691423919004,0.4003556726313361,1.568652531260209,2,4177.076188671717
3,13431,0.0006982910355171315,0.3270045915182199,1.5733812805759768,2,4090.422930380885
3,13452,0.0007048792463891767,0.3375471263518125,1.5944868262651826,2,4233.624820386945
3,13456,0.0006952547706666561,0.31906678790959464,1.5416923942589587,2,4060.641562157814
3,13553,0.0007267165631584738,0.4617151820290868,1.8241050721657772,2,4261.684270041244
3,13563,0.0007269956745292322,0.4659082343198271,1.831429073856634,2,4224.821660153125
3,13592,0.0007084440269774334,0.41178714271523487,1.6041772618975538,2,4189.270847230921
3,13664,0.0007286156388748081,0.4170718462494516,1.833328819747044,2,4384.278825321483
3,13674,0.0007288947502455665,0.4212648985401919,1.8406528214379005,2,4384.208905684553
3,13711,0.0006974468650665211,0.3198819339985145,1.5171978510773203,2,4159.186767235707
3,13738,0.0006971703050660205,0.35587983637494824,1.5208875498987449,2,4034.2276894071406
3,13748,0.0006974494164367789,0.36007288866568854,1.5282115515896015,2,4010.7135141552653
3,13775,0.000728606744218432,0.4617287194040246,1.8468268564121444,2,4247.937641031008
3,13785,0.0007288858555891904,0.4659217716947649,1.854150858103001,2,4238.641069667183
3,13812,0.0006972084867477483,0.35532199586171076,1.5149471308481801,2,4056.9403730067693
3,13822,0.0006974875981185067,0.35951504815245106,1.5222711325390368,2,4034.672115227724
3,13859,0.00069750349457953,0.37292829118116566,1.500775608273287,2,4103.022312459398
3,13886,0.0006972268704632501,0.3246053058310777,1.5140200328249176,2,4125.492149985874
3,13960,0.0007285954530735486,0.4109930351272636,1.9104644298272473,2,4284.822020812873
3,14110,0.0007046591306596758,0.3944438701834019,1.5703891394162302,2,4166.988530921166
3,14145,0.0006973353686646416,0.3650153012939914,1.5170271114704872,2,4051.260432011118
3,14155,0.0006976144800353999,0.3692083535847317,1.5243511131613439,2,4040.2603979289515
3,14219,0.0007285805615185635,0.4278272246980527,1.8390485280827937,2,4374.746916210131
3,14330,0.0007285799537798979,0.47788500204321227,1.846943956737317,2,4241.6417308784485
3,14340,0.0007288590651506562,0.48207805433395257,1.8542679584281736,2,4231.460015518873
3,14406,0.0007047671592598098,0.3968543367358066,1.5719833452125962,2,4097.055842469101
3,14443,0.000704470885224412,0.3388217905691715,1.5945660201214493,2,4196.125426174921
3,14446,0.0007043364525302824,0.3368560753977847,1.5843897216646596,2,4217.914475721877
3,14480,0.0007359570903278779,0.5311059456475995,1.8884011746662044,2,4381.232551168841
3,14589,0.0006968682281557694,0.3729501298918384,1.4905891620904208,2,4107.558932422987
3,14626,0.0006968747076788616,0.3621111550182382,1.5049908053071799,2,4066.7056043246216
3,14636,0.00069715381904962,0.3663042073089785,1.5123148069980366,2,4013.3364840073496
3,14663,0.0008065324575763885,0.903496815635451,2.8162992401974147,2,4728.058291243358
3,14673,0.0008068115689471468,0.9076898679261913,2.8236232418882716,2,4748.299970343442
3,14700,0.0007286641366540378,0.49069043415884495,1.8200841556198883,2,4330.465744456871
3,14710,0.0007289432480247961,0.49488348644958524,1.8274081573107448,2,4292.980365560819
3,14711,0.0007223317670218443,0.4820530652881475,1.7907057740101673,2,4178.39821406877
3,14737,0.0006968919503650971,0.3580667904725463,1.506924931684652,2,4055.6273120106675
3,14747,0.0006971710617358555,0.3622598427632866,1.5142489333755085,2,4026.975866009002
3,14774,0.0008074520421492464,0.8754810604419647,2.854134496369884,2,4713.232383126316
3,14784,0.0008077311535200048,0.879674112732705,2.861458498060741,2,4754.703122437977
3,14811,0.0006969446813453317,0.36207006932055874,1.5069670981674836,2,4052.8441484217165
3,14821,0.0006972237927160901,0.36626312161129904,1.51429109985834,2,4030.762853618065
3,14895,0.0006972496943700384,0.31926704989584465,1.5096540581664162,2,4171.276592552911
3,14959,0.0006969806054147958,0.37093446827512966,1.5017852915699648,2,4085.943808297548
3,14969,0.0006972597167855542,0.37512752056586995,1.5091092932608212,2,4053.772996689992
3,15006,0.0006972827464572742,0.36095514540796525,1.5142963942467496,2,4031.8152861609824
3,15033,0.0007286409585691277,0.503704788349353,1.8454170204218645,2,4275.201649251802
3,15043,0.0007289200699398861,0.5078978406400932,1.8527410221127212,2,4236.319174068883
3,15070,0.0008080560719458694,0.9428838216776616,2.828502467903675,2,4773.695995030566
3,15080,0.0008083351833166278,0.9470768739684019,2.835826469594532,2,4783.405493495873
3,15107,0.0008088492827110393,1.0032012377992294,2.8137504931876265,2,4809.833460391224
3,15144,0.0007286219174917663,0.48779556558350723,1.8442085027355908,2,4253.614336137644
3,15154,0.0007289010288625247,0.4919886178742475,1.8515325044264472,2,4213.679263762253
3,15218,0.000697124223304515,0.3236024392106497,1.5080051571413402,2,4148.947643288125
3,15292,0.0007285741260299653,0.4995306424435936,1.8484231965178157,2,4243.407563058292
3,15302,0.0007288532374007237,0.5037236947343339,1.8557471982086724,2,4240.608180533071
3,15331,0.0007047915807018006,0.3983045670625248,1.574778336363637,2,4105.632864374631
3,15376,0.0006981109905539207,0.3230544357878905,1.5203984494734197,2,4152.424317802158
3,15440,0.0008151066144052433,1.038057770395981,2.905758549203286,2,4759.871225429216
3,15450,0.0008153857257760016,1.0422508226867213,2.913082550894142,2,4840.79400306909
3,15551,0.000728483232357618,0.48549554071015755,1.8439726047988496,2,4229.588541490352
3,15561,0.0007287623437283764,0.48968859300089784,1.8512966064897063,2,4252.58860921564
3,15625,0.0006979711130160703,0.3796778119046349,1.5269966696179886,2,4023.315130420591
3,15699,0.0006979929214659113,0.3227114826546329,1.516588415881675,2,4190.319490412867
3,15709,0.0006982720328366697,0.3269045349453732,1.5239124175725316,2,4146.553577502182
3,15736,0.0007284722439271139,0.4812540804021175,1.8323060958096995,2,4271.916466236611
3,15746,0.0007287513552978723,0.4854471326928578,1.839630097500556,2,4277.392252579807
3,15773,0.0006980242897526907,0.36622162535707836,1.5190031245821414,2,4087.4856124140993
3,15783,0.0006983034011234491,0.37041467764781866,1.5263271262729978,2,4030.3233241469675
3,15810,0.0007284643419060321,0.49015780492419436,1.8256251113051065,2,4303.718480722133
3,15820,0.0007287434532767905,0.49435085721493466,1.8329491129959632,2,4250.758679122208
3,15847,0.0007284640626722274,0.5044601221751717,1.8179671238458068,2,4300.090512771409
3,15857,0.0007287431740429858,0.508653174465912,1.8252911255366635,2,4306.476521561264
3,15886,0.0007054111873216239,0.40200112187642967,1.5731572619855654,2,4190.1047277943035
3,15921,0.0006980978817170232,0.36609341035526966,1.5131510968423356,2,4122.680657777596
3,15931,0.0006983769930877816,0.37028646264600995,1.5204750985331923,2,4056.15687093927
3,15968,0.0006983803205980963,0.370451072425796,1.5139215902536216,2,4120.522229760955
3,15969,0.0006917688395951444,0.35762065126435827,1.4772192069530437,2,3994.8668951217355
3,15995,0.0006981026865046094,0.3201202016247977,1.5222590124252493,2,4177.512677548272
3,16005,0.0006983817978753678,0.324313253915538,1.529583014116106,2,4138.980707182472
3,16069,0.00069780860578335,0.3785249075178089,1.51692695453822,2,4054.3666378580247
3,16106,0.0006974423841612142,0.3254041590905018,1.504065630226756,2,4168.162325804578
3,16143,0.0006977939593403108,0.3573448743971964,1.5184405549989555,2,4064.6836482195813
3,16153,0.0006980730707110692,0.3615379266879367,1.525764556689812,2,4071.294824037143
3,16217,0.0006974876869811138,0.3678610650375598,1.507053622598605,2,4111.369474084804
3,16227,0.0006977667983518722,0.37205411732830007,1.5143776242894618,2,4051.3090513193292
3,16264,0.0006978433859415108,0.37384994432298746,1.504172509125466,2,4106.357884211739
3,16291,0.000697567634586315,0.37251594943109567,1.5227470905333274,2,4033.285064615142
3,16301,0.0006978467459570734,0.37670900172183597,1.530071092224184,2,4053.1046707517785
3,16338,0.0006978598035745747,0.32281997003567364,1.509191229577173,2,4182.901022200074
3,16367,0.0007049236936371429,0.3966706626460367,1.5777979424010045,2,4090.0174993190117
3,16441,0.000735894956022727,0.5333776556536817,1.8870832939662383,2,4379.464782185876
3,16478,0.0007049312780828194,0.3395822250882503,1.6013321373976992,2,4185.9054173311915
3,16481,0.0007047968453886898,0.33761650991686354,1.5911558389409095,2,4248.8114174598695
3,16486,0.0006978708112786537,0.3283349154905726,1.5596852548659623,2,4126.479524998431
3,16550,0.0006976528378357659,0.37180258256289433,1.5189631612407775,2,4026.8183340429287
3,16560,0.0006979319492065243,0.37599563485363463,1.5262871629316341,2,4016.692847451014
3,16587,0.000697660217936965,0.37640953541981104,1.5033906472456438,2,4086.0945536822815
3,16698,0.000697674399045549,0.3768388239524495,1.5219020905960803,2,4050.1303267006665
3,16745,0.000697991777776286,0.3554315882027794,1.5283064933930837,2,4049.9576504483607
3,16772,0.0007285337142609802,0.486504875531399,1.8342260338061664,2,4259.05747977057
3,16782,0.0007288128256317386,0.4906979278221393,1.8415500354970231,2,4212.472859890358
3,16856,0.0006980167426077399,0.3702525850655103,1.5084879810119525,2,4122.88964602996
3,16883,0.0007285273595124668,0.46180561243728,1.8433554298760064,2,4288.207438804547
3,16893,0.0007288064708832251,0.4659986647280203,1.8506794315668629,2,4223.7185251063565
3,16957,0.0006981312803751825,0.3768524311539181,1.5208496127580169,2,4049.4019116223762
3,16967,0.0006984103917459409,0.3810454834446584,1.5281736144488736,2,4023.7022354357023
3,17031,0.0006966772707545084,0.3655386501384088,1.4942867292600583,2,4084.7489275219637
3,17041,0.0006969563821252667,0.3697317024291491,1.501610730950915,2,4057.580367736025
3,17068,0.000695845101188533,0.35554460835361534,1.5073633668596726,2,4027.6767489573344
3,17078,0.0006961242125592914,0.35973766064435564,1.5146873685505293,2,4020.195391401351
3,17107,0.0007031905991469449,0.3371832961083514,1.5801676432561678,2,4168.268382064483
3,17110,0.0007030561664528153,0.33521758093696463,1.569991344799378,2,4203.305738841771
3,17179,0.0007288766641499626,0.5095090915919768,1.8109947313266888,2,4347.754733020331
3,17189,0.000729155775520721,0.5137021438827171,1.8183187330175452,2,4308.482857124867
3,17226,0.0006961512670173095,0.3615153910984952,1.494927620087947,2,4035.8794939686104
3,17227,0.0006895397860143576,0.34868496993705744,1.4582252367873696,2,3985.3868049059383
3,17253,0.0007288706994974887,0.4714208979603055,1.8439739684467085,2,4260.968629610981
3,17263,0.0007291498108682471,0.4756139502510458,1.851297970137565,2,4221.245796541347
3,17327,0.0006959761815088485,0.31828467773442726,1.4982499540088234,2,4151.893793491896
3,17337,0.0006962552928796069,0.32247773002516755,1.50557395569968,2,4167.344936652367
3,17364,0.0006960093443148436,0.36833644458062287,1.5040394011889555,2,4063.6850177636775
3,17374,0.000696288455685602,0.37252949687136316,1.5113634028798122,2,4006.894007670416
3,17401,0.0007983143071977751,0.8538948820685113,2.697338137965242,2,4715.072646063401
3,17411,0.0007985934185685335,0.8580879343592516,2.704662139656098,2,4670.127643628651
3,17448,0.0006963041498251457,0.35925271815527904,1.496682979907516,2,4056.5669097821306
3,17449,0.0006896926688221938,0.3464222969938413,1.4599805966069381,2,3930.9053810226833
3,17512,0.0007288360385835881,0.5102146895231248,1.829489505254435,2,4304.9291728922835
3,17522,0.0007291151499543465,0.5144077418138651,1.8368135069452916,2,4334.313908559911
3,17549,0.0007288296719511466,0.42593147326426484,1.8224511123711662,2,4411.429487903113
3,17586,0.0006960636953075794,0.364665578150423,1.499284467222987,2,4047.4655679990306
3,17596,0.0006963428066783378,0.3688586304411633,1.5066084689138435,2,4040.4469473380636
3,17734,0.0007288201742679043,0.5094242187816778,1.8319062981448235,2,4272.763431151172
3,17744,0.0007290992856386627,0.5136172710724181,1.8392302998356802,2,4332.635425601887
3,17771,0.0007288788076436489,0.41733743257588507,1.832758271301045,2,4393.1854684134905
3,17781,0.0007291579190144072,0.42153048486662537,1.8400822729919015,2,4376.951159652374
3,17808,0.0006961112942065426,0.36697933708487673,1.493645732502583,2,4059.6251433156826
3,17818,0.000696390405577301,0.37117238937561703,1.5009697341934396,2,4051.678395468056
3,17882,0.0006957625489504828,0.3682733562649112,1.4876064768795514,2,4061.1084063897674
3,17919,0.0006954108413601523,0.36099935722075427,1.49950184077226,2,4013.9166988976785
3,17929,0.0006956899527309106,0.36519240951149456,1.5068258424631165,2,4004.2161783488737
3,17956,0.000695419451156547,0.36265557731909304,1.4868033963982978,2,4052.7336027927763
3,17966,0.0006956985625273054,0.36684862960983333,1.4941273980891545,2,4061.053132477437
3,18003,0.000695744307896053,0.3596865781803005,1.488952811440648,2,4085.912587757347
3,18004,0.0006891328268931012,0.34685615701886274,1.4522504281400705,2,3999.051212103153
3,18104,0.0007289418124607134,0.5073634736289916,1.823249997207606,2,4309.137017513991
3,18114,0.0007292209238314718,0.5115565259197319,1.8305739988984626,2,4291.908018303873
3,18143,0.0007028834731991982,0.3876504375771812,1.55283150634379,2,4161.546595274453
3,18178,0.0006955610065989203,0.3533512433300171,1.4989645101275477,2,4032.0528022563653
3,18188,0.0006958401179696787,0.3575442956207574,1.5062885118184044,2,4005.9566384746845
3,18215,0.000794209338610288,0.8595707813839989,2.621557621344257,2,4671.747831297683
3,18225,0.0007944884499810463,0.8637638336747392,2.628881623035114,2,4705.972963772945
3,18252,0.0007944090815287896,0.854336243488823,2.6520310384654104,2,4652.28688843371
3,18262,0.000794688192899548,0.8585292957795633,2.6593550401562664,2,4685.159516618136
3,18326,0.0006956276917006917,0.3649802158052535,1.505969976017399,2,4009.505676279819
3,18336,0.0006959068030714501,0.3691732680959938,1.5132939777082555,2,3988.961901301593
3,18365,0.0007029844904006442,0.33509487023178663,1.5779653962891858,2,4200.119511159612
3,18368,0.0007028500577065146,0.33312915506039986,1.567789097832396,2,4206.643443657058
3,18400,0.0007289121474295506,0.4993119586746726,1.811567505232651,2,4336.00776305918
3,18410,0.000729191258800309,0.5035050109654129,1.8188915069235077,2,4319.473827726166
3,18439,0.0007030096338699592,0.33739508430271903,1.580335713862383,2,4201.330620796095
3,18442,0.0007028752011758296,0.33542936913133226,1.5701594154055936,2,4214.296984262843
3,18474,0.0006956738762584521,0.36888251658637483,1.4867864131683362,2,4087.713745022591
3,18548,0.0007288971421102518,0.499649558133762,1.810585122291289,2,4342.955330139501
3,18558,0.0007291762534810102,0.5038426104245023,1.8179091239821454,2,4306.358606186601
3,18585,0.0006957381289506231,0.36466164702261694,1.4830344046116128,2,4071.9112417008964
3,18595,0.0006960172403213814,0.36885469931335724,1.4903584063024693,2,4056.0138063033323
3,18696,0.0006961274708482413,0.3707102197773462,1.496130279110048,2,4079.3115637776277
3,18744,0.0006898170072415185,0.34864302317473994,1.4567319960938911,2,4003.860420106911
3,18770,0.0007287387037711097,0.5084563923862139,1.84499267814944,2,4307.976229229609
3,18780,0.0007290178151418681,0.5126494446769542,1.8523166798402964,2,4264.45161677721
3,18807,0.00072873812608612,0.4915039623260572,1.8417597547049782,2,4249.946042740001
3,18817,0.0007290172374568784,0.4956970146167975,1.8490837563958349,2,4260.268421004634
3,18846,0.000736076230422947,0.530171289236942,1.8887475916082037,2,4372.913421109782
3,18883,0.000736075970074097,0.5365886784767252,1.88366645097377,2,4376.680936475933
3,18992,0.0006964922976076536,0.32336525034961094,1.506804797495468,2,4173.1906064633395
3,19029,0.0006964982679443699,0.3645889002707259,1.5141188932545453,2,3994.8422857366686
3,19039,0.0006967773793151282,0.3687819525614662,1.521442894945402,2,4069.0261691964006
3,19103,0.0006965289775771845,0.3225307658052661,1.4917339016247155,2,4167.7910445123725
3,19140,0.0008042550769655247,0.9500440447396322,2.7674247832454855,2,4689.520049475969
3,19177,0.0006965999881410798,0.3721240056331173,1.4923278443941201,2,4076.9780590771697
3,19224,0.0006968894346792738,0.3641438538638566,1.50023499498507,2,4049.2433774106153
3,19225,0.0006902779536763219,0.3513134327024189,1.463532611684492,2,3970.6972051215166
3,19251,0.000696616749568365,0.35641494247852323,1.5060085810929749,2,4043.681044780507
3,19261,0.0006968958609391234,0.36060799476926353,1.5133325827838313,2,4030.66673773464
3,19288,0.0006966202216156405,0.3553776212189045,1.5140650429052667,2,3995.555108842362
3,19298,0.0006968993329863988,0.3595706735096448,1.5213890445961231,2,4047.8768675286474
3,19335,0.0006969179886814454,0.3526239349489453,1.5144586537049325,2,4052.6289856269573
3,19362,0.0006966421673261643,0.36801944134187303,1.5084659382350305,2,4031.7675420779233
3,19372,0.0006969212786969227,0.37221249363261333,1.515789939925887,2,4052.49191325397
3,19399,0.0007287053151108625,0.42757968263950663,1.8374225529607326,2,4377.994759696214
3,19436,0.0006966717864763729,0.3533958977778865,1.5103072627173746,2,4037.828763022508
3,19446,0.0006969508978471313,0.3575889500686268,1.5176312644082313,2,4022.2241083429312
3,19473,0.0006964543117654336,0.3685213722140315,1.493944767586666,2,4084.1018818606535
3,19483,0.0006967334231361919,0.37271442450477177,1.5012687692775224,2,4061.503288070345
3,19510,0.0008006102808467329,0.8903569861085323,2.746777584412426,2,4699.272813813701
3,19549,0.0007360813863054855,0.5305508283987569,1.903354523148471,2,4335.2449626938715
3,19552,0.0007359469536113559,0.5285851132273701,1.8931782246916813,2,4350.6594507309155
3,19594,0.0006966957310350319,0.32347261123990523,1.4907074698473328,2,4172.499425630561
3,19658,0.0008008362145480605,0.8677075875527738,2.73787110860738,2,4711.872487470958
3,19668,0.0008011153259188189,0.8719006398435141,2.745195110298236,2,4689.720556819453
3,19806,0.0006962003232306627,0.3629907269774567,1.4903696200697916,2,4133.134843500039
3,19816,0.0006964794346014211,0.367183779268197,1.497693621760648,2,4039.2736818671165
3,19843,0.0006962025579765909,0.35568403359550893,1.5122502369755253,2,4013.952733039197
3,19853,0.0006964816693473492,0.3598770858862492,1.519574238666382,2,4017.983960812827
3,19956,0.000703577732862632,0.33495153226673957,1.5881909180975944,2,4221.2228685482005
3,19959,0.0007034433001685024,0.3329858170953528,1.5780146196408047,2,4224.98870419425
3,19964,0.0006965172660584663,0.32370422266906196,1.5465440355658575,2,4071.4656660404744
3,19996,0.0007034853338552526,0.3330512585215928,1.5832952384650303,2,4214.342901768325
3,20001,0.0006965592997452165,0.32376966409530183,1.551824654390083,2,4102.769691316901
3,20102,0.0008023998670987147,0.8556437556851436,2.780069587084145,2,4718.367915960461
3,20112,0.0008026789784694731,0.8598368079758839,2.787393588775002,2,4675.456532761384
3,20139,0.0008025028294230771,0.8832540203326821,2.7681644731976647,2,4700.7490232030505
3,20149,0.0008027819407938354,0.8874470726234224,2.7754884748885207,2,4706.024145478597
3,20297,0.0006966468085027795,0.36483825133781855,1.4948854754596506,2,4112.896181663392
3,20298,0.0006900353274998276,0.3520078301763808,1.458183092159073,2,3969.9083301336436
3,20324,0.0006964344463917539,0.37139085719529863,1.5043944893015844,2,4031.340134251959
3,20371,0.000701371240718058,0.3793440280899405,1.5473764284095457,2,4066.556786630021
3,20372,0.0006947597597151061,0.36651360692850277,1.5106740451089682,2,4025.7137407075293
3,20403,0.0007053524556669152,0.3396380047646471,1.60395952343781,2,4207.378617858155
3,20408,0.0006984264215568792,0.33035641033835617,1.5724889393628627,2,4089.2731089760464
3,20472,0.000700103166538121,0.3883780562447632,1.5489064300405366,2,4053.4076394385206
3,20474,0.000707442744713045,0.4038184181331811,1.5978773142631302,2,4186.4917296585145
3,20519,0.0007004082909561009,0.3864636968411578,1.5213259742617693,2,4115.0766767025425
3,20630,0.0007004658066062747,0.32962136398569875,1.5443576432462434,2,4180.658428515618
3,20657,0.0007001956430658562,0.32721260851975287,1.543321522310634,2,4192.68284534914
3,20667,0.0007004747544366146,0.33140566081049316,1.5506455240014907,2,4170.676080172702
3,20694,0.0007001970610540631,0.3882239162904978,1.552848919717596,2,4041.6249918816106
3,20696,0.0007075366392289872,0.4036642781789158,1.6018198039401896,2,4172.393580752396
3,20731,0.000700217570141142,0.37525222083050136,1.5489597633774659,2,4062.8139207972818
3,20741,0.0007004966815119004,0.37944527312124166,1.5562837650683223,2,4046.2653396228507
3,20810,0.0007074414638135683,0.3438085223902272,1.620304886430269,2,4238.708470900357
3,20815,0.0007005154297035323,0.33452692796393635,1.5888343023553213,2,4160.927759851141
3,20842,0.0007279853081964034,0.4193003410760745,1.8952239561230004,2,4283.779280680848
3,20889,0.0007005682786998689,0.3330317131947642,1.5345012596668275,2,4185.832768250418
3,20916,0.0007003046803535222,0.3308111490781698,1.538199375705302,2,4180.6844194139885
3,20926,0.0007005837917242806,0.33500420136891007,1.5455233773961587,2,4177.063818508112
3,20953,0.0007003064744865152,0.3325711803643605,1.5884614488496485,2,4110.230458520697
3,20958,0.0007075116199673097,0.34604582708139175,1.6272560346154525,2,4245.121288204892
3,20963,0.0007005855858572736,0.3367642326551008,1.595785450540505,2,4149.035339331091
3,20990,0.0008344118265399984,1.102357737775121,3.2546194598803195,2,4869.973190149242
3,21000,0.0008346909379107568,1.1065507900658613,3.2619434615711764,2,4889.456626267523
3,21037,0.0007006134991241782,0.3319249590217952,1.5354950241395697,2,4195.597658871448
3,21101,0.0007003544352089023,0.33255451097571687,1.5251154517959093,2,4210.613592728948
3,21138,0.0007003992417233666,0.37984993306209003,1.543591274701164,2,4084.7869124291415
3,21148,0.0007006783530941249,0.3840429853528303,1.5509152763920204,2,4050.321915029851
3,21175,0.0007001012968862111,0.33452942956034515,1.5809619904720709,2,4119.633337430392
3,21180,0.0007073064423670055,0.3480040762773763,1.6197565762378747,2,4211.688355911996
3,21222,0.0007007028734096755,0.3853428098511775,1.531228356161604,2,4104.390921771686
3,21239,0.000736374608489849,0.44180088071915946,1.9216807616924156,2,4427.652514159132
3,21286,0.000728013690576601,0.42048363451237236,1.8301365525271363,2,4375.555592296307
3,21296,0.0007282928019473594,0.42467668680311266,1.8374605542179927,2,4388.633998255921
3,21323,0.000728079690054346,0.49472651165286696,1.8132642499175247,2,4288.864113989109
3,21333,0.0007283588014251044,0.49891956394360726,1.8205882516083813,2,4348.662527468043
3,21362,0.0007354191236872604,0.4450941451273034,1.9183309936222004,2,4437.542391002725
3,21365,0.0007352846909931308,0.4431284299559166,1.908154695165411,2,4452.956330588322
3,21397,0.0007280782298243853,0.48728408930856504,1.8226287954157698,2,4275.7947687588085
3,21407,0.0007283573411951437,0.49147714159930533,1.8299527971066263,2,4275.552020582529
3,21473,0.0007071576070523654,0.34777959949344883,1.6223416820116174,2,4211.715187744103
3,21476,0.0007070231743582358,0.34581388432206206,1.6121653835548277,2,4233.219465990603
3,21545,0.0007280736028648691,0.4910952101303939,1.8292573540984851,2,4256.453567097588
3,21555,0.0007283527142356275,0.4952882624211342,1.8365813557893416,2,4285.469292453898
3,21582,0.0007280672100638601,0.5080899175055796,1.8279881968268548,2,4337.819035999356
3,21619,0.0006998503158053074,0.38755267073635224,1.5465489972213737,2,4065.314120075341
3,21621,0.0007071898939802314,0.40299303262477026,1.5955198814439673,2,4190.7988012278365
3,21656,0.0007280646179659324,0.47516958107135965,1.8435286516388931,2,4236.263143805266
3,21666,0.0007283437293366908,0.47936263336209994,1.8508526533297498,2,4226.300598319328
3,21730,0.0007280491752886759,0.4969854174180258,1.8159376862584484,2,4321.364213349534
3,21740,0.0007283282866594342,0.5011784697087661,1.8232616879493049,2,4241.901075139008
3,21767,0.0007280417979626255,0.4897438726036909,1.8145308010290768,2,4302.503492623992
3,21777,0.0007283209093333838,0.4939369248944312,1.8218548027199335,2,4274.13281136208
3,21814,0.0007002442077532536,0.36636440185841246,1.5407769774566604,2,4092.064652405226
3,21841,0.0007280295379464016,0.4681825423175736,1.8335192034568117,2,4284.668050970194
3,21851,0.0007283086493171599,0.4723755946083139,1.8408432051476684,2,4251.697434250729
3,21868,0.0007363833401098118,0.43668345176696577,1.9280630843847566,2,4430.743185812583
3,21878,0.0007280208505335641,0.4227961642098532,1.8916141802997946,2,4285.668090445088
3,21888,0.0007282999619043224,0.4269892165005935,1.898938181990651,2,4282.0650996022805
3,21915,0.0007000349569285946,0.329400343724472,1.5272229502848118,2,4207.933434014894
3,21925,0.000700314068299353,0.3335933960152123,1.5345469519756685,2,4187.701096352665
3,21999,0.0007003375798277583,0.3333837670888764,1.5279141690342442,2,4224.56363899566
3,22026,0.0007000696904998842,0.3692201112935999,1.542381252210677,2,4066.482845946415
3,22036,0.0007003488018706425,0.3734131635843402,1.5497052539015337,2,4037.8117638428853
3,22052,0.0007217707225789291,0.4026748636489281,1.8183790523841437,2,4266.933792053633
3,22063,0.0007280798220802159,0.4090243461917805,1.832160596382493,2,4393.738052471034
3,22073,0.0007283589334509743,0.4132173984825208,1.8394845980733494,2,4389.680809943049
3,22100,0.0007279650371709793,0.48918150210240774,1.8443267372872905,2,4233.110419022719
3,22110,0.0007282441485417377,0.49337455439314803,1.8516507389781471,2,4240.350792205657
3,22248,0.0007008169193681294,0.33217821073565135,1.5496919199543258,2,4177.297737453038
3,22258,0.0007010960307388878,0.33637126302639164,1.5570159216451824,2,4184.591228057922
3,22285,0.0007278771411295429,0.4217493536898279,1.8929489674912492,2,4291.333348368207
3,22361,0.000735208653377921,0.5247490446439222,1.8850195492146917,2,4345.735112774127
3,22396,0.0007009016074613094,0.38420373771205063,1.5456543932900701,2,4037.8530996103073
3,22406,0.0007011807188320678,0.3883967900027909,1.5529783949809268,2,4096.148516102445
3,22470,0.0007009529799116471,0.38801976891484535,1.528581151707853,2,4134.486054860327
3,22507,0.0008394443516550745,1.2326349000461383,3.2752274399381633,2,4906.815549106302
3,22517,0.0008397234630258329,1.2368279523368786,3.2825514416290202,2,4934.684243866827
3,22546,0.0007083364281903892,0.41181598733144764,1.6129644562889722,2,4137.155879595148
3,22549,0.0007082019954962596,0.40985027216006087,1.6027881578321825,2,4173.892080073863
3,22618,0.0007010291999276696,0.38895198518385765,1.5499769882211258,2,4077.394170740272
3,22655,0.0007278395289133526,0.48122228854354876,1.8179629558185257,2,4290.94716731793
3,22665,0.0007281186402841109,0.48541534083428906,1.8252869575093824,2,4274.122545430717
3,22729,0.0007278267195169686,0.4931754630205353,1.8253389339256012,2,4279.775756618545
3,22739,0.0007281058308877269,0.49736851531127557,1.8326629356164579,2,4211.333092507483
3,22805,0.0007084050405037284,0.4081495117430387,1.606464748803532,2,4176.141023760206
3,22914,0.0007004267261097925,0.3821830399056668,1.5305536086752882,2,4115.073962855068
3,22924,0.0007007058374805509,0.3863760921964071,1.537877610366145,2,4093.594273275216
3,22951,0.0007007185832927419,0.36732101685752694,1.5562740722449102,2,4083.388656536722
3,22961,0.0007009976946635003,0.37151406914826723,1.5635980739357669,2,4026.6497670299927
3,23025,0.0007279624298848691,0.5038681581685653,1.8075544484040729,2,4324.345932612445
3,23035,0.0007282415412556275,0.5080612104593056,1.8148784500949293,2,4298.391048867125
3,23064,0.0007077752598172697,0.4100311324778465,1.606960615973702,2,4133.644217387224
3,23067,0.0007076408271231401,0.40806541730645973,1.5967843175169125,2,4174.359118825769
3,23099,0.0007279551143385107,0.486862939060157,1.8373751031113694,2,4208.568227445816
3,23109,0.0007282342257092691,0.4910559913508973,1.844699104802226,2,4250.741445690704
3,23136,0.0007004627458611488,0.3763430711260448,1.5471924829783952,2,4059.6201551367
3,23146,0.0007007418572319072,0.3805361234167851,1.5545164846692516,2,4049.806535233411
3,23173,0.0007004634362337364,0.38670128445210816,1.5220788956232536,2,4143.21205805735
3,23247,0.0007279537427839528,0.4639106094845439,1.8315280155229623,2,4309.850110214327
3,23257,0.0007282328541547111,0.4681036617752842,1.8388520172138187,2,4293.366500395892
3,23321,0.0007279510949243792,0.49370828693770885,1.8434669057416737,2,4238.990269722095
3,23331,0.0007282302062951376,0.49790133922844915,1.8507909074325302,2,4219.041844235294
3,23405,0.0007007870004461786,0.3783899802708266,1.5402318054899233,2,4056.965530985426
3,23406,0.0006941755194432267,0.36555955910938887,1.5035294221893458,2,4013.216611125199
3,23421,0.0007216326640092539,0.40262855166814937,1.8093241356757022,2,4328.09367538465
3,23442,0.000728220874881299,0.41317108650174195,1.830429681364908,2,4406.036821032968
3,23469,0.0007005618261355713,0.3324365663504819,1.5315861539428666,2,4212.020711610624
3,23506,0.0007279316909984318,0.5048875263082743,1.7977565125031665,2,4338.595604690847
3,23516,0.0007282108023691902,0.5090805785990146,1.805080514194023,2,4327.426247500655
3,23543,0.0007279314437955586,0.42404550242346584,1.8267648590834535,2,4387.060649072967
3,23617,0.0007005950350376006,0.3870630393778519,1.549725385971222,2,4090.1976813390984
3,23627,0.0007008741464083589,0.3912560916685922,1.5570493876620783,2,4068.230509028441
3,23654,0.0007005996161952925,0.37674603415864705,1.534692902973319,2,4061.9391701693103
3,23664,0.0007008787275660509,0.38093908644938734,1.5420169046641756,2,4116.819869281406
3,23665,0.000694267246563099,0.3681086652879496,1.5053145213635977,2,4019.1365464828104
3,23691,0.000700663673189733,0.386152207714884,1.5399093121097227,2,4094.1651041861137
3,23701,0.0007009427845604914,0.3903452600056243,1.5472333138005794,2,4078.6471567288463
3,23728,0.000836796684510416,1.1578892738289146,3.2625680162777853,2,4920.700638387954
3,23738,0.0008370757958811744,1.162082326119655,3.2698920179686413,2,4902.486619036723
3,23775,0.000698448361066667,0.3281503773585094,1.512672767349659,2,4172.401371014471
3,23802,0.0007280808509733104,0.4745033567527216,1.8322171197564252,2,4276.737761032831
3,23812,0.0007283599623440687,0.4786964090434619,1.8395411214472819,2,4235.666137433299
3,23839,0.0007280868775470739,0.49671038364041176,1.8119275917371003,2,4330.318809727123
3,23849,0.0007283659889178323,0.500903435931152,1.8192515934279567,2,4274.067568435534
3,23876,0.0007283501245550912,0.41320961379881593,1.9068929740521674,2,4300.60892494398
3,23923,0.0006989622690916296,0.32640540218511227,1.5302506501161302,2,4165.26966932286
3,23950,0.0006987181503100423,0.3293105876496052,1.5304270622809055,2,4159.869871077929
3,23987,0.0006987639647749347,0.37604934429969616,1.5173427575688654,2,4050.095908709086
3,23997,0.000699043076145693,0.38024239659043646,1.5246667592597218,2,4071.2396969920333
3,24024,0.0007283115900143407,0.40943793136707185,1.9077997262108215,2,4297.3113517612965
3,24061,0.0006987759300895874,0.38086782114977846,1.514628872992476,2,4055.9326761409684
3,24098,0.0006987765045633544,0.3740781165285938,1.5272222181649355,2,4097.508955239276
3,24108,0.0006990556159341128,0.3782711688193341,1.5345462198557922,2,4050.1873552558463
3,24162,0.0007366607438688192,0.43878422812444995,1.9337163693107882,2,4426.66668049137
3,24172,0.0007282982542925714,0.4248969405673374,1.8972674652258261,2,4292.935345421805
3,24246,0.000728292488831169,0.4874989971226964,1.8479235282453166,2,4256.623936632008
3,24256,0.0007285716002019273,0.4916920494134367,1.8552475299361733,2,4228.552345158523
3,24283,0.0006988560339821464,0.3615634680454003,1.5359965588118076,2,4031.3357411930565
3,24293,0.0006991351453529048,0.3657565203361406,1.543320560502664,2,4024.925723575625
3,24320,0.0007282896065437248,0.4262573793662804,1.8822187582310124,2,4269.678981508378
3,24325,0.0007354947520245192,0.4397320260833115,1.9210133439968164,2,4401.549516896005
3,24367,0.0006991826150471454,0.3658167869708977,1.533335970293953,2,4072.8711814859803
3,24384,0.0007366341147379551,0.44148665772344253,1.9317464335872325,2,4411.857021911923
3,24468,0.0007282691922423913,0.4923118342260392,1.836564661407766,2,4261.498443385955
3,24478,0.0007285483036131497,0.4965048865167795,1.8438886630986226,2,4267.233690934529
3,24505,0.0007282685806926239,0.5073479804226382,1.8238875082641643,2,4304.534860364064
3,24515,0.0007285476920633823,0.5115410327133785,1.8312115099550208,2,4339.503062021598
3,24552,0.0006992590126156658,0.3310508829619153,1.5141819978553308,2,4233.290962892303
3,24616,0.0006989993540153743,0.3697030263358755,1.5241150506649905,2,4064.4598831714598
3,24626,0.0006992784653861326,0.3738960786266158,1.5314390523558472,2,4018.7598667004386
3,24653,0.0006986024556888191,0.3619066118861819,1.533008774330554,2,4037.022301706825
3,24663,0.0006988815670595775,0.3660996641769222,1.5403327760214107,2,4061.71787869195
3,24692,0.0007058990702898804,0.40067804491208603,1.5837991830734037,2,4140.899054093203
3,24727,0.0007284180234878422,0.49000098409957127,1.8464001668063772,2,4217.388898931078
3,24737,0.0007286971348586006,0.49419403639031156,1.8537241684972339,2,4282.758515521184
3,24764,0.0007284151411533385,0.4167497008593247,1.8941722180644487,2,4324.850073542495
3,24774,0.0007286942525240969,0.420942753150065,1.9014962197553051,2,4351.637117643839
3,24801,0.0006982313011830005,0.3747030210997976,1.52582387313713,2,4040.3816135934508
3,24811,0.0006985104125537589,0.3788960733905379,1.5331478748279868,2,4027.172859981104
3,24838,0.0006982642911365998,0.36063678042297576,1.5212403657273155,2,4070.084684064637
3,24848,0.0006985434025073582,0.36482983271371605,1.528564367418172,2,4042.435750025197
3,24885,0.0006985451062476853,0.36988589280549633,1.513781684271262,2,4108.865035597552
3,24886,0.0006919336252447334,0.3570554716440586,1.4770793009706844,2,3990.502764909447
3,24912,0.0006982902445905906,0.3697654287745338,1.5102702898824025,2,4128.63799686504
3,24922,0.000698569355961349,0.3739584810652741,1.517594291573259,2,4077.0411970394066
3,24949,0.0007284001019971499,0.5039505216385338,1.817252759871149,2,4306.103770763547
3,24959,0.0007286792133679083,0.5081435739292741,1.8245767615620057,2,4306.808392991285
3,24991,0.0007055180976250306,0.3417848537525686,1.6030811228130573,2,4198.312811418101
3,25023,0.0006983347748356492,0.3643765748011659,1.5207854864576549,2,4035.4806800528077
3,25033,0.0006986138862064076,0.3685696270919062,1.5281094881485113,2,4067.0029138655564
3,25171,0.0006984201056123358,0.3708203065173844,1.519062791031433,2,4056.1591200322437
3,25181,0.0006986992169830941,0.3750133588081247,1.5263867927222894,2,4030.633469838671
3,25208,0.0006984277626624812,0.3682739694770987,1.5263186734855045,2,4057.419836761497
3,25218,0.0006987068740332396,0.37246702176783897,1.5336426751763612,2,4022.9037661005227
3,25255,0.0006987173503960229,0.3600916262588184,1.5320240531372102,2,4057.415643938942
3,25292,0.0006987541395185485,0.32458427311572535,1.5192091913516859,2,4184.066662562754
3,25319,0.0007283646218248067,0.4123988947481194,1.828689071143703,2,4406.765604978938
3,25329,0.0007286437331955651,0.4165919470388597,1.8360130728345594,2,4394.363334770471
3,25366,0.0006988242787574308,0.3635935558219433,1.5320006511770694,2,4062.001942250402
3,25393,0.0006985487809299971,0.3549829734448031,1.5339092272665746,2,4057.221378384489
3,25403,0.0006988278923007555,0.3591760257355434,1.541233228957431,2,4017.9189491992283
3,25441,0.0006922563688226842,0.3558873377418956,1.4822522858158875,2,4010.4908347252563
3,25477,0.0007000640531201517,0.3847864405743101,1.5185100472117121,2,4124.608242950803
3,25541,0.0006990384623502592,0.3769702075705569,1.5354963078500594,2,4072.530390081238
3,25551,0.0006993175737210176,0.3811632598612972,1.542820309540916,2,4048.7822437457626
3,25580,0.0007067463000102273,0.34758523290514554,1.6142124976751446,2,4224.241441824574
3,25583,0.0007066118673160977,0.34561951773375876,1.6040361992183552,2,4227.68109694831
3,25615,0.000728169134245592,0.4779026937355605,1.822264102580384,2,4263.270387350489
3,25625,0.0007284482456163504,0.4820957460263008,1.8295881042712405,2,4299.607253905484
3,25652,0.0006994301189230552,0.33186755480014585,1.577733946586023,2,4148.12967580443
3,25657,0.0007066352644038497,0.345342201517177,1.616528532351827,2,4203.984302413999
3,25728,0.0007068135085147114,0.4066324347296375,1.5889063430438624,2,4195.280600496224
3,25800,0.0006994956621764675,0.38375280279900204,1.529788989725561,2,4069.3432425913174
3,25874,0.0007281447340841703,0.48646670301158335,1.837120339682506,2,4246.954337369742
3,25884,0.0007284238454549287,0.49065975530232364,1.8444443413733624,2,4240.24047497031
3,25911,0.0006995611018702492,0.36503543106911107,1.5357834594157522,2,4024.832969799705
3,25921,0.0006998402132410076,0.36922848335985137,1.5431074611066087,2,4090.4678243548883
3,25948,0.0007281433535059367,0.48929723677681936,1.8312480343262494,2,4278.6252343018605
3,25958,0.000728422464876695,0.49349028906755965,1.838572036017106,2,4210.013564763294
3,26022,0.0007281251443734618,0.4760386001123086,1.8339444388344937,2,4252.616588690948
3,26032,0.0007284042557442202,0.4802316524030489,1.84126844052535,2,4215.740617481113
3,26096,0.0006996470679634972,0.3848077368103062,1.5401012853894693,2,4032.424853906612
3,26133,0.0008297342090914103,1.1154852297886784,3.153108300210749,2,4859.302352401716
3,26143,0.0008300133204621686,1.1196782820794187,3.160432301901605,2,4852.214330780676
3,26180,0.0006999676185923606,0.36708660060243925,1.5365054214046288,2,4050.0896214179543
3,26207,0.0006997420958208783,0.35765742859576133,1.5453060641967968,2,4021.5566178635927
3,26217,0.0007000212071916367,0.3618504808865016,1.5526300658876535,2,4055.9057872487047
3,26254,0.0007283709273221366,0.42021336968492984,1.8257762786125056,2,4401.301597425438
3,26291,0.0006996840151443336,0.326640687147988,1.588952010143451,2,4136.150124718681
3,26392,0.0007281831786337886,0.4849463063250955,1.8339659790465168,2,4267.29362069903
3,26402,0.000728462290004547,0.4891393586158358,1.8412899807373735,2,4213.492425683284
3,26550,0.0006993584025513157,0.38136449997594946,1.513462754567146,2,4115.240710206659
3,26577,0.0008256957611463729,1.084221984098242,3.082118180491821,2,4850.040955188111
3,26587,0.0008259748725171313,1.0884150363889824,3.089442182182677,2,4819.3319623223115
3,26614,0.0007282370432460707,0.4193709977776364,1.8998268962607876,2,4312.379410501098
3,26735,0.000699391187917246,0.3788036799625456,1.5189296672154404,2,4109.30360837765
3,26762,0.0006991448612159838,0.3788330776277071,1.5134131292484432,2,4125.33163035534
3,26772,0.0006994239725867422,0.3830261299184474,1.5207371309392996,2,4067.0088667798714
3,26841,0.000706399919173856,0.3387833711607876,1.6153060648508906,2,4222.370146899224
3,26846,0.0006994738850638199,0.32950177673449677,1.583835480775943,2,4129.851957294834
3,26873,0.0006992071736195094,0.36221938444476975,1.5406333463687953,2,4058.784396039725
3,26883,0.0006994862849902677,0.36641243673551005,1.5479573480596518,2,4019.800350267533
3,26920,0.0006995035427267077,0.3300177939203838,1.5193904985989686,2,4195.2504716434
3,26949,0.0007355407115463955,0.5258899917040244,1.8957701635373174,2,4349.504053833288
3,26952,0.0007354062788522659,0.5239242765326376,1.885593865080528,2,4361.101956831921
3,26994,0.0006995586645589278,0.33060365686981086,1.5252597020940917,2,4184.878089567468
3,27021,0.0006992846296963948,0.37451476566744224,1.5245060817742606,2,4082.124118078586
3,27031,0.0006995637410671532,0.37870781795818254,1.531830083465117,2,4024.7138053087447
3,27058,0.0007281885817594802,0.4636449404829499,1.8379474030796588,2,4263.787848439424
3,27068,0.0007284676931302385,0.4678379927736902,1.8452714047705154,2,4240.715230161035
3,27097,0.0007355277961233862,0.531686613282351,1.8886318561495967,2,4377.5084379047785
3,27142,0.0006996222077184292,0.3681548060246016,1.5305627293423012,2,4048.528311943665
3,27143,0.0006930107267154773,0.35532438486316387,1.4938603460417232,2,3950.7142924210234
3,27196,0.0007350720917341903,0.43153576501121516,1.9141648925659192,2,4399.378652282528
3,27206,0.0007267096021579425,0.4176484774541026,1.877715988480957,2,4284.206559339049
3,27216,0.0007269887135287009,0.4218415297448429,1.8850399901718136,2,4269.06607969238
3,27243,0.0007267007667738545,0.41359459222429773,1.870623655535475,2,4294.598057368806
3,27253,0.0007269798781446129,0.417787644515038,1.8779476572263316,2,4291.304003547292
3,27280,0.000725155413177365,0.4626889429905373,1.8037314253612273,2,4254.213865050348
3,27290,0.0007254345245481234,0.4668819952812776,1.8110554270520838,2,4212.948888738174
3,27317,0.0007129524336040782,0.4164497561713493,1.6653630645121678,2,4169.0492795824275
3,27327,0.0007132315449748366,0.42064280846208957,1.6726870662030244,2,4170.4992712304975
3,27391,0.0007129956956985024,0.42629043006445655,1.6703455137305312,2,4139.355067240568
3,27401,0.0007132748070692608,0.43048348235519684,1.6776695154213879,2,4145.282777042858
3,27428,0.0007130146869443204,0.4245632343414516,1.6700214719160038,2,4114.271161330093
3,27438,0.0007132937983150788,0.4287562866321919,1.6773454736068605,2,4210.271757742358
3,27539,0.0007130438645341609,0.4182387599880827,1.664194816669693,2,4166.803289635654
3,27549,0.0007133229759049192,0.422431812278823,1.6715188183605496,2,4178.484280657808
3,27623,0.0007254107340492826,0.4911862805659857,1.7715824038276995,2,4322.454726389639
3,27687,0.0007130875171103363,0.42267547174175235,1.6718005964559215,2,4192.417173690089
3,27697,0.0007133666284810946,0.42686852403249265,1.679124598146778,2,4101.4151880388645
3,27724,0.0007251271050538512,0.46323969830390166,1.8021251535947775,2,4246.649367825973
3,27734,0.0007254062164246096,0.46743275059464195,1.8094491552856342,2,4208.708523669806
3,27751,0.0007214594187276766,0.3894391374482318,1.755539404463094,2,4355.9684601974795
3,27766,0.0007203020746322233,0.3890264966081505,1.7578850861439361,2,4325.8929837403275
3,27835,0.0007251168276078026,0.4749436722290743,1.7779750801478729,2,4295.462733957785
3,27845,0.000725395938978561,0.4791367245198146,1.7852990818387295,2,4268.548341572782
3,27846,0.0007187844579756091,0.46630630335837686,1.7485966985381516,2,4227.803847771313
3,27872,0.0007131139387859699,0.43765386779969606,1.678849227287069,2,4141.0875077661685
3,27882,0.0007133930501567283,0.44184692009043636,1.6861732289779254,2,4134.640607728938
3,27956,0.000713396892789301,0.41122167938653564,1.6769898087388493,2,4168.108802493481
3,27993,0.0007131974443125487,0.40923644665829595,1.6784975670317437,2,4141.428148529542
3,28057,0.0007251656650649099,0.4594476619266298,1.8023090020634058,2,4235.03564765302
3,28067,0.0007254447764356683,0.4636407142173701,1.8096330037542623,2,4233.7484707741505
3,28094,0.0007128684716712883,0.40335296311276403,1.675145304878215,2,4171.413280487585
3,28104,0.0007131475830420466,0.4075460154035043,1.6824693065690715,2,4160.75976254909
3,28131,0.0007125733799287714,0.36684493985539246,1.658603704251845,2,4275.445407207163
3,28141,0.0007128524912995297,0.37103799214613276,1.6659277059427013,2,4259.727603478301
3,28168,0.0007125900802397014,0.4371360246484921,1.679327130581595,2,4145.9827364707
3,28170,0.0007199296584146255,0.4525763865369101,1.7282980148041887,2,4253.965946513522
3,28178,0.0007128691916104598,0.4413290769392324,1.6866511322724518,2,4160.6233417541525
3,28205,0.0007125990988164037,0.429190121196104,1.681977154182687,2,4144.103523729059
3,28207,0.0007199386769913277,0.4446304830845219,1.7309480384052804,2,4214.46078652873
3,28215,0.0007128782101871621,0.4333831734868443,1.6893011558735436,2,4145.682803001186
3,28353,0.0007126563625667534,0.4235830224499699,1.662203156979895,2,4129.780904474209
3,28363,0.0007129354739375118,0.4277760747407102,1.6695271586707514,2,4222.281371330598
3,28464,0.0007127517461771852,0.42975497824514963,1.6470173501527225,2,4216.108564505949
3,28474,0.0007130308575479436,0.43394803053588993,1.654341351843579,2,4135.264803626739
3,28501,0.0007251924046342723,0.49186603881189517,1.800097831988243,2,4221.7380194255975
3,28511,0.0007254715160050307,0.49605909110263546,1.8074218336790995,2,4324.443658769612
3,28540,0.0007201138374518869,0.3877612336887276,1.755874443980933,2,4326.206618964065
3,28543,0.0007199794047577573,0.38579551851734084,1.7456981455241436,2,4330.020344099975
3,28580,0.0007199967075301063,0.3869712724483332,1.7482403551472727,2,4318.37045224176
3,28659,0.0007131148853758731,0.36739607296007015,1.6619192794873092,2,4299.810764152277
3,28723,0.0007251775869113664,0.40518041561918416,1.859572010663083,2,4276.861595896278
3,28733,0.0007254566982821248,0.40937346790992446,1.8668960123539395,2,4303.85022858434
3,28760,0.000712861886239693,0.41114589817939906,1.6699908906663046,2,4172.473074309761
3,28770,0.0007131409976104514,0.41533895047013936,1.6773148923571612,2,4179.314576542077
3,28797,0.0007128627396306543,0.4087564876690505,1.6743185641329406,2,4162.9668402829075
3,28807,0.0007131418510014127,0.4129495399597908,1.681642565823797,2,4132.789010943449
3,28834,0.0007128756973902936,0.41591996338073844,1.662679576972614,2,4171.788492180507
3,28844,0.000713154808761052,0.42011301567147874,1.6700035786634706,2,4167.674683333198
3,28873,0.0007199100609167274,0.46056109883745033,1.7227839939319665,2,4273.018194667347
3,28945,0.0007251129611124596,0.4826846372948629,1.776409103169518,2,4335.87165645451
3,28955,0.0007253920724832179,0.4868776895856032,1.7837331048603746,2,4276.438798641921
3,28992,0.0007137027141099496,0.41546756732980994,1.6753362785739279,2,4167.810634342637
3,29132,0.000720881345389491,0.46457758040280117,1.7301575605255968,2,4259.706461777123
3,29167,0.0007250015108935228,0.46217114593146547,1.8010760461790893,2,4257.223640990929
3,29177,0.0007252806222642811,0.46636419822220576,1.8084000478699458,2,4193.027807363232
3,29204,0.0007249921352392632,0.45683808541656123,1.804807374975416,2,4194.84666077023
3,29214,0.0007252712466100216,0.46103113770730153,1.8121313766662726,2,4202.847134531943
3,29241,0.0007135917726812553,0.37103545650644465,1.6720198750048216,2,4266.858155751283
3,29251,0.0007138708840520137,0.37522850879718495,1.6793438766956783,2,4234.936408441647
3,29288,0.0007138751986890656,0.436993650545233,1.6552788505069687,2,4201.364524758126
3,29325,0.0007138910046045076,0.4256575815015152,1.666625203743078,2,4178.650750812118
3,29326,0.0007072795236015557,0.4128271603400775,1.6299228204425,2,4098.936670474213
3,29362,0.0007139091150259028,0.3702877780002871,1.7409843717160627,2,4204.520692166546
3,29399,0.0007139253352402215,0.4074869710789194,1.6904768115212365,2,4161.679806442832
3,29415,0.000707340870133432,0.35708014686017464,1.6623509434184875,2,4137.122201359695
3,29426,0.0007136499696347188,0.3634296294030269,1.6761324874168368,2,4276.266501737026
3,29436,0.0007139290810054771,0.3676226816937672,1.6834564891076933,2,4293.238340426833
3,29463,0.00072497321934312,0.4936065211704779,1.8055209801420582,2,4278.59715195932
3,29465,0.0007323127975180441,0.5090468830588958,1.8544918643646517,2,4336.280857742551
3,29500,0.0007136600705324701,0.3719292631358945,1.6732503417956852,2,4269.581536878515
3,29510,0.0007139391819032285,0.37612231542663477,1.6805743434865417,2,4269.5389259497215
3,29611,0.0007249697689304667,0.41406620459711685,1.796280212855595,2,4365.408334166429
3,29685,0.0007134032684138052,0.4248692995698,1.673665478197737,2,4124.995087396897
3,29695,0.0007136823797845636,0.4290623518605403,1.6809894798885934,2,4147.884650191096
3,29722,0.0007131467718994448,0.4349553969470483,1.671026207592078,2,4205.1948120964535
3,29732,0.0007134258832702031,0.4391484492377886,1.6783502092829348,2,4149.518516396608
3,29759,0.0007250388563265619,0.46900341932251155,1.7835697891387337,2,4305.880079784734
3,29769,0.0007253179676973202,0.47319647161325185,1.79089379082959,2,4246.621460648948
3,29770,0.0007187064866943683,0.4603660504518141,1.7541914075290126,2,4161.077432739081
3,29796,0.0007133773654365353,0.42705805171887845,1.6865891748116244,2,4097.004400219925
3,29806,0.0007136564768072936,0.43125110400961875,1.693913176502481,2,4165.0059860405845
3,29833,0.0007131525635148628,0.4335638204761735,1.661917696527371,2,4157.689129366384
3,29843,0.0007134316748856212,0.4377568727669138,1.6692416982182274,2,4149.718855489596
3,29907,0.0007131820519825297,0.41713961904149577,1.6730038744686655,2,4161.404130611438
3,29917,0.0007134611633532881,0.42133267133223606,1.6803278761595222,2,4123.033552246013
3,29981,0.0007131960484185899,0.4359826217615448,1.6805695519735369,2,4145.307068907348
3,29991,0.0007134751597893483,0.4401756740522851,1.6878935536643935,2,4150.125631736621
3,30018,0.0007132069000819944,0.3681260186665988,1.6599183353820814,2,4298.710965066005
3,30028,0.0007134860114527527,0.37231907095733907,1.6672423370729381,2,4287.801611063116
3,30055,0.0007250932028346875,0.41511165756666246,1.7843802423471389,2,4389.507558884974
3,30092,0.0007132536259734384,0.43710073359286394,1.6896026491850122,2,4158.865421410734
3,30094,0.0007205932041483624,0.45254109548128196,1.7385735334076058,2,4222.071196471945
3,30102,0.0007135327373441968,0.44129378588360424,1.696926650875869,2,4174.249050439183
3,30129,0.0007250728183404522,0.49155168775019464,1.7744987652420419,2,4318.593738207923
3,30139,0.0007253519297112105,0.49574474004093494,1.7818227669328983,2,4243.296981540681
3,30166,0.0007132669917449939,0.4322400334012352,1.6770713225787297,2,4128.284427935327
3,30176,0.0007135461031157523,0.4364330856919755,1.6843953242695864,2,4117.536656150074
3,30250,0.000713581498803621,0.3707288824091618,1.6650922801768149,2,4290.625852001098
3,30277,0.0007250626436182512,0.4087767605592837,1.7971680317091385,2,4367.735238158823
3,30287,0.0007253417549890096,0.412969812850024,1.8044920333999952,2,4356.507828536829
3,30319,0.0007205163616271019,0.3863946603454431,1.7576620907374234,2,4316.816867731613
3,30361,0.000713614984312525,0.42008313534176733,1.670633017691528,2,4168.740313618302
3,30362,0.0007070035033095732,0.4072527141803296,1.6339306343909505,2,4094.2993974102415
3,30388,0.0007133429921900284,0.4259550843968677,1.6670271453071959,2,4146.696423483505
3,30398,0.0007136221035607868,0.430148136687608,1.6743511469980523,2,4217.765664542517
3,30425,0.0007133436896855657,0.43837924638476666,1.6569925489804491,2,4189.49815281962
3,30467,0.0007205531335640254,0.38738896759268027,1.7567963722320783,2,4308.075015710112
3,30573,0.0007137240090353575,0.4254557356151818,1.6852377797107958,2,4167.396832138286
3,30583,0.0007140031204061159,0.4296487879059221,1.6925617814016525,2,4107.453976405167
3,30610,0.0007125700322779161,0.4339116637711734,1.67309524704838,2,4157.332835620913
3,30620,0.0007128491436486744,0.4381047160619137,1.6804192487392366,2,4151.052829817783
3,30647,0.0007252634556720588,0.4875231804859721,1.8006491776723554,2,4224.3097412668285
3,30657,0.0007255425670428171,0.4917162327767124,1.8079731793632121,2,4256.276696568567
3,30684,0.000711784363281622,0.42617319965822176,1.635520981773288,2,4239.386908540038
3,30694,0.0007120634746523804,0.43036625194896205,1.6428449834641448,2,4158.492237928679
3,30758,0.0007254408912669405,0.4888175633593468,1.7939917923754154,2,4221.227236296962
3,30768,0.0007257200026376989,0.4930106156500871,1.8013157940662718,2,4229.325026282035
3,30980,0.0007118366986292946,0.4316502029333118,1.6674943721327777,2,4184.527191429639
3,30990,0.000712115810000053,0.4358432552240521,1.6748183738236342,2,4147.386475795648
3,31007,0.0007337864588824822,0.43236555084358474,1.900384250228457,2,4385.244612978128
3,31091,0.0007118791673812943,0.43278023353782635,1.6531565165197735,2,4130.763199080331
3,31101,0.0007121582787520526,0.43697328582856665,1.66048051821063,2,4146.63840036198
3,31128,0.0007254167517788459,0.47674645755430134,1.791864083021525,2,4304.274637176496
3,31138,0.0007256958631496043,0.48093950984504164,1.7991880847123813,2,4265.382895888706
3,31165,0.0007119204741629794,0.3639743309409281,1.6488716847794402,2,4280.290944314681
3,31175,0.0007121995855337378,0.3681673832316684,1.6561956864702967,2,4255.7462841497445
3,31241,0.0007192717636189347,0.46030122532538664,1.7135092967600734,2,4258.318875712342
3,31286,0.0007122331896688537,0.37125116168750727,1.6469845133806376,2,4281.299718699053
3,31313,0.0007119557233036274,0.43224031380965877,1.6647873925718815,2,4158.602185423599
3,31323,0.0007122348346743858,0.43643336610039907,1.672111394262738,2,4157.413515071533
3,31350,0.0007119662623932703,0.42526738576559475,1.661747077195333,2,4173.788350860823
3,31360,0.0007122453737640286,0.42946043805633505,1.6690710788861896,2,4149.556810447013
3,31387,0.0007117820953958621,0.42720617714568154,1.6678279695122071,2,4148.6270259331795
3,31397,0.0007120612067666205,0.43139922943642184,1.6751519712030636,2,4137.760874334315
3,31424,0.0007119760078220706,0.4116364155014365,1.6598786630916664,2,4187.577439988035
3,31434,0.000712255119192829,0.4158294677921768,1.667202664782523,2,4143.985992454019
3,31498,0.0007117264081434263,0.42635963442203606,1.6585851816129238,2,4157.911606891116
3,31508,0.0007120055195141846,0.43055268671277636,1.6659091833037805,2,4164.055153056193
3,31535,0.0007255325013934168,0.410500300590526,1.8661840210278897,2,4312.095105916324
3,31545,0.0007258116127641752,0.4146933528812663,1.8735080227187464,2,4297.6905817396555
3,31656,0.0007117518663388799,0.40765923041817365,1.6577516736586475,2,4153.153241342232
3,31683,0.0007115169842137089,0.42816132224134007,1.66415246399465,2,4143.86908799763
3,31693,0.0007117960955844673,0.43235437453208037,1.6714764656855066,2,4147.541936874536
3,31720,0.0007254987437134643,0.41006886782688623,1.7984853264253557,2,4348.010729114925
3,31730,0.0007257778550842227,0.4142619201176265,1.8058093281162122,2,4361.737238961847
3,31757,0.0007115429749055379,0.41603720217221485,1.646564086920718,2,4181.807520575166
3,31767,0.0007118220862762963,0.42023025446295514,1.6538880886115745,2,4119.309658891469
3,31768,0.0007052106052733444,0.4073998333015174,1.617185705310997,2,4117.316047650821
3,31794,0.0007115472016647784,0.4019256598802695,1.6644234571165832,2,4108.581472712347
3,31804,0.0007118263130355368,0.4061187121710098,1.6717474588074397,2,4125.170605904285
3,31831,0.0007254927866846159,0.4747286355357546,1.8083245499856149,2,4263.280156987532
3,31841,0.0007257718980553743,0.4789216878264949,1.8156485516764713,2,4244.3336092362315
3,31868,0.0007254915427402116,0.45795179243741246,1.811034008678444,2,4234.146372059334
3,31878,0.00072577065411097,0.46214484472815276,1.8183580103693007,2,4209.062055740424
3,31984,0.0007188318047277268,0.3762127703193803,1.7414181535947313,2,4319.834516514821
3,31989,0.0007119057706176907,0.36693117589308943,1.7099475695197837,2,4206.259561398736
3,32053,0.0007116488209300101,0.42029018069990465,1.6555870840947402,2,4116.605727229379
3,32063,0.0007119279323007685,0.42448323299064494,1.6629110857855969,2,4205.229498843899
3,32100,0.000711948008187995,0.40306873700786805,1.6667221139496402,2,4116.727260941493
3,32116,0.0007053774368788929,0.34903013340572964,1.638746009054972,2,4130.201907190941
3,32137,0.000711965647750938,0.3595726682393223,1.6598515547441777,2,4287.562385675109
3,32141,0.0007023411720284174,0.34109232979710447,1.6070571227379538,2,4108.847709698434
3,32164,0.0007116972717979425,0.4173952059747146,1.6701268247132515,2,4152.255716740936
3,32174,0.0007119763831687009,0.4215882582654549,1.677450826404108,2,4106.108481610603
3,32201,0.000711713356776227,0.3647444329304468,1.6517726830219561,2,4271.960658778892
3,32211,0.0007119924681469854,0.3689374852211871,1.6590966847128128,2,4279.87117801336
3,32248,0.000712037472116329,0.4098273751001821,1.6612204466060512,2,4109.970735489881
3,32275,0.0007252591124688381,0.46783068448536436,1.804062842115237,2,4226.1655531160095
3,32285,0.0007255382238395965,0.47202373677610465,1.8113868438060934,2,4247.55411361311
3,32386,0.0007253428487883633,0.45542168907122116,1.807576824778883,2,4243.760451756267
3,32396,0.0007256219601591217,0.45961474136196145,1.8149008264697397,2,4206.937285003698
3,32423,0.0007253224722154377,0.407173679481559,1.8687455169463456,2,4295.203783852717
3,32470,0.000712623880921314,0.4086664472792164,1.6679819956925501,2,4161.571863888575
3,32497,0.0007123452749020025,0.4329717500994472,1.6786956662208494,2,4152.347133442973
3,32499,0.0007196848530769265,0.44841211198786524,1.727666550443443,2,4229.488979775818
3,32507,0.0007126243862727609,0.4371648023901875,1.686019667911706,2,4135.740690115613
3,32571,0.0007123737802029363,0.4261023565856602,1.6758066107104748,2,4189.0271523998435
3,32581,0.0007126528915736947,0.4302954088764005,1.6831306124013314,2,4144.0842052639155
3,32608,0.000712379254471991,0.4140418186470344,1.6666886653653572,2,4171.486105598546
3,32618,0.0007126583658427493,0.41823487093777467,1.6740126670562139,2,4111.039702264381
3,32645,0.0007123806973184222,0.3704960624258714,1.6670307573383618,2,4251.864181423772
3,32682,0.0007123809778788371,0.41517208471141887,1.6767543841562516,2,4132.066640944451
3,32692,0.0007126600892495955,0.41936513700215916,1.6840783858471082,2,4089.9287289269796
3,32758,0.0007197551456512035,0.4601361630063081,1.720018692556031,2,4247.561088786937
3,32793,0.0007124184606437676,0.4306983455798282,1.6802021106974314,2,4114.073348854629
3,32795,0.0007197580388186917,0.44613870746824624,1.729172994920025,2,4252.402373053818
3,32803,0.000712697572014526,0.4348913978705685,1.6875261123882879,2,4140.469090046783
3,32840,0.0007127115118321415,0.36665420201160814,1.725301397560732,2,4222.673949451874
3,32906,0.0007198189166392312,0.46099226091538226,1.722955031169358,2,4229.212195733546
3,32943,0.0007198266584554012,0.3902976054906143,1.7530874234929046,2,4326.784303190965
3,32946,0.0007196922257612716,0.38833189031922755,1.742911125036115,2,4315.54841556579
3,33052,0.0007125430472911115,0.37051705637676546,1.6615442666678881,2,4248.476319864184
3,33091,0.0007326859981302823,0.5162743328450949,1.8542718515458507,2,4332.859886332003
3,33136,0.0007122990995933748,0.3676434870619911,1.6468718648173277,2,4286.8653894039835
3,33163,0.0007122500690761436,0.4288051093656736,1.6705239684720627,2,4152.422588885596
3,33173,0.0007125291804469019,0.4329981616564139,1.6778479701629194,2,4135.268850296294
3,33237,0.0007120281002033954,0.4287510134423669,1.635527107314097,2,4181.16193454276
3,33247,0.0007123072115741537,0.4329440657331072,1.6428511090049536,2,4184.297906699012
3,33274,0.0007120585126810599,0.41723719061387443,1.6730921400848096,2,4095.9034055674806
3,33284,0.0007123376240518183,0.4214302429046147,1.6804161417756662,2,4122.902765378287
3,33311,0.0007120711115898793,0.42525151328453104,1.648255763840376,2,4178.900743299462
3,33321,0.0007123502229606376,0.42944456557527133,1.6555797655312328,2,4186.03648445676
3,33424,0.0007194249270968298,0.3880931028734482,1.7477202622752923,2,4321.8412115093015
3,33427,0.0007192904944027002,0.38612738770206145,1.7375439638185026,2,4301.086753268209
3,33496,0.0007120857869305908,0.40757527905050517,1.6614507370290745,2,4137.792781143802
3,33506,0.0007123648983013492,0.41176833134124546,1.6687747387199312,2,4118.771998066338
3,33533,0.0007121015175071254,0.42773433272643757,1.6413806105541908,2,4227.2456863706675
3,33543,0.0007123806288778838,0.43192738501717787,1.6487046122450473,2,4146.830170245162
3,33572,0.0007194417993655439,0.45951845048685935,1.7259053724903382,2,4233.1929774833825
3,33575,0.0007193073666714143,0.4575527353154726,1.7157290740335485,2,4265.102771502106
3,33607,0.0007253797863164752,0.4037564229744628,1.8668539647814242,2,4292.013394124716
3,33617,0.0007256588976872336,0.4079494752652031,1.8741779664722806,2,4279.961610235415
3,33681,0.0007121306079662554,0.4314142240592098,1.6668535211585,2,4176.637076019503
3,33691,0.0007124097193370138,0.4356072763499501,1.6741775228493567,2,4124.3079704378715
3,33718,0.0007121438422044553,0.36771319902226307,1.7098452222520268,2,4194.138331993499
3,33723,0.0007193489876852497,0.3811878457392942,1.748639808017831,2,4320.4747327835075
3,33728,0.0007124229535752137,0.37190625131300337,1.7171692239428833,2,4171.203494232683
3,33755,0.00071215259703248,0.40775452994347594,1.6702180042627472,2,4126.03699406228
3,33765,0.0007124317084032383,0.41194758223421624,1.677542005953604,2,4084.693548943515
3,33829,0.0007121699069339408,0.4158468151641058,1.6632054966599321,2,4135.865065204284
3,33839,0.0007124490183046992,0.4200398674548461,1.6705294983507886,2,4169.474115805998
3,33866,0.0007121917015586422,0.4097067801470652,1.6577050682500247,2,4146.874675770615
3,33876,0.0007124708129294005,0.4138998324378055,1.6650290699408814,2,4178.99168378175
3,33913,0.0007125081655669494,0.36617392162294327,1.6517038836260618,2,4307.419631359326
3,33979,0.0007187684066571961,0.45822551492794916,1.7131178788387673,2,4263.328592877339
3,33982,0.0007186339739630665,0.4562597997565624,1.7029415803819778,2,4227.969522924665
3,34014,0.0007137380834806367,0.4330538780406268,1.666281433681516,2,4169.95557292965
3,34024,0.0007140171948513951,0.4372469303313671,1.6736054353723724,2,4149.751251429021
3,34051,0.0007137701816817695,0.4347910683561462,1.684971984610183,2,4148.676059254307
3,34061,0.0007140492930525279,0.4389841206468865,1.6922959863010394,2,4142.185778107949
3,34135,0.0007154155912579034,0.3698568145126151,1.7625729649167619,2,4229.572493178001
3,34162,0.0007151460483756049,0.4449198942157785,1.6810694482548478,2,4169.030204496713
3,34172,0.0007154251597463633,0.4491129465065188,1.6883934499457045,2,4183.854054644822
3,34199,0.0007245793810994766,0.4721938516930688,1.7980265163986648,2,4206.401706107274
3,34209,0.0007248584924702349,0.4763869039838091,1.8053505180895215,2,4253.84710259624
3,34241,0.0007223726916264546,0.392334627762411,1.7769046787375948,2,4345.589967328484
3,34246,0.0007154466575164185,0.3830530333361202,1.7454340946626477,2,4281.479881947439
3,34347,0.0007151932060137598,0.4367147864311841,1.705825082247305,2,4135.167518528906
3,34357,0.0007154723173845182,0.4409078387219244,1.7131490839381616,2,4134.544041010549
3,34421,0.0007245594403493782,0.48215978983907415,1.7764211373175884,2,4277.5374391105715
3,34431,0.0007248385517201366,0.48635284212981444,1.7837451390084451,2,4278.766939019497
3,34448,0.0007329194677615577,0.42273417196762986,1.8841047285555983,2,4402.715426717406
3,34458,0.00072455697818531,0.4088468844105173,1.8476558244706363,2,4293.379554844699
3,34468,0.0007248360895560684,0.4130399367012576,1.854979826161493,2,4245.631953341383
3,34495,0.0007152446123738496,0.44638568480249896,1.7021633358113493,2,4183.657066854125
3,34505,0.000715523723744608,0.45057873709323926,1.7094873375022057,2,4155.104228784005
3,34532,0.0007152514160467421,0.44282059012811337,1.681782386255628,2,4180.103806803377
3,34542,0.0007155305274175004,0.44701364241885366,1.6891063879464847,2,4161.95108319536
3,34606,0.0007152847130834824,0.4320984987831109,1.7061628416857353,2,4186.618595329549
3,34616,0.0007155638244542408,0.4362915510738512,1.713486843376592,2,4176.003466987639
3,34680,0.0007153090642399237,0.4372030974659883,1.6958810687388919,2,4231.275754272725
3,34690,0.0007155881756106821,0.4413961497567286,1.7032050704297486,2,4150.06532962848
3,34754,0.0007153585666472086,0.3794598795878865,1.6951652307556238,2,4267.955009653008
3,34791,0.0007151089752030223,0.37417762534483145,1.6886711523832956,2,4314.880006315267
3,34801,0.0007153880865737807,0.37837067763557175,1.6959951540741522,2,4293.436205923778
3,34828,0.0007245289851238135,0.4689775815243632,1.7932012590132147,2,4261.389954682608
3,34838,0.0007248080964945718,0.4731706338151035,1.8005252607040714,2,4207.141564914381
3,34867,0.0007319310786712902,0.5174392412008687,1.840336368007417,2,4330.564242569047
3,34902,0.0007246045530591264,0.47775553720711283,1.7977351878723633,2,4238.693651275643
3,34912,0.0007248836644298848,0.48194858949785313,1.80505918956322,2,4218.222131600351
3,34929,0.0007231151832959349,0.3917135806228883,1.776946838355766,2,4345.2893925721955
3,34939,0.0007147526937196872,0.37782629306577575,1.740497934270804,2,4204.491608773483
3,34978,0.0007221062481468694,0.3975110927014932,1.7758820819049121,2,4317.637870769238
3,34981,0.0007219718154527398,0.39554537753010643,1.7657057834481227,2,4340.511351008204
3,35003,0.0007330685060428899,0.4307424645019504,1.8817579291908253,2,4412.466594314152
3,35097,0.0007249831305038176,0.4855185201726576,1.7720338886275375,2,4288.103929908802
3,35124,0.0007246952140055284,0.4926463896653107,1.7767499765613481,2,4260.4569012788315
3,35277,0.0007220821968547906,0.38790902327348986,1.7757189418999333,2,4309.82256950107
3,35282,0.0007151561627447545,0.3786274288471989,1.7442483578249857,2,4235.861195297931
3,35309,0.0007148995220883653,0.44746087764009423,1.6821987876059965,2,4177.316353254778
3,35346,0.0007149519861329517,0.3696848553162242,1.6927551720276235,2,4299.741964644605
3,35356,0.0007152310975037101,0.3738779076069645,1.70007917371848,2,4272.874249857952
3,35383,0.0007246348599246332,0.4803317614160981,1.772552523632278,2,4321.627648620761
3,35393,0.0007249139712953915,0.4845248137068384,1.7798765253231348,2,4266.700367518795
3,35420,0.0007149888759299444,0.4190590794315726,1.6959917708082388,2,4159.220399766795
3,35430,0.0007152679873007028,0.4232521317223129,1.7033157724990955,2,4163.078372435556
3,35457,0.0007149888858144026,0.4466564897048301,1.7048586368042116,2,4158.349359677372
3,35459,0.0007223284639893266,0.462096851593248,1.7538295210268051,2,4270.6734937363735
3,35467,0.000715267997185161,0.45084954199557037,1.712182638495068,2,4144.782903868103
3,35494,0.0007150013467391258,0.3796115329440536,1.6861547812994566,2,4298.508835388794
3,35541,0.0007152943053161571,0.3717235834144158,1.7604448538183475,2,4223.617475208229
3,35568,0.0007150210348766006,0.4495945428027781,1.702569953857817,2,4195.688574659502
3,35570,0.0007223606130515246,0.465034904691196,1.7515408380804105,2,4288.270188230492
3,35716,0.0007153921320408713,0.37867033671024997,1.6818057655952756,2,4311.474829632944
3,35753,0.0007154393633900834,0.4278968523388502,1.6939237178798212,2,4173.2318281918415
3,35763,0.0007157184747608418,0.4320899046295905,1.7012477195706779,2,4226.880305021136
3,35790,0.0007158284329161301,0.4499086020607852,1.7158639264057731,2,4181.602252067802
3,35792,0.0007231680110910541,0.4653489639492032,1.7648348106283667,2,4265.183167252365
3,35800,0.0007161075442868885,0.4541016543515255,1.7231879280966298,2,4139.863788117253
3,35817,0.0007327828104461319,0.42876901272320744,1.8816293754601792,2,4426.573909337429
3,35948,0.0007161754796811417,0.42558970185972456,1.6997769840288905,2,4195.312060221298
3,36012,0.0007243966447417684,0.47368603941328435,1.7833981564083439,2,4264.131350733947
3,36022,0.0007246757561125268,0.47787909170402465,1.7907221580992003,2,4237.70477584521
3,36049,0.0007159071128673478,0.37427988236392995,1.701827953151367,2,4302.966345612376
3,36059,0.0007161862242381062,0.37847293465467025,1.7091519548422236,2,4293.594956372231
3,36086,0.0007159110525341122,0.4157013567205059,1.7091968348824225,2,4160.739059347445
3,36096,0.0007161901639048706,0.4198944090112462,1.716520836573279,2,4152.532880840838
3,36125,0.0007232848506562232,0.4735381354755924,1.753991852363328,2,4313.58362951957
3,36160,0.0007159647079149237,0.4331880254397418,1.7011198670369279,2,4210.684610847555
3,36170,0.000716243819285682,0.43738107773048207,1.7084438687277845,2,4146.129033894697
3,36197,0.0007243899656111451,0.46437333908134526,1.7941602796153417,2,4239.258615926775
3,36207,0.0007246690769819034,0.46856639137208556,1.8014842813061984,2,4233.089012717863
3,36234,0.0007159916706952164,0.37830716922121277,1.7566068037233786,2,4223.491359248962
3,36244,0.0007162707820659748,0.38250022151195306,1.7639308054142353,2,4203.711949919289
3,36271,0.0007160109082893082,0.44552202279041186,1.6937253647731818,2,4192.702572945235
3,36281,0.0007162900196600666,0.44971507508115216,1.7010493664640383,2,4178.077733313407
3,36297,0.000718068318282281,0.3910953726852604,1.775545417602937,2,4271.0045679043005
3,36308,0.0007243774177835678,0.3974448552281128,1.7893269616012863,2,4376.4903774895865
3,36318,0.0007246565291543262,0.4016379075188531,1.7966509632921428,2,4342.911044346154
3,36421,0.0007317085274935975,0.5114173462759843,1.849940991067048,2,4337.609017480071
3,36456,0.0007160831454581084,0.3780383586449265,1.7017179636052462,2,4299.033138472175
3,36466,0.0007163622568288668,0.3822314109356668,1.7090419652961029,2,4292.884699064496
3,36493,0.0007158220694227913,0.42621981363375494,1.7108896744600006,2,4190.978370469061
3,36503,0.0007161011807935496,0.43041286592449524,1.7182136761508573,2,4149.483511833324
3,36530,0.0007154200655066897,0.4456230726990439,1.709217470983809,2,4178.8533133187375
3,36532,0.0007227596436816138,0.4610634345874618,1.7581883552064026,2,4251.972558667032
3,36540,0.0007156991768774481,0.4498161249897842,1.7165414726746657,2,4158.347834100224
3,36752,0.0007155125043185374,0.444365589650738,1.704490471827615,2,4140.602589270332
3,36762,0.0007157916156892958,0.4485586419414783,1.7118144735184717,2,4197.527498480948
3,36799,0.0007158298345360395,0.4424704524192429,1.6815060931932957,2,4220.636658522836
3,36826,0.0007155783445250984,0.3805598381870273,1.6959890084341256,2,4271.9082961320255
3,36873,0.0007158638461478629,0.4432183985176499,1.6813379491743323,2,4247.538933106244
3,36902,0.0007318089516071481,0.5133396091372766,1.8433959712460404,2,4334.4076737549985
3,36974,0.0007156504011520762,0.4428570347397036,1.694713132617135,2,4183.675808395594
3,36984,0.0007159295125228345,0.4470500870304439,1.7020371343079914,2,4183.374789909073
3,37011,0.0007156522621647575,0.43225992397938184,1.6956704654056096,2,4205.53055979802
3,37021,0.0007159313735355158,0.43645297627012214,1.702994467096466,2,4140.589478841469
3,37048,0.0007156540772460552,0.3735258367335359,1.6904552232351884,2,4319.4099156087395
3,37058,0.0007159331886168136,0.3777188890242762,1.6977792249260448,2,4260.13888139515
3,37085,0.0007244626758785035,0.4097987437219188,1.794512882757755,2,4335.533201100295
3,37095,0.0007247417872492619,0.4139917960126591,1.8018368844486117,2,4342.719127110305
3,37122,0.0007156725158688238,0.4298123650675406,1.707556912132896,2,4154.761326092112
3,37132,0.0007159516272395821,0.4340054173582809,1.7148809138237524,2,4203.414169463776
3,37169,0.0007159650479090926,0.4143891564405947,1.7134734119890862,2,4172.754229367276
3,37233,0.0007157209413117819,0.42054954472242434,1.7037381203510178,2,4155.313700695911
3,37243,0.0007160000526825402,0.42474259701316464,1.7110621220418742,2,4107.007064897217
3,37270,0.0007244545550133065,0.4919804796224809,1.802664458710633,2,4217.631627462561
3,37272,0.0007317941331882305,0.5074208415108988,1.8516353429332266,2,4326.357216719052
3,37344,0.0007244348376934944,0.47880106706938275,1.79566839568958,2,4233.319635879074
3,37354,0.0007247139490642527,0.48299411936012304,1.8029923973804365,2,4215.987545494388
3,37381,0.0007137614824814963,0.43828280618375504,1.6821579832839995,2,4165.308673956311
3,37391,0.0007140405938522547,0.44247585847449533,1.689481984974856,2,4158.205583704064
3,37418,0.00071475149686584,0.4394079644113106,1.694203425907906,2,4130.05315582344
3,37428,0.0007150306082365984,0.4436010167020509,1.7015274275987624,2,4171.745082610827
3,37492,0.000713971422998541,0.43529350740339556,1.6666256144593345,2,4193.66080400557
3,37502,0.0007142505343692994,0.43948655969413586,1.673949616150191,2,4174.612250640538
3,37529,0.000713978558904783,0.44541705086667505,1.6860805027654175,2,4168.183630079434
3,37531,0.000721318137079707,0.46085741275509295,1.735051386988011,2,4270.984488724753
3,37566,0.0007249037750338539,0.48442829842598656,1.7853801608176874,2,4269.606537429124
3,37576,0.0007251828864046123,0.48862135071672685,1.7927041625085438,2,4245.321410581503
3,37603,0.0007249031333671687,0.47127806054301846,1.799345045666415,2,4240.830182330658
3,37613,0.0007251822447379271,0.47547111283375876,1.8066690473572715,2,4143.186420829674
3,37714,0.0007140103697142338,0.4416408858879768,1.6624995067860195,2,4206.936392366107
3,37740,0.0007077040912631338,0.35547230026614995,1.666956900650076,2,4150.703516325999
3,37761,0.000714292302135179,0.36601483509974264,1.6880624463392817,2,4285.048048587439
3,37765,0.0007046678264126584,0.3475344966575248,1.6352680143330578,2,4156.635880494565
3,37788,0.0007140156780364536,0.44373525726652696,1.6788484489582816,2,4160.520782153029
3,37867,0.0007212502180193059,0.38894641740095526,1.7621862000335293,2,4353.461070969432
3,37899,0.0007248885168967634,0.47595176712589415,1.7899200595226787,2,4245.321093348776
3,37909,0.0007251676282675218,0.48014481941663445,1.7972440612135354,2,4246.900232791892
3,37936,0.0007140729545096057,0.43006111805766667,1.6886300067833848,2,4107.222485292385
3,37946,0.0007143520658803641,0.43425417034840696,1.6959540084742415,2,4186.256323829692
3,37973,0.0007141089361724273,0.41693047120866544,1.677673455812168,2,4199.092014362737
3,37983,0.0007143880475431857,0.42112352349940574,1.6849974575030247,2,4178.15405342884
3,38010,0.0007248745693498149,0.4786341375095907,1.7913898359722165,2,4236.167102855833
3,38020,0.0007251536807205733,0.482827189800331,1.7987138376630731,2,4240.3095144854115
3,38047,0.0007141167350616509,0.4278852721398553,1.6960171745981385,2,4160.1057506201205
3,38057,0.0007143958464324092,0.4320783244305956,1.7033411762889952,2,4152.613493184279
3,38094,0.0007143960257173502,0.4279257455284351,1.6755063882672732,2,4170.789307407498
3,38095,0.0007077845447143983,0.41509532436699736,1.6388040049666952,2,4098.011508379998
3,38131,0.0007144008334534879,0.37227317659273873,1.7442167106499935,2,4208.745571361858
3,38158,0.0007141238218590889,0.44002070382676295,1.673190275218194,2,4170.98014835739
3,38168,0.0007144029332298473,0.44421375611750324,1.6805142769090506,2,4163.214821111302
3,38269,0.0007139689027549329,0.43493221798652915,1.6927054478435433,2,4129.9972932984
3,38279,0.0007142480141256913,0.43912527027726944,1.7000294495344,2,4123.403024447236
3,38306,0.00071396423772674,0.4307683532032883,1.6850496132147712,2,4175.661948908753
3,38316,0.0007142433490974983,0.4349614054940286,1.6923736149056279,2,4176.257133021805
3,38343,0.0007249425451725519,0.49096295622558517,1.7607755163275924,2,4302.080959284526
3,38390,0.0007141134194025611,0.4426341178738521,1.6537040996250354,2,4254.075518588225
3,38417,0.0007138369550076793,0.436091188374507,1.6861506557571977,2,4149.458679987418
3,38427,0.0007141160663784377,0.4402842406652473,1.6934746574480541,2,4182.019971202144
3,38454,0.0007138508057929466,0.4327383063830683,1.6937763141607327,2,4186.478928984786
3,38464,0.000714129917163705,0.4369313586738086,1.7011003158515894,2,4127.353761139343
3,38491,0.0007249366447708293,0.40429346832849045,1.855534301735394,2,4279.193436815439
3,38501,0.0007252157561415877,0.40848652061923074,1.8628583034262507,2,4260.214683905808
3,38530,0.0007211926438189131,0.46448316614198604,1.731561562996793,2,4297.29094082448
3,38575,0.0007252135250318445,0.4805088495386045,1.779456492636539,2,4278.422035285974
3,38602,0.0007138606277691111,0.4343549714626499,1.6731823418369378,2,4149.937201206998
3,38612,0.0007141397391398695,0.4385480237533902,1.6805063435277943,2,4172.847201919711
3,38639,0.000713870356497858,0.4451266907085314,1.6874878906999338,2,4174.935369336681
3,38641,0.000721209934672782,0.4605670525969493,1.7364587749225273,2,4277.515861305754
3,38686,0.0007141636625744534,0.36860890673174684,1.6783798087931439,2,4293.806482652604
3,38723,0.0007141693524556832,0.37233679417515564,1.6722469837993275,2,4277.839498560825
3,38752,0.0007212450699329931,0.4621856179164152,1.7373334261172868,2,4216.05100532251
3,38787,0.0007139112132775355,0.3750515984024637,1.6635859136207014,2,4298.237557630502
3,38824,0.0007249196945785633,0.48073232928878074,1.7771071996183907,2,4285.117436290627
3,38834,0.0007251988059493216,0.48492538157952103,1.7844312013092474,2,4288.42832843477
8,15,0.0007068406010501198,0.34723468699588,1.6100086776011713,2,4208.236029727852
8,39,0.000855979793921583,1.2805337187920698,3.605163351007782,2,4977.618916402785
8,52,0.000857073553722368,1.279816222523512,3.6019985179056477,2,4951.474844822142
8,76,0.0007313838815007858,0.498631845760762,1.8763914494234917,2,4267.152077149987
8,89,0.0007324776413015708,0.49791434949220414,1.8732266163213576,2,4308.318096113687
8,126,0.0008573353801047912,1.4258485348505534,3.5322435380789883,2,5087.761325732328
8,150,0.0007066361963609555,0.3987217082488099,1.612401617448411,2,4127.946881024457
8,163,0.0007077299561617404,0.39800421198025204,1.609236784346277,2,4151.110761921042
8,200,0.0007077347397989946,0.4131623405758482,1.6356160803396802,2,4081.5606142934566
8,237,0.0007324679095308648,0.5252552871566426,1.8633033991392047,2,4351.240240269202
8,261,0.0007313689440300609,0.5246798956780572,1.8629533638417175,2,4275.62119266512
8,274,0.0007324627038308458,0.5239623994094993,1.8597885307395834,2,4323.146244356216
8,298,0.000706683280330709,0.41121924128758214,1.6256349241489578,2,4121.233753034984
8,311,0.000707777040131494,0.41050174501902437,1.6224700910468237,2,4093.99313654793
8,348,0.0007077869880594572,0.380369993637245,1.6296764169859583,2,4091.84880990461
8,372,0.0008567965494656932,1.3672897614951258,3.5710726394043006,2,4987.221975652495
8,385,0.0008578903092664781,1.366572265226568,3.5679078063021663,2,4986.063158762511
8,422,0.0007078105695005076,0.4192290941428237,1.631345230941314,2,4076.021277443525
8,459,0.00070782530483188,0.3923942524832159,1.6326801861466569,2,4113.231414732671
8,496,0.0007078317914206324,0.353010040528154,1.6750546621530913,2,4180.601308658072
8,520,0.00070676990127734,0.40695885087164274,1.610425002823905,2,4088.929491645787
8,533,0.000707863661078125,0.40624135460308497,1.607260169721771,2,4151.866061228839
8,570,0.0007078864917232042,0.3565280157612175,1.6316761471166834,2,4216.074279021385
8,607,0.0007078948839733134,0.3516212228340202,1.670677381737075,2,4204.93334065864
8,644,0.0007324256175591185,0.4339141067578831,1.9411725505755955,2,4336.198020071329
8,681,0.0007079323580221139,0.3500100910534819,1.6227702968519144,2,4226.041806962501
8,705,0.0007068605246239088,0.4002915359720636,1.6156518665321278,2,4126.202954397821
8,718,0.0007079542844246938,0.3995740397035057,1.6124870334299937,2,4109.001985381556
8,755,0.0007076691990396364,0.3900145731552911,1.6299849437498315,2,4084.460649598065
8,779,0.0007068697690997656,0.41518715598644906,1.6270474707880702,2,4117.337140395318
8,792,0.0007079635289005506,0.4144696597178913,1.623882637685936,2,4152.130200075408
8,829,0.0007076615463862747,0.392765752842957,1.6290030234061927,2,4079.2074031964994
8,866,0.0007076405488511173,0.35670786468134774,1.6030286011609334,2,4239.646320880393
8,903,0.0007074043939888643,0.35515952818541696,1.5989399362447538,2,4248.990990201659
8,927,0.000706346039479819,0.4006580393696879,1.610035427123485,2,4064.0453456638506
8,940,0.000707439799280604,0.39994054310113003,1.6068705940213508,2,4171.0423258598385
8,964,0.0007063478493859922,0.40298143662777,1.6156927427319816,2,4136.102382763202
8,977,0.0007074416091867771,0.4022639403592121,1.6125279096298475,2,4117.556251146094
8,1001,0.0008541077248212273,1.2496861951625238,3.5760996907855023,2,4931.419125634448
8,1014,0.0008552014846220123,1.248968698893966,3.572934857683368,2,5002.476833064606
8,1038,0.0007063619343601572,0.40441034723071245,1.6087442940315269,2,4095.5989820743907
8,1051,0.0007074556941609422,0.4036928509621547,1.6055794609293927,2,4119.738137472
8,1075,0.0007063622312353833,0.4087437878127044,1.623326146891404,2,4062.1203622007297
8,1088,0.0007074559910361682,0.4080262915441466,1.6201613137892699,2,4125.540021254997
8,1112,0.0007314476863882131,0.5144724446399407,1.86382543570091,2,4286.020535807132
8,1125,0.000732541446188998,0.5137549483713828,1.860660602598776,2,4357.340502207859
8,1162,0.0007074917718050389,0.38211136037751026,1.627335538260064,2,4089.7343520891513
8,1186,0.0007064057719918457,0.41069524766944276,1.6284741729902807,2,4122.377419951527
8,1199,0.0007074995317926307,0.4099777514008849,1.6253093398881466,2,4100.631749995494
8,1236,0.0007325210014423918,0.4332797405980142,1.8767210898053341,2,4412.546605746853
8,1260,0.0007314217231422629,0.5089925528906367,1.8737026881207088,2,4291.418319587363
8,1273,0.0007325154829430478,0.5082750566220788,1.8705378550185747,2,4287.822979408698
8,1310,0.0007325131453668569,0.5274270661087402,1.8431515779075816,2,4386.399770808562
8,1334,0.0007314173212954001,0.5060861924850268,1.8710131449265863,2,4267.054930590873
8,1347,0.000732511081096185,0.505368696216469,1.8678483118244522,2,4329.001235050074
8,1384,0.0007075451929191223,0.4052054737894243,1.6292031451818225,2,4081.6361649870382
8,1408,0.0007314138679562734,0.5238012366044119,1.870620677038046,2,4274.6557647989
8,1421,0.0007325076277570583,0.523083740335854,1.867455843935912,2,4313.478342857193
8,1458,0.0007075612050007771,0.3819828617421719,1.6272360650607758,2,4097.966201732809
8,1495,0.0007076000068024919,0.38677225178487906,1.6363784412717401,2,4094.682576487461
8,1532,0.0008564926162407051,1.4732686066825558,3.496875713415563,2,5083.368238055972
8,1569,0.0008565350723513717,1.2801167592192324,3.6290697191641987,2,4932.7473669897145
8,1606,0.0007076441534872603,0.3462952631899092,1.675565755505379,2,4188.835072125371
8,1643,0.0007073903036346317,0.3965158479451407,1.6352799352908476,2,4104.757196604546
8,1667,0.0007313165359841116,0.5200840196112868,1.848201588798325,2,4333.0948159126865
8,1680,0.0007324102957848965,0.5193665233427289,1.8450367556961909,2,4323.917526013014
8,1717,0.000708037609286541,0.3571009763783879,1.611136798331152,2,4240.049334257363
8,1754,0.0008624572558498242,1.373195898929798,3.6923681176528063,2,4986.141076602162
8,1791,0.0007084402288882466,0.40932763889385015,1.6386576847238405,2,4068.112672417361
8,1828,0.0007084540255776138,0.36046353713923895,1.6762689636169519,2,4091.8023176359925
8,1865,0.0008629441503622268,1.1891597277517874,3.7250094753055247,2,5065.600272065186
8,1889,0.0007073915915689686,0.394550730915338,1.6339019778334787,2,4041.061294656736
8,1902,0.0007084853513697536,0.3938332346467802,1.6307371447313446,2,4115.685344537545
8,1939,0.0007085003249273956,0.38603326156900797,1.634747811898151,2,4076.98137165845
8,1963,0.0007074073736715886,0.40764617079751686,1.6277212737003597,2,4106.9785851361685
8,1976,0.0007085011334723736,0.4069286745289591,1.6245564405982256,2,4118.639171635864
8,2013,0.000708537130863638,0.35921032682241627,1.6087439840976339,2,4259.569581601745
8,2050,0.0007322877286688301,0.43918604470209577,1.9422950364398235,2,4345.055807725091
8,2087,0.0007322867219923237,0.5248547498764814,1.893390046621271,2,4302.817314030598
8,2124,0.0007085909448480296,0.4139712613701829,1.6402224273319845,2,4101.610820237272
8,2161,0.0007085974619188665,0.4002491183309359,1.6401785175517334,2,4126.051700424362
8,2185,0.0007075199424657337,0.3884284569776023,1.636276153141392,2,4050.116212419506
8,2198,0.0007086137022665187,0.3877109607090444,1.633111320039258,2,4104.227917507353
8,2235,0.0007086327755576906,0.35701637372502637,1.6095152944580118,2,4260.961483376696
8,2272,0.0008639449761280412,1.5149760929912017,3.6270846512930954,2,5159.649686802069
8,2296,0.0007075466367332119,0.41409381368147613,1.638882922282433,2,4074.265987216845
8,2309,0.0007086403965339969,0.41337631741291836,1.635718089180299,2,4080.0366566805615
8,2346,0.0007322661535321156,0.49924129855955424,1.8862398609542381,2,4274.084801486684
8,2370,0.0007075861592155769,0.39985209665011956,1.6363930192491676,2,4048.0663731363397
8,2383,0.0007086799190163619,0.3991346003815617,1.6332281861470335,2,4112.8937625998315
8,2420,0.0008641652308019139,1.483933111756537,3.6380429118147664,2,5135.69927730949
8,2444,0.0007073324544833278,0.41791900932069936,1.6270312810385488,2,4081.3342303282807
8,2457,0.0007084262142841128,0.4172015130521416,1.6238664479364147,2,4127.470953952414
8,2481,0.0007068868942691121,0.3994486143327519,1.616718218010375,2,4131.99338184782
8,2494,0.0007079806540698971,0.39873111806419415,1.6135533849082409,2,4113.2752224705355
8,2531,0.0007083754019222547,0.35544125411924654,1.6079632224323013,2,4266.808657545404
8,2568,0.0007083061592393402,0.3555226615498477,1.607017571409493,2,4260.047469807986
8,2605,0.0008597220552315797,1.5061069165864187,3.5495648329247667,2,5108.609905589845
8,2629,0.0007069705944236938,0.35119406603742764,1.6233585396918062,2,4191.760512229097
8,2642,0.0007080643542244787,0.35047656976886987,1.620193706589672,2,4236.108959358812
8,2666,0.0008589279348839468,1.285598528640666,3.673742526116901,2,4998.696506376711
8,2679,0.0008600216946847318,1.284881032372108,3.6705776930147667,2,5006.333088439621
8,2703,0.0007069862773405157,0.41330821214479163,1.6268914683175983,2,4139.014962140538
8,2716,0.0007080800371413007,0.41259071587623375,1.6237266352154642,2,4120.269437728869
8,2753,0.0007323896660062846,0.4320447221767727,1.887468503352443,2,4378.205548149138
8,2777,0.0007312942119268873,0.51611278477958,1.8537740200655157,2,4327.764910797807
8,2790,0.0007323879717276723,0.5153952885110221,1.8506091869633816,2,4330.817697296233
8,2814,0.0007312931930645293,0.4957431227872441,1.8760719910327757,2,4271.713227378637
8,2827,0.0007323869528653142,0.4950256265186863,1.8729071579306416,2,4313.143957338412
8,2851,0.0007070151185551079,0.41391143077067616,1.620340786755893,2,4111.676063345355
8,2864,0.0007081088783558928,0.4131939345021184,1.6171759536537589,2,4167.125930620554
8,2901,0.0007081214536762923,0.3552410399507624,1.6260647674863995,2,4224.693935851193
8,2938,0.0007081376583499189,0.4163614124004307,1.6098850417184034,2,4092.798819477313
8,2962,0.0007312748490088509,0.5144070187767193,1.8739175039163998,2,4264.687358508625
8,2975,0.0007323686088096359,0.5136895225081615,1.8707526708142657,2,4296.259949297629
8,3012,0.0007081912225763364,0.3483833999431085,1.6847636521467764,2,4175.324264247746
8,3036,0.000707107951097211,0.4033491756826465,1.6260740672151837,2,4076.0799341179413
8,3049,0.000708201710897996,0.40263167941408873,1.6229092341130495,2,4120.448240075014
8,3073,0.0008600311096364419,1.320463932191903,3.6694525531141333,2,5025.79101027124
8,3086,0.0008611248694372269,1.319746435923345,3.666287720011999,2,5013.133317864434
8,3110,0.0007071363445302343,0.41697804449828324,1.6268884384979356,2,4097.521218098799
8,3123,0.0007082301043310193,0.41626054822972536,1.6237236053958015,2,4130.594283629243
8,3147,0.0007312642984586371,0.5133105830713596,1.8724196594301206,2,4271.034587072112
8,3160,0.000732358058259422,0.5125930868028017,1.8692548263279865,2,4277.020235820488
8,3184,0.0007312592540478769,0.5154419227692563,1.8886110133077647,2,4260.1369992598475
8,3197,0.0007323530138486618,0.5147244265006984,1.8854461802056306,2,4275.962448365483
8,3221,0.0007072026703078967,0.4081528546912857,1.6233522132265445,2,4099.936885014076
8,3234,0.0007082964301086817,0.40743535842272793,1.6201873801244104,2,4100.497000527727
8,3258,0.000860523967841377,1.3107757257724955,3.699804535233701,2,4948.162641485175
8,3271,0.000861617727642162,1.3100582295039376,3.6966397021315665,2,4963.608913268567
8,3295,0.0007072599740117202,0.4072653407144613,1.6352206220501075,2,4071.0663075787647
8,3308,0.0007083537338125052,0.40654784444590353,1.6320557889479734,2,4105.274530942596
8,3345,0.0007322471387658615,0.43893463394533827,1.9405096173804108,2,4313.399914659923
8,3419,0.0008539759434994561,1.4184070830277833,3.461391966722297,2,5099.877489374168
8,3443,0.0007316431326755021,0.5155509970896153,1.8584507329121214,2,4279.991364170028
8,3456,0.0007327368924762871,0.5148335008210574,1.8552858998099873,2,4350.917519245973
8,3493,0.0007064798681148655,0.41103230169272187,1.5873711447859318,2,4151.2994631883685
8,3530,0.0007327321741487685,0.5247046082163166,1.8978629634617052,2,4288.219876009727
8,3567,0.0007065293179642915,0.403564411952425,1.6234149265039133,2,4083.6685567802647
8,3591,0.000847481357609193,1.3226202579494246,3.3919161801026165,2,4999.971931208563
8,3604,0.000848575117409978,1.3219027616808667,3.388751347000482,2,5045.798863921904
8,3641,0.0007065506655704728,0.39657278452388134,1.6159766707309167,2,4075.8650865576587
8,3678,0.000732725258173343,0.5031107712565374,1.8995844826965966,2,4297.333968988166
8,3715,0.0007327204279735806,0.44144627095312017,1.9366269109286054,2,4333.309169457687
8,3739,0.0007055181225930557,0.3988795163042912,1.6119039317971782,2,4068.6701051147716
8,3752,0.0007066118823938407,0.3981620200357334,1.608739098695044,2,4121.434739363316
8,3789,0.0007066169647602673,0.3929453098072698,1.6206101023034105,2,4114.735084398218
8,3850,0.000848197325166541,1.1653341106492638,3.487274027163276,2,4933.204133152312
8,3863,0.000849291084967326,1.164616614380706,3.4841091940611415,2,4932.093616474598
8,3900,0.000849351997449158,1.3868450638445624,3.376052093877456,2,5073.338089894389
8,3924,0.0007055477324652778,0.397097086438005,1.6191782761121776,2,4092.0296744223356
8,3937,0.0007066414922660628,0.3963795901694471,1.6160134430100435,2,4083.72855764641
8,3974,0.0007066432939495551,0.39132504262595,1.6256573308955369,2,4043.61893547984
8,3998,0.0007055644529789192,0.4069020890326599,1.5932548925641796,2,4093.832494619213
8,4011,0.0007066582127797042,0.4061845927641021,1.5900900594620455,2,4170.116368998761
8,4035,0.0007055768281193347,0.403466817710584,1.620741829185422,2,4099.7821497035375
8,4048,0.0007066705879201197,0.40274932144202624,1.617576996083288,2,4050.118609034055
8,4085,0.0007066726017140251,0.4152720190710353,1.6263920546421118,2,4062.7839498271187
8,4159,0.000732745909270509,0.524800813613561,1.883823219832321,2,4282.8758435150185
8,4196,0.0007066866629153988,0.3941468444583567,1.6267727618118122,2,4112.620542448659
8,4233,0.0007064393342059144,0.3487597782286813,1.6581421999541153,2,4188.563491643213
8,4270,0.0007064268085951471,0.3974523901898088,1.6213325538748529,2,4067.61457493026
8,4307,0.0007328339868521013,0.5254686417988814,1.876389116205852,2,4305.079285180184
8,4344,0.0007061767265080787,0.3523933395661747,1.6569267934912628,2,4196.719404139955
8,4368,0.0007317181996184016,0.5068383417540614,1.8926641678087812,2,4237.8983724159825
8,4381,0.0007328119594191866,0.5061208454855035,1.889499334706647,2,4270.073039797856
8,4418,0.0008465018384747475,1.3392481744716505,3.3441040693225323,2,5076.150704798026
8,4442,0.0007051730142441878,0.39768165894152874,1.603274564087517,2,4033.184822479873
8,4455,0.0007062667740449727,0.39696416267297097,1.600109730985383,2,4124.395505265588
8,4479,0.0007316979828082366,0.5170078997395496,1.8791716783195316,2,4295.563633729256
8,4492,0.0007327917426090216,0.5162904034709918,1.8760068452173975,2,4301.124274707017
8,4516,0.0007052015799439543,0.34743793840945814,1.6042106254379074,2,4187.957914037741
8,4529,0.0007062953397447393,0.34672044214090025,1.6010457923357733,2,4228.792470733542
8,4566,0.000706331413656091,0.38889657430285807,1.6220527822517479,2,4069.6570450666522
8,4603,0.0007063338583147745,0.35218130672393144,1.5951017668223817,2,4213.496261212141
8,4640,0.0008471130341230594,1.353391610285571,3.3507534087597315,2,5086.341154220952
8,4677,0.0007063488046082602,0.40437828144809806,1.6239858799852374,2,4095.4152736400197
8,4701,0.0008462830180766451,1.2670269583117328,3.393074370291528,2,4952.487082234291
8,4714,0.0008473767778774301,1.266309462043175,3.3899095371893937,2,4994.538460521719
8,4738,0.0007316693093172119,0.4825376431537314,1.8878526595917995,2,4274.063958405984
8,4751,0.0007327630691179969,0.4818201468851736,1.8846878264896654,2,4309.37477121692
8,4788,0.0007063956050392485,0.3493140117946656,1.5923736994828797,2,4253.5737749703
8,4812,0.0007053084851326441,0.4032793629106337,1.588649794846657,2,4133.059822446711
8,4825,0.0007064022449334291,0.4025618666420758,1.5854849617445228,2,4114.9044165450205
8,4862,0.0007064075352752874,0.34339716469064463,1.615399493463,2,4228.236023016925
8,4899,0.0008476486176273778,1.35346792178904,3.3583424596959137,2,5086.372102640188
8,4936,0.0007064135118352294,0.41032569929170215,1.6198588728169485,2,4123.380883532829
8,4973,0.0007327547679711812,0.5261203739135579,1.9013479952179209,2,4320.912241587565
8,5010,0.0007327525279067239,0.4825620398987749,1.8998401757541414,2,4238.578236899143
8,5034,0.000706260905809617,0.41154543305041147,1.6248032918282618,2,4147.085390118838
8,5047,0.000707354665610402,0.4108279367818536,1.6216384587261277,2,4115.428933112842
8,5084,0.0007326898075060698,0.48139725233805497,1.8956818986028574,2,4254.771865498702
8,5108,0.0007056153366761821,0.3947386724847878,1.612841473046759,2,4088.5482145573314
8,5121,0.0007067090964769671,0.3940211762162299,1.609676639944625,2,4099.516381138015
8,5145,0.0007060008974875945,0.3968775478319433,1.620390374000298,2,4070.1778156226546
8,5158,0.0007070946572883794,0.3961600515633855,1.617225540898164,2,4088.548487431329
8,5182,0.0007060017495808997,0.3909343512568889,1.6222081119082785,2,4089.825037178478
8,5195,0.0007070955093816847,0.39021685498833103,1.6190432788061444,2,4116.223018175231
8,5219,0.0007060066556093293,0.4072986358227876,1.5999246955832696,2,4143.9016997769195
8,5232,0.0007071004154101143,0.4065811395542297,1.5967598624811354,2,4138.6190325340685
8,5269,0.0007071152436348902,0.405216036125453,1.634938557178018,2,4065.3843498748583
8,5306,0.0007071450254448809,0.407978998267443,1.6245892618187028,2,4085.019009764418
8,5343,0.0007325900649107316,0.5243339115694214,1.8957477558489402,2,4274.540691453887
8,5380,0.0007071709455228513,0.3425808504914464,1.6217475041950038,2,4245.772721983939
8,5417,0.0007071770877212054,0.41368876974038804,1.6155813766319609,2,4099.651627956037
8,5454,0.0007071943138984632,0.4106448479972422,1.5896994159740525,2,4154.430139079465
8,5491,0.0007071983965997639,0.41526091286719924,1.621573663923392,2,4101.86396961174
8,5515,0.0007061442925805562,0.3494954220138129,1.6110385773195433,2,4207.285445329139
8,5528,0.0007072380523813411,0.3487779257452551,1.6078737442174091,2,4244.160613392128
8,5552,0.0007314757691894992,0.48799232197985254,1.884721914320053,2,4257.9369503366
8,5565,0.0007325695289902842,0.48727482571129477,1.881557081217919,2,4299.255684951041
8,5602,0.0007072512955803278,0.39686666693562456,1.6343505104249105,2,4080.9676441061156
8,5626,0.0007061827335903807,0.3509079056318495,1.6155554463950583,2,4189.479824736379
8,5639,0.0007072764933911657,0.3501904093632917,1.6123906132929242,2,4251.856452502818
8,5676,0.000707278866610723,0.3548173724283149,1.6191466034210928,2,4231.145052927812
8,5713,0.0007073205683378443,0.41381078300949214,1.603730808677844,2,4094.709546275071
8,5750,0.0008537748362671675,1.24237986358036,3.5892190588178794,2,4935.6955367785295
8,5774,0.0008527824335240334,1.1992687633357821,3.5604987289909804,2,4925.059655856776
8,5811,0.0007314689119024237,0.5194873472716776,1.8498771023716398,2,4318.272367432678
8,5824,0.0007325626717032086,0.5187698510031197,1.8467122692695057,2,4367.810105702962
8,5848,0.0007315254891931261,0.5233610755665657,1.8684885738786874,2,4237.54576488076
8,5861,0.0007326192489939111,0.5226435792980079,1.8653237407765533,2,4343.1935567961755
8,5898,0.0007326819083608249,0.5266443720028102,1.8918634920386528,2,4304.10928664771
8,5935,0.0007326211320999343,0.5308920153180553,1.8654996636803607,2,4331.799435765407
8,5959,0.0008507453667126014,1.294737240158257,3.4835013940170363,2,4993.817708104671
8,5972,0.0008518391265133864,1.2940197438896992,3.480336560914902,2,5011.852289078782
8,5996,0.0007056265723040308,0.4006453583415258,1.6072521674039064,2,4132.538157145268
8,6009,0.0007067203321048157,0.39992786207296804,1.6040873343017723,2,4113.047837218013
8,6033,0.0007056381189344951,0.41124403211250393,1.6093968369639173,2,4099.191241165564
8,6046,0.0007067318787352801,0.41052653584394616,1.6062320038617832,2,4146.783791582062
8,6083,0.0007067670674223318,0.41260257138220957,1.6221706409465269,2,4137.160637932941
8,6107,0.0007056813767443262,0.38355695908474885,1.6154602400536682,2,4036.2482964551077
8,6120,0.0007067751365451111,0.38283946281619097,1.612295406951534,2,4137.831514386435
8,6144,0.0007056820370189219,0.39969702293391207,1.603785518539438,2,4069.150872376216
8,6157,0.0007067757968197069,0.3989795266653542,1.600620685437304,2,4113.32009059112
8,6194,0.0007068038883945686,0.38231343732343903,1.6254177777754304,2,4085.0104439404718
8,6231,0.0007326628110538813,0.44302250822629985,1.8852539504911843,2,4406.15405185724
8,6268,0.0007068203652250558,0.34814702896953786,1.6192218979935038,2,4226.875841704454
8,6292,0.0007057299353480201,0.39807186089937385,1.6103615921885612,2,4047.0344194356367
8,6305,0.000706823695148805,0.39735436463081597,1.6071967590864271,2,4110.783420668788
8,6329,0.0007057487610585476,0.4094852251487343,1.6202824853973616,2,4135.434899640684
8,6342,0.0007068425208593326,0.40876772888017643,1.6171176522952275,2,4123.67853114036
8,6379,0.0007326526693392559,0.4783339438510743,1.8918308282308465,2,4356.9654678321285
8,6416,0.0007326492917303054,0.5310504725612243,1.8594498360541964,2,4327.286170155071
8,6453,0.0007068844864830903,0.35301210526897175,1.5910524386268572,2,4245.623004788191
8,6477,0.0007315470128476245,0.5129920632089789,1.8744110412731283,2,4271.750799762749
8,6490,0.0007326407726484095,0.5122745669404211,1.8712462081709942,2,4316.506124471234
8,6564,0.000706955281440018,0.3493241422468162,1.666812508752215,2,4173.368305855985
8,6588,0.0007315444580749971,0.5206843921519402,1.8701938270034077,2,4302.654488146005
8,6601,0.0007326382178757821,0.5199668958833823,1.8670289939012736,2,4304.71995731643
8,6638,0.0007069952890244806,0.3561941142403334,1.662649543247392,2,4122.388274719179
8,6712,0.0007326221631108582,0.47169326158409985,1.8936628832507205,2,4268.156524639326
8,6749,0.0007061336409670247,0.3928953074215409,1.6224174463153784,2,4089.053519900518
8,6773,0.0007311504682146233,0.4939926170569693,1.8731074333599622,2,4278.592911502336
8,6786,0.0007322442280154083,0.4932751207884114,1.869942600257828,2,4321.440379041514
8,6823,0.0008647875492547379,1.4854935783488605,3.6578747171248667,2,5092.04409121453
8,6860,0.0007102232335700842,0.42639028887563013,1.6517563907926955,2,4135.362919492945
8,6897,0.0007102374459350532,0.4069727371703231,1.6530137945773395,2,4105.086350454688
8,6934,0.000710240163341463,0.41348512633413637,1.6665414112997654,2,4110.187358534382
8,6971,0.0007102586773233545,0.3875765980847329,1.6584707043604907,2,4078.5060750622392
8,7008,0.0007102709479563313,0.42493498533695806,1.6650640340038037,2,4109.92046967384
8,7045,0.0008760440962993048,1.3584579775398216,3.9619657754186983,2,5044.403337520445
8,7082,0.0007318935299643989,0.5107159983331377,1.8906382843130713,2,4277.845637113077
8,7119,0.0007102996670429181,0.41171889248632787,1.6585325909793107,2,4098.086839037183
8,7156,0.0007103171261629475,0.3888627908774246,1.6618171486846751,2,4103.102841960237
8,7180,0.0007092456836210718,0.40806145884607603,1.6520284610547002,2,4115.295033450109
8,7193,0.0007103394434218568,0.40734396257751815,1.6488636279525661,2,4100.579285705472
8,7230,0.0007103569269918409,0.4012820218921649,1.6562113967713625,2,4117.792711675871
8,7267,0.000731880722582461,0.4216892295857424,1.8697180176604506,2,4441.04638374387
8,7304,0.0007103689566158342,0.36059763295590286,1.6479773495541699,2,4221.65131225799
8,7341,0.0007318806104457699,0.515098812998436,1.8938077635183466,2,4282.450270246405
8,7365,0.0007092939285633427,0.4195087803772968,1.6444710863307765,2,4125.069547728588
8,7378,0.0007103876883641277,0.4187912841087389,1.6413062532286424,2,4166.344900525391
8,7415,0.0007318752491143696,0.4802011527857919,1.8890217956604252,2,4250.031657462244
8,7439,0.0007093126640234451,0.4222072687353038,1.6456922053439618,2,4144.1738174136235
8,7452,0.0007104064238242301,0.4214897724667459,1.6425273722418277,2,4136.418512590142
8,7476,0.0007093128332388365,0.4030354722827131,1.652610049557192,2,4125.4180594596555
8,7489,0.0007104065930396214,0.4023179760141552,1.649445216455058,2,4122.273472972048
8,7526,0.000710455349613854,0.3924879275093096,1.661917511540186,2,4108.023355240113
8,7563,0.0007101935539019237,0.4246891157240543,1.6277216398410927,2,4128.981741754085
8,7600,0.0007104717986116233,0.4230922023087911,1.6594927340609347,2,4139.04571253101
8,7637,0.0007101837806320502,0.4229212685698629,1.6195769371388127,2,4172.972820100575
8,7661,0.0007308341988485761,0.5120317901326121,1.8683121962409108,2,4259.80634964495
8,7674,0.0007319279586493611,0.5113142938640542,1.8651473631387767,2,4307.26435565703
8,7698,0.0007308984418063623,0.49179372631950313,1.8768940964471073,2,4221.225848433627
8,7711,0.0007319922016071473,0.49107623005094525,1.8737292633449731,2,4304.893819760454
8,7748,0.0007099603000939707,0.36206171203461235,1.6389857644455919,2,4246.3168440449235
8,7772,0.0007308858443559114,0.4342025176372387,1.8728103623671168,2,4385.569397493723
8,7785,0.0007319796041566964,0.43348502136868083,1.8696455292649827,2,4422.75514627546
8,7809,0.0008731685502031685,1.4955403461711452,3.8502402389600245,2,5093.1077335306645
8,7822,0.0008742623100039535,1.4948228499025873,3.84707540585789,2,5070.903435685643
8,7846,0.0007308832770390771,0.5113043988112846,1.871879258997739,2,4260.473126750034
8,7859,0.0007319770368398621,0.5105869025427268,1.868714425895605,2,4287.78007315998
8,7883,0.0007308784786106752,0.5098411693622041,1.8582471826217861,2,4271.156257832212
8,7896,0.0007319722384114602,0.5091236730936463,1.855082349519652,2,4323.723372622176
8,7933,0.0007319713647847921,0.5159969444643634,1.8933192223358555,2,4272.179549409787
8,7970,0.0007100611276176786,0.42398657650987104,1.6357116808075212,2,4124.624232288097
8,8007,0.0007100622951355537,0.4039129875438614,1.6561388149050362,2,4083.3201432220544
8,8031,0.000708980264369182,0.40908332050582685,1.6338653535482879,2,4089.952322297614
8,8044,0.000710074024169967,0.4083658242372691,1.6307005204461538,2,4152.898167536705
8,8068,0.0007308633082387764,0.5015691192024468,1.8754240804460107,2,4254.881102411501
8,8081,0.0007319570680395614,0.500851622933889,1.8722592473438766,2,4287.550454175237
8,8105,0.0007308615701596987,0.5003009716597618,1.8842783550827595,2,4206.594181685017
8,8118,0.0007319553299604837,0.49958347539120407,1.8811135219806254,2,4276.353904616141
8,8142,0.0007089869664993108,0.42290165216388165,1.6508399594101548,2,4104.179116551982
8,8155,0.0007100807263000958,0.42218415589532376,1.6476751263080207,2,4123.284154454665
8,8192,0.0007101148312953481,0.3969170989765948,1.6581220601898718,2,4067.6403104679184
8,8229,0.000710116443444882,0.41843437287808194,1.6653455549463487,2,4109.699521409723
8,8253,0.0007308541687721306,0.521745452719754,1.857171986672371,2,4286.354480716489
8,8266,0.0007319479285729155,0.5210279564511962,1.854007153570237,2,4344.226741125343
8,8303,0.0007101231755592679,0.3598998045968862,1.6973595129257115,2,4197.085922370207
8,8340,0.0007319426718164681,0.48502315264541407,1.8818098535956078,2,4249.084852258622
8,8377,0.0007101334891496966,0.4084910886481018,1.6590450252255775,2,4089.367503380497
8,8414,0.0007101514836442564,0.3511112129137638,1.6521628573674048,2,4259.79087185187
8,8451,0.0007099425327165104,0.4120793251241216,1.6595701039209843,2,4164.134237055559
8,8475,0.000709386901740563,0.4094861197673757,1.6443664220012515,2,4132.100509703078
8,8488,0.000710480661541348,0.40876862349881793,1.6412015888991174,2,4142.952573000873
8,8525,0.0007105096283616334,0.36016225108209066,1.650920000019696,2,4225.820628661335
8,8562,0.0007109056706770171,0.42365871556152634,1.6641712447784522,2,4136.753919796796
8,8599,0.0007109251406740426,0.43044541977954187,1.6446186568652097,2,4190.888620455818
8,8636,0.0008803518014128832,1.644706935898637,3.941480871297718,2,5135.610969836931
8,8673,0.0007109705514707876,0.36796772111259146,1.704875957681063,2,4128.652816603012
8,8710,0.0008805112297997365,1.5016997244245158,4.02786573995236,2,5110.876876645708
8,8747,0.0008805442364495969,1.7352859624951715,3.8870242809005715,2,5190.711445202534
8,8784,0.0007109879920171319,0.40319638501565613,1.6613031196244636,2,4139.062418486359
8,8821,0.0007109963964249767,0.4266081496189059,1.6741772606545278,2,4116.87695517428
8,8845,0.0007099081740104081,0.41944093538018834,1.6423305042957825,2,4125.201424973772
8,8858,0.000711001933811193,0.41872343911163046,1.6391656711936484,2,4197.958653740958
8,8882,0.0007306574377210034,0.5078590557148233,1.8755800358037653,2,4254.2889103777
8,8895,0.0007317511975217884,0.5071415594462654,1.8724152027016312,2,4295.094834626717
8,8919,0.0007306513450600846,0.5189945978105415,1.8495420891055636,2,4302.840315993207
8,8932,0.0007317451048608696,0.5182771015419836,1.8463772560034295,2,4338.715052529102
8,8969,0.0007110775665571976,0.3978136160222636,1.6713683542227522,2,4123.8883357436525
8,9006,0.0007110942135679676,0.3990659858855372,1.6696266285166013,2,4111.072710114886
8,9030,0.00071000178039215,0.4157096827845568,1.6586868546474824,2,4095.819099432179
8,9043,0.000711095540192935,0.4149921865159989,1.6555220215453483,2,4167.873837944676
8,9080,0.000711104735448425,0.42938738330497794,1.6655159719482149,2,4154.789169774708
8,9117,0.0007111048122592545,0.36739909441705976,1.6435507234789823,2,4257.413295437252
8,9154,0.000881327288944275,1.5745007426167876,3.999217142793117,2,5122.907279267704
8,9191,0.0007111280777172096,0.3939066067676653,1.6700396040710606,2,4124.278520384896
8,9228,0.0008814324725606154,1.6794059396192451,3.945348462459233,2,5175.4486793217375
8,9252,0.0007097752799562752,0.4163587925651353,1.6563028256519507,2,4120.960145259779
8,9265,0.0007108690397570602,0.4156412962965774,1.6531379925498166,2,4121.82468503256
8,9289,0.0007307618711357179,0.5018380560735504,1.8562076787554052,2,4292.388571645764
8,9302,0.0007318556309365029,0.5011205598049926,1.853042845653271,2,4330.088234504434
8,9326,0.0007097379277349777,0.42764116488076864,1.6532347328267676,2,4105.192812513882
8,9339,0.0007108316875357627,0.42692366861221076,1.6500698997246335,2,4167.668002138195
8,9376,0.0007107719104568398,0.4279547073854385,1.6669331594328909,2,4149.211968585532
8,9400,0.0007307606025229154,0.505807630186645,1.8689707053825517,2,4241.959205175126
8,9413,0.0007318543623237003,0.5050901339180871,1.8658058722804176,2,4280.904489711544
8,9437,0.0008764756800804143,1.4630792095247966,3.970422803692376,2,5039.680693774577
8,9450,0.0008775694398811993,1.4623617132562388,3.9672579705902415,2,5102.836574512649
8,9474,0.0007094572589642766,0.35739285511756713,1.6437906362054402,2,4201.512028907854
8,9487,0.0007105510187650616,0.35667535884900925,1.640625803103306,2,4267.323031381999
8,9524,0.0007105692547356191,0.4155978498757915,1.664153193975477,2,4113.382802835258
8,9561,0.0007105723634131983,0.40679333618201374,1.656390138432711,2,4155.727330666102
8,9598,0.0007105763747918143,0.36587438021291263,1.6944983926923374,2,4205.110233774274
8,9635,0.0007318440244628819,0.4870203461254199,1.8906142286943786,2,4202.169457127213
8,9672,0.000710588389393556,0.4294028687590783,1.6494251825023807,2,4127.111733005988
8,9696,0.0007095241641672182,0.4098259448368001,1.6569819128042194,2,4131.240365684746
8,9709,0.0007106179239680032,0.40910844856824224,1.6538170797020852,2,4095.2000150979375
8,9746,0.000710652964088637,0.3576867410896948,1.659076958240955,2,4262.978627061754
8,9770,0.0007307251272171256,0.42841634830927033,1.8685914658140685,2,4378.362217669415
8,9783,0.0007318188870179106,0.42769885204071245,1.8654266327119344,2,4403.918951699233
8,9820,0.0008787450767583657,1.491907828562147,3.976739302159856,2,5104.1163752116945
8,9857,0.0007107061369945462,0.36423919689613227,1.6384912759595167,2,4276.8945397754005
8,9894,0.0007318119944525671,0.5187741371295049,1.8900816372625104,2,4315.975601382259
8,9918,0.0007096258160330415,0.41528441859682264,1.6529673470908892,2,4099.252929339861
8,9931,0.0007107195758338264,0.41456692232826486,1.649802513988755,2,4126.69312949697
8,9955,0.0007307171988110792,0.5100095415098633,1.8486085334958957,2,4298.459185113246
8,9968,0.0007318109586118642,0.5092920452413054,1.8454437003937616,2,4334.088552887235
8,9992,0.0007096409834526354,0.4055352552602348,1.658388168402657,2,4104.84054746378
8,10005,0.0007107347432534204,0.40481775899167705,1.6552233353005228,2,4109.109576896521
8,10029,0.0007096551893329219,0.41198160964614194,1.6463712073664554,2,4095.222650855777
8,10042,0.0007107489491337068,0.4112641133775842,1.6432063742643213,2,4178.878461378029
8,10066,0.0007307097701689111,0.5057465960108048,1.858345057380041,2,4267.065024349233
8,10079,0.0007318035299696961,0.505029099742247,1.855180224277907,2,4322.657418408467
8,10116,0.0007108190362445537,0.3653027903989208,1.6540526629608896,2,4258.668629616219
8,10140,0.0007076591899595184,0.41557320510387763,1.620944716349814,2,4106.102712948125
8,10153,0.0007087529497603034,0.41485570883531975,1.61777988324768,2,4154.69256580573
8,10177,0.0007088324628781368,0.42282095825747656,1.6366831334861063,2,4096.114745658129
8,10190,0.0007099262226789218,0.4221034619889188,1.6335183003839722,2,4124.177707215431
8,10227,0.0008735419663114842,1.4275050579140938,3.9131275770239853,2,5062.325603032221
8,10251,0.0007080549969635614,0.41233519204100055,1.6420772399031176,2,4118.645980878583
8,10264,0.0007091487567643463,0.41161769577244267,1.6389124068009835,2,4070.3714370488474
8,10301,0.000709158933181589,0.4155416673072906,1.6495352949982074,2,4101.744869927191
8,10325,0.0007310640269019618,0.5159283342853397,1.8470245207661893,2,4336.50300815395
8,10338,0.0007321577867027468,0.5152108380167818,1.8438596876640552,2,4331.607890742998
8,10375,0.000709173012360161,0.3549348599272948,1.63784524753494,2,4258.458597624493
8,10412,0.0008680389023954861,1.449837469857674,3.7573005766904193,2,5094.21457471529
8,10436,0.0007081223513299529,0.4184073247960405,1.6395610277803616,2,4119.730533765086
8,10449,0.0007092161111307379,0.4176898285274827,1.6363961946782275,2,4101.1305438784175
8,10486,0.000709232961160659,0.42086192024640634,1.649434341175571,2,4151.553276761572
8,10510,0.0007081476073510398,0.4168701644761261,1.6314328614100686,2,4156.1805480852545
8,10523,0.0007092413671518248,0.41615266820756824,1.6282680283079345,2,4127.31602217776
8,10560,0.0008683691594111085,1.4242670672339774,3.791024871139253,2,5044.725747104669
8,10597,0.0007321346877628373,0.4380392296579442,1.8618241020786825,2,4451.681246724144
8,10671,0.0007092717351964333,0.4151306383839434,1.6462613128552253,2,4121.1622718517165
8,10708,0.0007093136209588753,0.3608438458746782,1.6851941346790549,2,4166.582941567127
8,10745,0.000709315258665511,0.36052182210294104,1.6421786089047263,2,4230.430267162051
8,10782,0.0007093298358883414,0.4232982709022257,1.6583947049854817,2,4123.005731407929
8,10819,0.0007093442688382911,0.35581757255682533,1.6348964236087489,2,4242.696503939358
8,10843,0.0007082674924743947,0.4104337561037016,1.6381122161059927,2,4121.18528336203
8,10856,0.0007093612522751796,0.4097162598351437,1.6349473830038586,2,4119.999259349251
8,10893,0.0008691527476291944,1.355108663927258,3.847535848299714,2,4997.426682732424
8,10917,0.0007083073269758929,0.42007490921680424,1.616234130341152,2,4118.524891770469
8,10930,0.0007094010867766779,0.41935741294824636,1.613069297239018,2,4186.630690730328
8,10967,0.0007091183601327623,0.40955765545499623,1.646476196892973,2,4132.631678289081
8,11004,0.0007094096671109945,0.4079102484211239,1.648874488542872,2,4090.978828797434
8,11028,0.0007079903160057947,0.4120497832349014,1.6402350438931923,2,4099.608150456825
8,11041,0.0007090840758065797,0.4113322869663435,1.6370702107910582,2,4079.642326554291
8,11078,0.0007090720284923894,0.3580479867833899,1.6373255096069845,2,4260.968420154939
8,11102,0.0007076965873823048,0.41086053435237946,1.628419554466763,2,4083.31175866969
8,11115,0.0007087903471830897,0.4101430380838216,1.625254721364629,2,4132.683274967743
8,11139,0.0007311401446384992,0.49000352160369864,1.875698502726698,2,4280.602599249249
8,11152,0.0007322339044392842,0.4892860253351409,1.8725336696245638,2,4328.337554583312
8,11189,0.0007088148840392157,0.35702836192195175,1.6147876482564816,2,4268.714844754585
8,11213,0.0007311353245038338,0.5186100574646583,1.876473474514771,2,4239.778116872821
8,11226,0.0007322290843046188,0.5178925611961004,1.873308641412637,2,4314.5939394261595
8,11250,0.0007311255847359579,0.515377580571423,1.8682434464564748,2,4302.257781179947
8,11263,0.0007322193445367429,0.5146600843028651,1.8650786133543407,2,4305.722498853568
8,11300,0.0007088944093600441,0.4240854891900143,1.6528599338972683,2,4133.845182925766
8,11337,0.000708904658061784,0.41033610116298236,1.649449699512048,2,4075.7269771609717
8,11374,0.0007089102988094869,0.42191739114223237,1.6315540619251505,2,4099.758311928255
8,11411,0.0007089117398320633,0.35483133340755124,1.6314773400308895,2,4239.374469693611
8,11435,0.0007311192810257995,0.5183777346961121,1.863307289979937,2,4314.139908502421
8,11448,0.0007322130408265845,0.5176602384275543,1.8601424568778029,2,4310.25671317077
8,11485,0.0007089270304606215,0.3986860230438707,1.6394467540994626,2,4082.4205265039564
8,11522,0.0007089458300217063,0.4201332000691065,1.6468196886908775,2,4146.175190538319
8,11559,0.000708959271671922,0.35649556460023957,1.6876525211269269,2,4184.461168232645
8,11583,0.0007079248865821229,0.4131673023364054,1.635462640705997,2,4110.33476937096
8,11596,0.0007090186463829079,0.41244980606784754,1.6322978076038628,2,4129.689575284436
8,11633,0.0007321900861847067,0.4249813988533727,1.8805935080284986,2,4417.27618286463
8,11670,0.0008669390466701036,1.3505380944674055,3.8007450809514265,2,5016.640163738032
8,11707,0.0007090648397864447,0.4035775898263696,1.642641215466167,2,4103.912203423159
8,11731,0.0007079779719069008,0.4073460213091564,1.6285495379742088,2,4048.5582695934577
8,11744,0.0007090717317076858,0.40662852504059854,1.6253847048720746,2,4171.585821511623
8,11781,0.0008671041162235153,1.4155044045375624,3.767108074899279,2,5057.8911539173
8,11805,0.0007079861656967165,0.405110634326449,1.6253919792320155,2,4104.20949634406
8,11818,0.0007090799254975015,0.40439313805789123,1.6222271461298814,2,4145.6361369437345
8,11855,0.0007320055622175469,0.4355724974074604,1.8766640303711617,2,4387.51679797974
8,11892,0.0007094122542610156,0.42466134541399003,1.6383265513304355,2,4113.745504844693
8,11916,0.0007309982740571025,0.5137240638911582,1.885293844340748,2,4272.560670746454
8,11929,0.0007320920338578875,0.5130065676226003,1.882129011238614,2,4265.083968866315
8,11966,0.0007096850647818724,0.41523259616626307,1.6519081696258944,2,4119.081149717949
8,11990,0.0007085939126619431,0.41170794025334045,1.6268095569852152,2,4117.807762399074
8,12003,0.000709687672462728,0.41099044398478257,1.6236447238830811,2,4147.434748621807
8,12040,0.0007320406498352356,0.4878377764455051,1.8883490275564652,2,4239.733238029725
8,12064,0.0007086210555424644,0.3562695014006523,1.6370641119700242,2,4197.312303935067
8,12077,0.0007097148153432494,0.3555520051320945,1.63389927886789,2,4247.1573127198635
8,12114,0.0008718823909136228,1.4658755336210476,3.830903479397745,2,5032.680483393516
8,12138,0.0007086290136535434,0.40184692571574765,1.6381481778897113,2,4083.448757429725
8,12151,0.0007097227734543283,0.40112942944718977,1.6349833447875772,2,4126.2026478491725
8,12188,0.000732038355458398,0.5046897035445345,1.8863907269156521,2,4271.093611151533
8,12225,0.0007097262448767922,0.41368873112652904,1.6553402007814884,2,4053.693119548476
8,12262,0.0007097351411040516,0.3597157654569365,1.6906724130538677,2,4200.675842071723
8,12286,0.000708642751060145,0.4196081453298677,1.640761122469635,2,4147.316832276136
8,12299,0.0007097365108609299,0.4188906490613099,1.637596289367501,2,4130.1196567250345
8,12336,0.0007097611063190426,0.3590865880567087,1.6958604212317223,2,4179.301935091385
8,12360,0.0007086798659687726,0.4055578564977773,1.6483361634796576,2,4037.2571090882348
8,12373,0.0007097736257695576,0.40484036022921943,1.6451713303775235,2,4139.907137875134
8,12397,0.0007087062372236136,0.4136505331012458,1.6527486776613287,2,4112.557517387906
8,12410,0.0007097999970243986,0.412933036832688,1.6495838445591946,2,4102.282685341093
8,12447,0.0007320215591139556,0.4333030269907352,1.8765313604083398,2,4399.324402520341
8,12484,0.0007098153963263407,0.3510912557315182,1.7008765632248604,2,4193.482846442937
8,12508,0.0007087407064346884,0.42226741469608375,1.6318472691077675,2,4122.9049171493425
8,12521,0.0007098344662354734,0.42154991842752587,1.6286824360056333,2,4132.465931214779
8,12595,0.0008731164336411222,1.4370365821513116,3.8906299776872086,2,5060.127756098116
8,12632,0.0007098561778443747,0.3572535227937206,1.6914633937751178,2,4211.276224056984
8,12656,0.0007085855294639564,0.4158764826857958,1.6469342321125844,2,4091.830716838298
8,12669,0.0007096792892647413,0.41515898641723803,1.6437693990104503,2,4160.378830553065
8,12706,0.0007321045676326733,0.5154071779588266,1.8860984090455977,2,4278.709304323525
8,12743,0.0007320543807044283,0.4833369821899396,1.881266340598808,2,4306.338177658761
8,12780,0.0007096299610101425,0.4257888592915816,1.6613840803226227,2,4138.004384920209
8,12804,0.0007083748739605091,0.39819996426517057,1.6377810445854906,2,4083.663972856401
8,12817,0.0007094686337612941,0.3974824679966127,1.6346162114833565,2,4143.824802660775
8,12841,0.000708386448935638,0.40822506714869,1.6287364021839177,2,4084.9747915173953
8,12854,0.000709480208736423,0.4075075708801321,1.6255715690817836,2,4190.176079758714
8,12878,0.0007083877197684464,0.4119526447463263,1.6228933687837324,2,4122.451357202366
8,12891,0.0007094814795692314,0.41123514847776843,1.6197285356815982,2,4195.910047504289
8,12928,0.0008702247102670627,1.5599570637155382,3.745582951753365,2,5133.01189511565
8,13002,0.0007094894925214469,0.35953511171997254,1.622075948915131,2,4274.580424682575
8,13026,0.0007309868763233622,0.49761728194913535,1.883444690201857,2,4271.1482590485675
8,13039,0.0007320806361241471,0.49689978568057747,1.8802798570997228,2,4270.214039284118
8,13076,0.0008702687398529254,1.4184474665562992,3.841021383368561,2,5047.253082585923
8,13113,0.0007094993816332676,0.42359688636664117,1.6188430792282908,2,4175.915469220589
8,13137,0.0007084162096198433,0.4200377107406915,1.6464546674693719,2,4137.950296516567
8,13150,0.0007095099694206283,0.41932021447213363,1.6432898343672377,2,4093.5047210416637
8,13187,0.0007320755520118264,0.4333255023449788,1.942592281592975,2,4303.833916853953
8,13224,0.0007095234264316857,0.40707379046513936,1.6584777896273524,2,4057.619385094833
8,13261,0.0007095264821772898,0.4193157384231957,1.6595447296681891,2,4120.34357121288
8,13298,0.0007095269345875226,0.35722532843197585,1.6866336337033272,2,4220.718296588737
8,13335,0.0007095545567978578,0.34935105348274065,1.6442824627016652,2,4257.805718438015
8,13372,0.0007095727096062332,0.3929681899301348,1.6459870879020877,2,4141.740770424978
8,13396,0.0007085109128905638,0.4124505685892865,1.6257341283046307,2,4101.211435261756
8,13409,0.0007096046726913488,0.41173307232072864,1.6225692952024966,2,4166.744926648077
8,13446,0.0007096147766886251,0.34892452604120516,1.64840359020747,2,4250.223217127176
8,13483,0.0008710388541257469,1.5128764996521946,3.796757782860097,2,5076.617086037279
8,13520,0.0007320544730039806,0.44058620860077136,1.8642651818086025,2,4430.562520809927
8,13557,0.0007317312048286806,0.47728563400921964,1.8853458377989212,2,4235.82259796309
8,13594,0.0007061190904727162,0.4119172328069498,1.6164471433081042,2,4098.873203598483
8,13618,0.0007317465776880035,0.5244266798323055,1.8679900375520413,2,4287.75484433031
8,13631,0.0007328403374887884,0.5237091835637476,1.8648252044499072,2,4341.578378276552
8,13668,0.0007336302805450149,0.43264229822958455,1.894569585380188,2,4407.418860061343
8,13705,0.0007021823953659695,0.33125933368790716,1.5711146150196078,2,4183.7339216638175
8,13742,0.0007021849467362273,0.3714502883550812,1.5821283155318888,2,4032.575951832105
8,13779,0.0007336213858886388,0.47729917138415756,1.9080676220452883,2,4236.302985182876
8,13816,0.0007022231284179551,0.3708924478418436,1.576187896481324,2,4009.670432001182
8,13840,0.0007011452650781935,0.3850231871391161,1.5578572053177084,2,4077.4690531420474
8,13853,0.0007022390248789784,0.3843056908705583,1.5546923722155743,2,4092.807211861323
8,13890,0.0007022415121334569,0.3401757578112107,1.5752607984580616,2,4146.044289823933
8,13927,0.0007022518408261125,0.3395166824171909,1.542817399497355,2,4227.200992127389
8,13964,0.0007336100947437554,0.42656348710739656,1.9717051954603912,2,4339.190064333753
8,13988,0.0007011680680021608,0.3876644146572936,1.5498457729959119,2,4078.2314164427976
8,14001,0.0007022618278029458,0.38694691838873585,1.5466809398937778,2,4093.922654209872
8,14038,0.0007022765809349037,0.3376349900448943,1.5528054578099677,2,4217.470713010624
8,14062,0.0007012056777497088,0.39279090817834816,1.5665936960683449,2,4044.5761665371047
8,14075,0.0007022994375504938,0.3920734119097904,1.5634288629662108,2,4100.926493263903
8,14112,0.0007023341941549586,0.3945739602751168,1.5826590208267806,2,4069.5057795986677
8,14149,0.0007023500103348483,0.38058575327412425,1.5782678771036311,2,4030.844595595126
8,14186,0.0008156248765423536,1.0095291099727455,2.9457272639795353,2,4801.006691607585
8,14223,0.0007335952031887703,0.44339767667818564,1.9002892937159377,2,4387.069279896854
8,14260,0.0008159754159217634,1.0856139601242447,2.869560494853848,2,4953.807590560322
8,14284,0.0007012936729551658,0.3689299551644838,1.5729787264808859,2,4032.1596828713778
8,14297,0.0007023874327559508,0.3682124588959259,1.5698138933787518,2,4093.7391981854953
8,14334,0.0007335945954501047,0.49345545402334523,1.9081847223704609,2,4226.259078818903
8,14371,0.0007021493636920971,0.3929089283515752,1.5768139432770556,2,4059.1784847642134
8,14408,0.0007024422227550925,0.39698442682752155,1.5842532266231466,2,4055.2353209514235
8,14445,0.0007021459487196948,0.33895188066088644,1.6068359015319997,2,4162.858486272787
8,14482,0.0007336321538231606,0.5312360357393144,1.9006710560767548,2,4300.510316981685
8,14519,0.000701831103330386,0.39215593005817917,1.5597705365633028,2,4068.6482421331775
8,14580,0.0007007891100251912,0.38923807814052913,1.5549947608256989,2,4034.385579403311
8,14593,0.0007018828698259761,0.38852058187197136,1.5518299277235648,2,4101.149125083691
8,14617,0.0007007955895482834,0.37839910326692894,1.569396404042458,2,4037.6234714618977
8,14630,0.0007018893493490684,0.37768160699837117,1.5662315709403238,2,4055.213348115247
8,14654,0.0008104533394458103,0.9197847638841418,2.880704838932693,2,4770.3963014324945
8,14691,0.0007325850185234596,0.5069783824075357,1.8844897543551664,2,4283.6245750347125
8,14704,0.0007336787783242446,0.5062608861389778,1.8813249212530323,2,4373.080705729985
8,14741,0.0007019065920353039,0.37363724245267915,1.568165697317796,2,4043.0700422511886
8,14778,0.0008124666838194532,0.8910515124220976,2.9153752620030278,2,4732.070825921229
8,14802,0.0007008655632147535,0.37835801756924947,1.5713726969027617,2,4012.8438214935
8,14815,0.0007019593230155385,0.3776405213006916,1.5682078638006276,2,4060.4928293192347
8,14852,0.0008126284867873129,1.0235100674157556,2.860250478829328,2,4761.830053715162
8,14889,0.0007019852246694868,0.3306444495852373,1.5635708221087037,2,4194.137876699538
8,14950,0.0007009014872842176,0.3872224165238204,1.5661908903052428,2,4065.56938201031
8,14963,0.0007019952470850026,0.3865049202552626,1.5630260572031087,2,4091.223511137088
8,14987,0.0007009245169559376,0.3730500413659157,1.5713779912911712,2,4020.8903404626153
8,15000,0.0007020182767567226,0.3723325450973578,1.568213158189037,2,4062.786816798429
8,15037,0.0007336556002393345,0.5192752403294858,1.9066577860550085,2,4284.0832121827725
8,15061,0.0008119769538152912,0.9591717699263523,2.8929080666389533,2,4797.058410448886
8,15074,0.0008130707136160762,0.9584542736577945,2.889743233536819,2,4824.521422553419
8,15098,0.0008127701645804611,1.01948918604792,2.878156091922904,2,4783.986119059644
8,15111,0.0008138639243812461,1.0187716897793622,2.87499125882077,2,4814.017523829698
8,15148,0.0007336365591619731,0.5033660175636401,1.9054492683687347,2,4254.515422997976
8,15222,0.0007021388649747218,0.33917289119078264,1.5692459227744842,2,4185.797920837971
8,15259,0.0008106968628751678,0.9924265556871034,2.860450323809919,2,4726.987275885126
8,15296,0.0007335887677001721,0.5151010944237264,1.9096639621509597,2,4268.437834575139
8,15333,0.0007024666441970834,0.39843465715423976,1.5870482177741874,2,4072.2003898405615
8,15370,0.0007028465208533691,0.33443183547728317,1.5743152134157072,2,4186.943344041962
8,15407,0.0007028504857096487,0.3393362656278417,1.5632127656843882,2,4195.246931950073
8,15431,0.0008190274962746651,1.0543457186446716,2.9701641479385636,2,4845.43941069187
8,15444,0.0008201212560754501,1.0536282223761138,2.9669993148364293,2,4826.400943480311
8,15481,0.0007029139065479062,0.3949419863756738,1.5605143662254068,2,4114.742617618313
8,15505,0.000732411955913764,0.5261548756082691,1.8615777918299632,2,4358.573823724163
8,15518,0.000733505715714549,0.5254373793397112,1.858412958727829,2,4314.987401918281
8,15555,0.0007334978740278248,0.5010659926902905,1.9052133704319936,2,4254.1023441156285
8,15592,0.0007029828179332565,0.3970415027248064,1.5552021500605977,2,4149.579813994325
8,15629,0.0007029857546862771,0.39524826388476786,1.5882374352511326,2,4058.9635930641102
8,15653,0.0007323966434633375,0.5295113880939303,1.8556590978018943,2,4368.418222800273
8,15666,0.0007334904032641225,0.5287938918253724,1.8524942646997602,2,4353.086488370911
8,15703,0.0007030075631361181,0.33828193463476575,1.5778291815148189,2,4197.184347551256
8,15727,0.0007323931257965358,0.4975420286508082,1.8967116945449776,2,4266.544174787937
8,15740,0.0007334868855973207,0.49682453238225044,1.8935468614428435,2,4310.977195744917
8,15777,0.0007030389314228975,0.3817920773372112,1.5802438902152853,2,4053.231117486433
8,15801,0.0007323852237754539,0.5064457531728851,1.8900307100403846,2,4260.174485559435
8,15814,0.0007334789835762389,0.5057282569043272,1.8868658769382505,2,4324.363223992661
8,15838,0.0007323849445416492,0.5207480704238624,1.882372722581085,2,4315.916524348985
8,15851,0.0007334787043424342,0.5200305741553045,1.8792078894789508,2,4336.143340909159
8,15912,0.000702018763586445,0.3823813586039604,1.5775566955776137,2,4076.6724661584385
8,15925,0.00070311252338723,0.3816638623354026,1.5743918624754796,2,4066.6952532878186
8,15949,0.0007020220910967598,0.38254596838374644,1.571003187298043,2,4057.8405021039584
8,15962,0.0007031158508975447,0.38182847211518867,1.567838354195909,2,4068.3712945773686
8,15999,0.0007031173281748162,0.33569065360493067,1.5834997780583933,2,4172.969242904899
8,16036,0.000733458287107305,0.5328740303321787,1.8552184812374655,2,4365.283047136258
8,16060,0.0007017294876527718,0.3948128557664996,1.581332553273498,2,4055.017009964711
8,16073,0.0007028232474535568,0.3940953594979417,1.578167720171364,2,4090.177721730041
8,16110,0.000702457025831421,0.34097461107063476,1.5653063958599,2,4185.902562468458
8,16147,0.0007028086010105176,0.3729153263773294,1.5796813206320994,2,4045.871896008145
8,16171,0.0007016815339230808,0.38453663685729034,1.560262480658755,2,4090.8861824180553
8,16184,0.0007027752937238658,0.38381914058873257,1.557097647556621,2,4113.870134229604
8,16208,0.0007014085688505356,0.3841490132862505,1.5714592213338832,2,4040.00827784769
8,16221,0.0007025023286513206,0.3834315170176926,1.568294388231749,2,4081.464447283711
8,16245,0.0007014851564401742,0.3859448402809379,1.5612541061698877,2,4081.418045105408
8,16258,0.0007025789162409592,0.38522734401238,1.5580892730677536,2,4092.2467677220693
8,16295,0.0007025822762565218,0.38808640141122863,1.5839878561664713,2,4045.0912209662183
8,16319,0.0007015015740732382,0.3349148659936241,1.5662728266215944,2,4161.017419638604
8,16332,0.0007025953338740231,0.3341973697250662,1.5631079935194603,2,4211.59065389687
8,16369,0.0007025987571324257,0.3968007527377516,1.5900678238115549,2,4067.7340302817765
8,16406,0.0007335707218949244,0.5323489266946441,1.8931231654552672,2,4295.587987241732
8,16443,0.0007335700195180097,0.5335077457453966,1.8993531753767887,2,4301.61979070743
8,16480,0.0007026063415781021,0.33971231517996525,1.6136020188082496,2,4149.190050213618
8,16517,0.000733559098872973,0.531029852322248,1.8889308459167928,2,4321.938591093774
8,16554,0.0007026674795059727,0.3873730345430272,1.5802039268739214,2,4051.4648486020633
8,16578,0.0007015810998063868,0.39269748366850177,1.5677962459809218,2,4099.2252770184605
8,16591,0.0007026748596071718,0.391979987399944,1.5646314128787877,2,4047.6746275151722
8,16628,0.0007026757935176929,0.3948425691132371,1.551787158948999,2,4113.069184959455
8,16665,0.0008185970263134403,1.0033803754914643,3.003193915420827,2,4768.197185207581
8,16702,0.0007026890407157558,0.39240927593258235,1.5831428562292242,2,4052.665024614771
8,16739,0.0007027273080757344,0.3668089878921721,1.582223257335371,2,4051.3824073369706
8,16763,0.000732454596130402,0.5027928237800897,1.8986316325414445,2,4253.86797111587
8,16776,0.000733548355931187,0.5020753275115318,1.8954667994393104,2,4270.946430762388
8,16813,0.0007335472615902776,0.5348448195288711,1.8869088236798177,2,4290.363058462963
8,16837,0.0007016585131064034,0.3823474810234607,1.565569578056374,2,4064.0721466674454
8,16850,0.0007027522729071883,0.38162998475490295,1.56240474495424,2,4126.6038643256115
8,16887,0.0007335420011826735,0.47737606441741287,1.9045961955091504,2,4271.443949308406
8,16924,0.0008198186826622381,1.070393095488924,2.9697328444435915,2,4782.36927932565
8,16948,0.0007020521622446044,0.3931403794026088,1.585255211493295,2,4033.0719892213206
8,16961,0.0007031459220453893,0.39242288313405105,1.5820903783911608,2,4084.0335594279813
8,16998,0.0007017756346807239,0.39234175628026213,1.5538682646065376,2,4080.847009750177
8,17022,0.0007005981526239302,0.38182659838709954,1.5586923279953364,2,4075.4299044667805
8,17035,0.0007016919124247152,0.38110910211854165,1.5555274948932023,2,4067.102982437898
8,17072,0.0007008597428587398,0.3711150603337483,1.5686041324928166,2,4033.9497112453414
8,17109,0.0007008656626422276,0.33731338620006635,1.5924375246667182,2,4101.678150479025
8,17133,0.000699782856840261,0.3837454090938769,1.5450671779380205,2,4085.0657397013338
8,17146,0.000700876616641046,0.3830279128253191,1.5419023448358864,2,4034.958357892315
8,17170,0.0007327975460193844,0.5257970398406675,1.8754003300619668,2,4315.549910589185
8,17183,0.0007338913058201694,0.5250795435721096,1.8722354969598327,2,4373.72907091358
8,17207,0.000699793037515973,0.3736102870564456,1.5520092171323687,2,4054.206319379168
8,17220,0.0007008867973167579,0.37289279078788773,1.5488443840302346,2,4078.078638525028
8,17257,0.0007338853411676955,0.48699134994043836,1.9052147340798524,2,4297.215974523109
8,17294,0.0007009666497528507,0.3572408065206024,1.5627473915630798,2,4038.1170715246485
8,17331,0.0007009908231790553,0.3338551297145602,1.5594907196419674,2,4138.819877615348
8,17368,0.0007010239859850504,0.3839068965607557,1.5652801668220995,2,4056.4791584506656
8,17392,0.0008022351890671969,0.870182830317202,2.7617437367005198,2,4723.22200917074
8,17405,0.0008033289488679819,0.8694653340486441,2.7585789035983854,2,4724.105087629763
8,17429,0.0006999459203238091,0.3713476141132295,1.5537645769519375,2,4048.1933964947234
8,17442,0.0007010396801245941,0.3706301178446716,1.5505997438498034,2,4060.121165229835
8,17479,0.0007338527107974312,0.5316727373314598,1.8759897031443653,2,4354.274128969622
8,17503,0.0007327569204530099,0.5265026377718155,1.8938951039897132,2,4288.203457770921
8,17516,0.0007338506802537949,0.5257851415032576,1.890730270887579,2,4350.020768451256
8,17540,0.0007327505538205684,0.44221942151295557,1.8868567111064443,2,4399.222096459813
8,17553,0.0007338443136213534,0.4415019252443977,1.8836918780043101,2,4467.951293010181
8,17577,0.0006999845771770012,0.38095352639911373,1.563690065958265,2,4055.477100561014
8,17590,0.0007010783369777862,0.38023603013055585,1.560525232856131,2,4060.662551470234
8,17664,0.0007011028062320383,0.388849764649541,1.5336245391929397,2,4106.407416385175
8,17701,0.0007011057442143061,0.38905878019029494,1.5409729652521298,2,4051.439781393723
8,17725,0.0007327410561373261,0.5257121670303685,1.8963118968801016,2,4296.491805242605
8,17738,0.0007338348159381111,0.5249946707618106,1.8931470637779675,2,4295.205735634511
8,17775,0.0007338934493138557,0.4329078845560179,1.893999036934189,2,4427.867024199876
8,17799,0.0007000321760759644,0.38326728533356746,1.558051331237861,2,4018.2470355786804
8,17812,0.0007011259358767494,0.3825497890650096,1.5548864981357269,2,4102.9563108501015
8,17849,0.0007007913419163886,0.38674141657962857,1.5409169250116923,2,4096.134665593716
8,17873,0.0006996834308199046,0.38456130451360193,1.5520120756148295,2,4066.4123932283105
8,17886,0.0007007771906206896,0.38384380824504416,1.5488472425126953,2,4059.912977063424
8,17923,0.0007004254830303591,0.3765698092008871,1.560742606405404,2,4029.2264873141075
8,17947,0.0006993403330259688,0.37894352556778377,1.551208995133576,2,4070.3563553750614
8,17960,0.0007004340928267538,0.3782260292992259,1.5480441620314418,2,4023.178664692263
8,17984,0.0006993860783947165,0.3717814741382509,1.5460344084850697,2,4035.3141023804105
8,17997,0.0007004798381955015,0.37106397786969303,1.5428695753829356,2,4099.4046438350615
8,18034,0.0007004856466547122,0.3883094615486221,1.5554874392846223,2,4043.8782835814804
8,18058,0.0007328677038967049,0.5315655965250038,1.8783903538537345,2,4287.47298502016
8,18071,0.0007339614636974899,0.5308481002564459,1.8752255207516004,2,4344.727603293551
8,18095,0.0007328626943301352,0.5236514218776823,1.887655595942884,2,4330.792062731041
8,18108,0.0007339564541309202,0.5229339256091244,1.88449076284075,2,4326.595099042703
8,18145,0.000700558536694481,0.38778052766889615,1.5651013877543405,2,4048.1374568357824
8,18182,0.0007005756482691271,0.36892169531015007,1.5602052757606917,2,4055.2118145168765
8,18206,0.0007981302204797098,0.8758587296326896,2.685963220079535,2,4670.675127895443
8,18219,0.0007992239802804947,0.8751412333641319,2.682798386977401,2,4746.248139264526
8,18243,0.0007983299633982114,0.8706241917375137,2.716436637200688,2,4713.312217672338
8,18256,0.0007994237231989964,0.8699066954689559,2.7132718040985537,2,4698.784959867782
8,18293,0.000733935652985594,0.5328130800695465,1.891212562649007,2,4323.465719972676
8,18330,0.0007006423333708985,0.3805506677853864,1.567210741650543,2,4028.4203479478138
8,18367,0.0007006595538959269,0.3352249603235016,1.5902352776997362,2,4162.235988144138
8,18391,0.0007328330292989724,0.5155999069233633,1.875973103967929,2,4290.089608680941
8,18404,0.0007339267890997574,0.5148824106548054,1.872808270865795,2,4363.377287881712
8,18465,0.000699594758127874,0.38517046483506556,1.5511920119036142,2,4070.7089770910397
8,18478,0.0007006885179286589,0.3844529685665077,1.54802717880148,2,4042.0688684849183
8,18515,0.0008005874561030995,0.9038996546920833,2.7354396825399014,2,4637.162161668634
8,18539,0.0007328180239796736,0.5159375063824527,1.874990721026567,2,4313.941229734524
8,18552,0.0007339117837804586,0.5152200101138948,1.871825887924433,2,4366.6985368822625
8,18576,0.0006996590108200449,0.3809495952713077,1.547440003346891,2,3990.2128880677187
8,18589,0.0007007527706208299,0.3802320990027498,1.5442751702447568,2,4098.976928827124
8,18626,0.0008008243503692052,0.9234829951132478,2.7112867326099477,2,4762.399455661762
8,18663,0.0007017001489220674,0.39284040197837666,1.5612135846085549,2,4066.1448705406333
8,18687,0.0007000483527176631,0.3869981680260369,1.560535877845326,2,4109.145240235046
8,18700,0.0007011421125184481,0.38628067175747904,1.5573710447431919,2,4013.0778922533536
8,18724,0.0007000702587431338,0.3735683402941281,1.5505159764388903,2,4038.3486707457987
8,18737,0.0007011640185439188,0.3728508440255702,1.5473511433367562,2,4126.373915192142
8,18774,0.0007337533454413165,0.5240268443663467,1.9062334437825839,2,4295.511683114011
8,18811,0.0007337527677563268,0.50707441430619,1.9030005203381222,2,4304.090775800916
8,18848,0.0007337512939182297,0.530301379328657,1.9010174730187541,2,4253.917226279823
8,18922,0.0007014912567967816,0.3898747209252118,1.53534273306196,2,4128.257284261516
8,19033,0.0007015129096145766,0.38015935225085884,1.5753596588876893,2,4011.406328551811
8,19070,0.000733739905052277,0.5349493959542617,1.872296896682917,2,4331.821888333254
8,19107,0.0007015436192473913,0.3381012177853989,1.5529746672578595,2,4191.748967139005
8,19131,0.0008081759588349465,0.966331992988323,2.8318303819807635,2,4771.003191224986
8,19144,0.0008092697186357315,0.9656144967197652,2.828665548878629,2,4782.960159001644
8,19168,0.0007005208700105016,0.38841195388180805,1.5567334431293982,2,4050.764704706113
8,19181,0.0007016146298112866,0.38769445761325017,1.553568610027264,2,4052.7868344084304
8,19205,0.0007005312051779373,0.37623874982180705,1.5573165920294914,2,4054.7544215144244
8,19218,0.0007016249649787222,0.37552125355324917,1.5541517589273572,2,4080.833734437139
8,19255,0.0007016313912385718,0.3719853944586562,1.5672493467261188,2,4081.9542114166056
8,19292,0.0007016348632858472,0.37094807319903744,1.5753058085384106,2,4083.1902942476477
8,19329,0.0007016535189808938,0.36400133463833795,1.56837541764722,2,4047.248168791097
8,19366,0.0007016568089963711,0.3835898933220059,1.5697067038681745,2,4078.103697529803
8,19403,0.0007337199567810693,0.4431501346196395,1.8986633185938766,2,4363.659858323304
8,19440,0.0007016864281465797,0.36896634975801945,1.5715480283505185,2,4014.3380825866698
8,19464,0.0007003751936348554,0.3848093204627222,1.558350366321944,2,4025.8747241664087
8,19477,0.0007014689534356403,0.3840918241941643,1.55518553321981,2,4098.000886485432
8,19501,0.0008045311627161547,0.906644934357223,2.8111831831477034,2,4726.5408739971745
8,19514,0.0008056249225169397,0.9059274380886652,2.808018350045569,2,4717.5645638094475
8,19588,0.0007014312613344803,0.3348500109292978,1.5446242337896203,2,4180.594310920504
8,19625,0.0007011684822595376,0.3884716664879273,1.5457182744793507,2,4081.4714457251903
8,19649,0.0008047570964174823,0.8839955358014645,2.8022767073426578,2,4715.4129848857765
8,19662,0.0008058508562182673,0.8832780395329066,2.7991118742405234,2,4729.743245224083
8,19699,0.0007012030935640816,0.33532336810416963,1.543902015502067,2,4192.726587043848
8,19736,0.0007012059251055045,0.38940360694580634,1.5395845091353277,2,4083.4690241925805
8,19760,0.0007001202353339102,0.38796295198770636,1.5486062406060341,2,4064.098522718305
8,19773,0.0007012139951346951,0.3872454557191485,1.5454414075039,2,4084.615380674658
8,19797,0.0007001212051000845,0.37927867522614744,1.5547752188050696,2,4067.797013396656
8,19810,0.0007012149649008695,0.37856117895758956,1.5516103857029355,2,4077.6362306229544
8,19847,0.0007012171996467976,0.3712544855756418,1.5734910026086693,2,4039.0758876723776
8,19884,0.0007012307339685374,0.3891581121440386,1.533492311594461,2,4115.1554784733235
8,19921,0.0007012396871976295,0.3346901689176587,1.5398998503222951,2,4202.260657587097
8,19958,0.0007012527963579147,0.3350816223584545,1.6004607995081448,2,4139.2065997174695
8,19995,0.0007012948300446649,0.3351470637846945,1.6057414183323704,2,4149.265249215459
8,20032,0.0007013023077615982,0.3899800016594447,1.5447016097480155,2,4074.363981283749
8,20093,0.0008063207489681366,0.8719317039338343,2.844475185819423,2,4703.937578447688
8,20106,0.0008074145087689215,0.8712142076652766,2.8413103527172887,2,4775.205373013503
8,20130,0.0008064237112924989,0.8995419685813728,2.8325700719329423,2,4708.274349281612
8,20143,0.0008075174710932838,0.898824472312815,2.829405238830808,2,4746.9191262529575
8,20167,0.0007002381189550627,0.3857029208995427,1.5384657348286475,2,4039.3337469295143
8,20180,0.0007013318787558476,0.38498542463098484,1.5353009017265133,2,4114.04684621801
8,20217,0.0007013585418061884,0.3600597889655499,1.566040949492725,2,4054.7472563373576
8,20241,0.0007002706385556382,0.390699698608301,1.5672595838253662,2,4060.23724756569
8,20254,0.0007013643983564232,0.38998220233974323,1.5640947507232321,2,4077.3955575609757
8,20278,0.0007002885790014429,0.376933147295769,1.5519670725040722,2,4058.1573787720954
8,20291,0.0007013823388022279,0.3762156510272112,1.548802239401938,2,4065.62074660664
8,20315,0.0007003553282611757,0.38767880544398936,1.5688000880368624,2,4053.778453530933
8,20328,0.0007014490880619606,0.3869613091754315,1.5656352549347283,2,4058.6551081817506
8,20352,0.0007050130112167214,0.39143892404789093,1.6044580254539673,2,4050.7830646321368
8,20365,0.0007061067710175064,0.39072142777933316,1.6012931923518332,2,4120.048211010779
8,20402,0.0007031619518563276,0.34173381002774883,1.62640570330515,2,4127.648854848135
8,20426,0.0007020966816136122,0.3737593499707207,1.577377597630275,2,4059.5114397819966
8,20439,0.0007031904414143971,0.3730418537021628,1.574212764528141,2,4079.681586645566
8,20476,0.0007051178082083277,0.40394850822489603,1.6101471956736806,2,4058.353079612816
8,20500,0.0007040500614547644,0.3985585927991082,1.578407571306191,2,4122.030088587154
8,20513,0.0007051438212555493,0.39784109653055033,1.5752427382040568,2,4096.6686627343215
8,20550,0.0007051522801562918,0.34641056124081715,1.574423583351165,2,4258.642528735592
8,20574,0.0007040658185377153,0.4046555755319815,1.6069002051761567,2,4089.4060115930088
8,20587,0.0007051595783385003,0.4039380792634236,1.6037353720740226,2,4078.2192104233027
8,20624,0.0007052013369057231,0.3409987636750913,1.5982744071885309,2,4198.995404321035
8,20661,0.000705210284736063,0.3427830604998858,1.604562287943778,2,4224.1459688432105
8,20698,0.0007052117027242699,0.40379436827063075,1.61408968535074,2,4051.6690986293033
8,20735,0.0007052322118113488,0.3908226728106343,1.6102005290106098,2,4082.7490425097753
8,20809,0.0007052509600029807,0.3459043276533289,1.6427510662976088,2,4194.236134079119
8,20846,0.0007329999498666102,0.43487079305620746,1.9564647217561444,2,4321.237419108516
8,20870,0.0007042100491985323,0.34512660915271465,1.5915828567112489,2,4192.277209757598
8,20883,0.0007053038089993173,0.3444091128841569,1.5884180236091148,2,4226.401122851015
8,20920,0.000705319322023729,0.34638160105830273,1.599440141338446,2,4187.771330182907
8,20981,0.0008383327084094202,1.1186456860238116,3.3190250586155976,2,4895.5563532382985
8,20994,0.0008394264682102052,1.1179281897552538,3.3158602255134633,2,4913.781671001082
8,21018,0.0007042552696228416,0.34401985497974563,1.5925766211839911,2,4195.691957698275
8,21031,0.0007053490294236266,0.34330235871118775,1.589411788081857,2,4217.97229391962
8,21068,0.0007053632361458654,0.348370168979635,1.574772690747512,2,4248.159680837633
8,21105,0.000705369076879109,0.3481249629558498,1.5863562174290533,2,4228.741810981755
8,21129,0.0007043201235927884,0.39613788131078076,1.607996873436442,2,4073.9904359210736
8,21142,0.0007054138833935734,0.395420385042223,1.604832040334308,2,4115.960798807484
8,21179,0.0007051159385564179,0.350099881540478,1.6422027561052148,2,4156.183064753585
8,21203,0.000704344643908339,0.39743770580912796,1.5883099532060256,2,4060.775034805789
8,21216,0.0007054384037091239,0.3967202095405702,1.5851451201038915,2,4145.732399963631
8,21253,0.0007330267605838081,0.44348404514217976,1.9464726232405976,2,4335.048437259404
8,21290,0.0007330283322468078,0.4360540864925052,1.8913773181602802,2,4392.228962940006
8,21314,0.0007320005719237678,0.5110144599015577,1.8776698486528027,2,4246.25312055688
8,21327,0.0007330943317245528,0.5102969636329998,1.8745050155506686,2,4304.13099485952
8,21364,0.0007330941871825431,0.4452242352190183,1.9306008750327508,2,4351.951133109119
8,21388,0.0007319991116938071,0.5035720375572558,1.887034394151048,2,4289.971222698189
8,21401,0.0007330928714945921,0.5028545412886979,1.8838695610489138,2,4332.198451783045
8,21438,0.0008365223005747346,1.0792582929448482,3.284482572228153,2,4881.469337656189
8,21475,0.0007048326705476482,0.3479096895851638,1.6346115634221678,2,4106.63193003844
8,21512,0.0008366097067899231,1.2231248285565013,3.2197466968812574,2,4909.255159018907
8,21536,0.0007319944847342909,0.5073831583790847,1.8936629528337632,2,4280.665224512174
8,21549,0.0007330882445350759,0.5066656621105268,1.890498119731629,2,4264.697605250566
8,21573,0.0007319880919332819,0.5243778657542704,1.8923937955621328,2,4291.989581292401
8,21586,0.0007330818517340669,0.5236603694857125,1.8892289624599987,2,4326.0366494865375
8,21623,0.0007048649574755142,0.4031231227164852,1.6077897628545177,2,4077.5233748025594
8,21660,0.0007330792596361392,0.4907400330514925,1.904769417272037,2,4232.92023378268
8,21697,0.0007330662970468081,0.5319936267727599,1.8786394368212513,2,4281.833713714186
8,21721,0.0007319700571580977,0.5132733656667166,1.8803432849937265,2,4275.284290815694
8,21734,0.0007330638169588826,0.5125558693981587,1.8771784518915924,2,4350.211779455701
8,21758,0.0007319626798320473,0.5060318208523816,1.878936399764355,2,4241.516391475036
8,21771,0.0007330564396328323,0.5053143245838237,1.8757715666622208,2,4313.146068921805
8,21795,0.000703885978251917,0.3784592978163629,1.597858574501082,2,4088.9205082856624
8,21808,0.000704979738052702,0.3777418015478051,1.594693741398948,2,4091.7489446925547
8,21845,0.0007330441796166083,0.48375299429770646,1.8947599690899557,2,4300.02694737978
8,21882,0.0007330354922037708,0.43836661618998607,1.9528549459329385,2,4352.0714315014475
8,21906,0.0007039558387980164,0.34568829197316275,1.5916285490200899,2,4160.460853029831
8,21919,0.0007050495985988014,0.344970795704605,1.5884637159179558,2,4245.519494565254
8,21956,0.0007050629692630881,0.4063529475094426,1.6055536434111386,2,4094.7835690502034
8,21980,0.0007039793503264217,0.34547866304682684,1.5849957660786655,2,4184.14848082057
8,21993,0.0007050731101272067,0.34476116677826907,1.5818309329765314,2,4236.775226362399
8,22030,0.0007050843321700909,0.38479056327373284,1.603622017843821,2,4054.769811976175
8,22067,0.0007330944637504227,0.42459479817191337,1.893401362015637,2,4387.880449414916
8,22104,0.0007329796788411861,0.5047519540825406,1.9055675029204344,2,4251.793160246295
8,22141,0.000705445602691704,0.40911949960079563,1.5983344071955736,2,4090.991186531693
8,22178,0.0008426694563449039,1.299921277928017,3.2853634940612992,2,5045.824100128543
8,22215,0.0008428637643578713,1.2728573928298093,3.3137592285675854,2,4977.579759428678
8,22252,0.0007058315610383362,0.3477486627157843,1.6109326855874697,2,4181.67366762383
8,22289,0.0007328917827997497,0.43731980566996076,1.9541897331243931,2,4377.8166934417195
8,22313,0.0007048078506423722,0.4027548516522298,1.5855508840597352,2,4131.490763721302
8,22326,0.0007059016104431572,0.4020373553836719,1.582386050957601,2,4153.35122809891
8,22363,0.0007328837168732037,0.5248791347356372,1.8972894306252421,2,4295.543033803403
8,22387,0.0007048224893307312,0.40049168596074136,1.6100599920253482,2,4075.232883245506
8,22400,0.0007059162491315162,0.3997741896921835,1.606895158923214,2,4076.7490551373335
8,22437,0.0007328779102253193,0.5320994174341083,1.8838074567445733,2,4360.519871555169
8,22461,0.0007048738617810689,0.4043077171635361,1.592986750443131,2,4121.039773075051
8,22474,0.0007059676215818539,0.4035902208949783,1.5898219173409969,2,4125.61988845971
8,22498,0.0008433652335244963,1.248922848294829,3.3396330386734414,2,4969.906013741176
8,22511,0.0008444589933252813,1.248205352026271,3.336468205571307,2,4961.286126514255
8,22548,0.000706011491685672,0.4119460774231626,1.6252343376995226,2,4084.3558470722146
8,22585,0.0007060167530579965,0.4114792740312403,1.6138995255841964,2,4102.495172509283
8,22609,0.0007049500817970914,0.4052399334325484,1.614382586956404,2,4109.036812967348
8,22622,0.0007060438415978764,0.4045224371639905,1.6112177538542698,2,4087.585914802141
8,22646,0.0007317604107827744,0.4975102367922395,1.8823685545538038,2,4281.143732995258
8,22659,0.0007328541705835593,0.4967927405236817,1.8792037214516697,2,4297.311746017028
8,22696,0.0007060561756957833,0.4101422583833637,1.6146289515626142,2,4101.604048735604
8,22720,0.0007317476013863904,0.509463411269226,1.8897445326608793,2,4288.302601678049
8,22733,0.0007328413611871754,0.5087459150006681,1.8865796995587452,2,4277.006127272737
8,22757,0.0007049860248379222,0.4089258597782873,1.6109575105725777,2,4078.673154407267
8,22770,0.0007060797846387072,0.40820836350972944,1.6077926774704436,2,4129.165338363328
8,22807,0.0007060801039990111,0.40827960183475365,1.6187346302140824,2,4093.660203921559
8,22831,0.0007049929709021526,0.4067171035111037,1.601774327052244,2,4075.10419321026
8,22844,0.0007060867307029376,0.4059996072425459,1.5986094939501099,2,4167.14473244768
8,22905,0.0007043476079792143,0.39847098815435755,1.5949592074105663,2,4062.3573101219527
8,22918,0.0007054413677799993,0.39775349188579967,1.5917943743084322,2,4110.692868972949
8,22955,0.0007057332249629487,0.3828914688376598,1.6175148378780542,2,4033.8902160424204
8,22992,0.0007056805590727399,0.406631930367524,1.5868766534705838,2,4082.4063991818157
8,23016,0.0007318833117542909,0.5201561064172561,1.871960047139351,2,4279.326428527867
8,23029,0.0007329770715550759,0.5194386101486982,1.8687952140372168,2,4327.070630368935
8,23066,0.0007054503233125524,0.41016122256956145,1.6192304973842524,2,4078.779950891353
8,23103,0.0007329697560087175,0.5024333910402898,1.8986158687445134,2,4284.1093060026005
8,23140,0.0007054773875313556,0.39191352310617766,1.6084332486115391,2,4071.8101405789967
8,23164,0.0007043843181031582,0.4029892327007989,1.5864844943585317,2,4072.356478174858
8,23177,0.0007054780779039432,0.402271736432241,1.5833196612563976,2,4140.286123019907
8,23214,0.0007329693206557743,0.5293302608377224,1.8856979617464054,2,4280.985642272723
8,23251,0.0007329683844541596,0.47948106146467684,1.8927687811561063,2,4341.705159643247
8,23275,0.0007044069965984297,0.4057369799399555,1.6027700280093955,2,4094.3514929996977
8,23288,0.0007055007563992147,0.40501948367139773,1.5996051949072614,2,4086.466211282288
8,23325,0.000732965736594586,0.5092787389178417,1.9047076713748177,2,4214.366381224178
8,23362,0.0007329613070141128,0.44426658419422105,1.8853385676605279,2,4411.919989968066
8,23386,0.000704428770944842,0.39048487622877703,1.597313402534345,2,4080.300544388354
8,23399,0.000705522530745627,0.38976737996021915,1.5941485694322108,2,4081.2201710408413
8,23436,0.0007329564051807475,0.4245484861911346,1.8843464453071954,2,4429.83718504503
8,23473,0.0007055764678057781,0.34800701833061476,1.5928269195760105,2,4229.693808767536
8,23497,0.0007318525728678536,0.521175474556965,1.8621621112384446,2,4311.6153502009665
8,23510,0.0007329463326686386,0.5204579782884071,1.8589972781363104,2,4372.132563401758
8,23547,0.0007329460854657654,0.4396159544035988,1.8880056247165975,2,4401.3431840949725
8,23584,0.0007329411743689754,0.4429558464026009,1.8839264437183232,2,4408.538698910279
8,23621,0.0007056096767078074,0.40263349135798476,1.6109661516043658,2,4084.3490835397656
8,23645,0.0007045204980647143,0.3930339824073378,1.599098501708597,2,4082.901605121862
8,23658,0.0007056142578654993,0.39231648613878,1.595933668606463,2,4099.938005349077
8,23682,0.0007045845550591548,0.40244015596357474,1.6043149108450008,2,4084.3843873123287
8,23695,0.0007056783148599398,0.40172265969501697,1.6011500777428667,2,4082.8846452802995
8,23719,0.0008407175663798378,1.1741772220776052,3.326973615013063,2,4886.422481269172
8,23732,0.0008418113261806228,1.1734597258090473,3.3238087819109285,2,4919.556039635619
8,23769,0.0007031838913661154,0.33952777704790205,1.5665895312919464,2,4219.665466902556
8,23806,0.0007330954926435171,0.49007380873285444,1.8934578853895692,2,4256.371082005239
8,23830,0.0007320077594164957,0.5129983318891025,1.8763331904723783,2,4280.05266512766
8,23843,0.0007331015192172807,0.5122808356205446,1.8731683573702442,2,4355.6092468966735
8,23880,0.000733364766225298,0.4287800657789489,1.9681337396853114,2,4331.003788007507
8,23917,0.000703697799391078,0.33778280187450493,1.5841674140584174,2,4175.961470729295
8,23954,0.0007037327919802491,0.34488103962973804,1.5916678279140495,2,4175.6165191492855
8,23978,0.0007026848466443565,0.3923372925483869,1.5817483563041435,2,4044.536144931707
8,23991,0.0007037786064451415,0.391619796279829,1.5785835232020093,2,4105.715372070538
8,24028,0.0007333262316845475,0.4250083833472048,1.9690404918439655,2,4328.328412439021
8,24052,0.0007026968119590092,0.3971557693984692,1.579034471727754,2,4084.434823413059
8,24065,0.0007037905717597942,0.3964382731299114,1.57586963862562,2,4071.3492824373425
8,24089,0.0007026973864327763,0.3903660647772845,1.5916278169002136,2,4065.3642021400983
8,24102,0.0007037911462335612,0.38964856850872676,1.5884629837980795,2,4102.262477073837
8,24176,0.0007333128959627782,0.44046739254747036,1.95850823085897,2,4296.621283032714
8,24250,0.0007333071305013758,0.5030694491028292,1.9091642938784605,2,4217.29761829881
8,24287,0.0007038706756523532,0.37713392002553325,1.5972373244449516,2,4030.991842843166
8,24324,0.0007333042482139316,0.44182783134641324,1.9434595238641563,2,4333.52151921609
8,24348,0.0007028243855458088,0.37791168292884814,1.5904175673383745,2,4025.111090749008
8,24361,0.0007039181453465938,0.37719418666029036,1.5872527342362404,2,4102.151998426803
8,24398,0.0007332862668319142,0.44316982214646294,1.9565382951354144,2,4327.173547853813
8,24422,0.0007028631356392919,0.39850027115310926,1.5756396707435787,2,4089.787152107876
8,24435,0.0007039568954400768,0.3977827748845515,1.5724748376414446,2,4104.069417504986
8,24472,0.0007332838339125981,0.507882286206172,1.89780542704091,2,4274.443060641184
8,24496,0.0007321894625620457,0.5236359286713289,1.8882931069994424,2,4261.889599376277
8,24509,0.0007332832223628307,0.522918432402771,1.8851282738973083,2,4347.050116852873
8,24546,0.0007039945429151142,0.342428282651308,1.568098761797618,2,4224.28264921054
8,24570,0.0007025269951016808,0.39750327133845254,1.5826849884249314,2,4061.297940802998
8,24583,0.0007036207549024658,0.39678577506989476,1.5795201553227973,2,4108.542840074672
8,24607,0.0007029202358847961,0.3859909745845662,1.5885206494002686,2,4109.816051994337
8,24620,0.000704013995685581,0.38527347831600844,1.5853558162981345,2,4060.614799795195
8,24657,0.0007036170973590259,0.37747706386631485,1.594249539963698,2,4075.1181785241315
8,24694,0.0007035741337851632,0.40080813500380097,1.5960690644839541,2,4098.346045348346
8,24731,0.000733432665158049,0.5055714360797041,1.9076409324395212,2,4308.193021529794
8,24768,0.0007334297828235453,0.4323201528394577,1.9554129836975926,2,4342.371474810413
8,24805,0.0007032459428532073,0.39027347307993054,1.587064638770274,2,4061.214076890577
8,24842,0.0007032789328068066,0.3762072324031087,1.5824811313604594,2,4074.7193268790784
8,24866,0.0007021868767463487,0.38198078876344677,1.5708632813156835,2,4070.2631292915285
8,24879,0.0007032806365471337,0.3812632924948889,1.5676984482135494,2,4100.9813393433515
8,24903,0.0007022111264600124,0.3860533770232245,1.5746758886176806,2,4074.343856959574
8,24916,0.0007033048862607974,0.38533588075466674,1.5715110555155465,2,4091.2165902910056
8,24940,0.0007323209838665717,0.5202384698872246,1.881658358606427,2,4316.919321374776
8,24953,0.0007334147436673567,0.5195209736186667,1.878493525504293,2,4330.294881637214
8,24990,0.0007033275938144429,0.34388065901567033,1.6255273026803974,2,4158.142215339702
8,25014,0.000702255656705071,0.38066452304985665,1.585191085192933,2,4022.2159786312045
8,25027,0.000703349416505856,0.3799470267812989,1.5820262520907988,2,4069.166813175999
8,25064,0.0008248877341323133,1.1097752715647984,3.059339870473396,2,4878.180198196704
8,25101,0.0007033882595678625,0.3977379069926166,1.5915925878867785,2,4073.0062890749655
8,25138,0.0007334066070477448,0.531184164407406,1.894980826366353,2,4313.206596604381
8,25162,0.0007023409874817576,0.38710825476607513,1.583468389766711,2,4050.0990787570663
8,25175,0.0007034347472825426,0.38639075849751725,1.580303556664577,2,4092.61882327924
8,25212,0.000703442404332688,0.3838444214572315,1.5875594391186485,2,4036.9722409985625
8,25249,0.0007034528806954713,0.3714690259482111,1.5859408170794975,2,4064.188023514576
8,25273,0.000702395910017212,0.3366791690736758,1.5762907883961075,2,4157.481976992514
8,25286,0.0007034896698179969,0.335961672805118,1.5731259552939734,2,4198.1475820343285
8,25323,0.0007333792634950135,0.42796934672825226,1.889929836776847,2,4422.26201444706
8,25360,0.0007035598090568792,0.37497095551133597,1.585917415119357,2,4045.3741865154266
8,25397,0.0007035634226002039,0.37055342542493597,1.5951499928997186,2,4010.686451201077
8,25421,0.0007025096203242996,0.3808126548612838,1.5760362661608869,2,4050.7716143254756
8,25434,0.0007036033801250845,0.3800951585927259,1.5728714330587528,2,4118.063318273346
8,25458,0.0007037058236188152,0.39688133653226054,1.5755916442561335,2,4111.661334863511
8,25471,0.0007047995834196002,0.39616384026370266,1.5724268111539994,2,4097.105291150259
8,25508,0.0007040230661105722,0.34484258339455387,1.5612686567755336,2,4225.764506164581
8,25545,0.000704053104020466,0.39254065955068984,1.5967370734832034,2,4062.18514756448
8,25582,0.0007044213635055101,0.3477153229968605,1.626482379085695,2,4153.248805198242
8,25606,0.0007320900161150139,0.4941906419842512,1.8866697013156621,2,4261.156164843672
8,25619,0.0007331837759157988,0.49347314571569334,1.883504868213528,2,4339.695199045695
8,25656,0.000704444760593262,0.3474380067802787,1.638974712219167,2,4193.145576033499
8,25693,0.000704477644408545,0.40302226122355533,1.5806661511909277,2,4079.640538435618
8,25730,0.0007044885720099941,0.40676252482135244,1.6011762244544128,2,4085.4484382129
8,25754,0.000732080159071567,0.5290822610528735,1.8703466122305752,2,4303.917551140858
8,25767,0.000733173918872352,0.5283647647843156,1.867181779128441,2,4338.236433459734
8,25791,0.0007034165440458893,0.40004075104769277,1.594194588460839,2,4083.839734673882
8,25804,0.0007045103038466743,0.399323254779135,1.591029755358705,2,4081.8745673745266
8,25841,0.0007045201111421457,0.40251492178623205,1.5712405167887895,2,4136.899216559248
8,25878,0.0007331593757543771,0.5020371549917162,1.89836110531565,2,4258.23753905776
8,25915,0.000704575743540456,0.3806058830492439,1.5970242250488962,2,4096.402176865045
8,25939,0.0007320642353753585,0.5055851850255101,1.8956536330615275,2,4212.861386301727
8,25952,0.0007331579951761434,0.5048676887569522,1.8924887999593933,2,4291.6847858323235
8,25989,0.000704592501237013,0.3447156683944472,1.5807870938428585,2,4223.9840369090525
8,26026,0.0007331397860436686,0.49160905209244143,1.8951852044676376,2,4245.735803854757
8,26063,0.0007046309610247959,0.33570715794698713,1.6472590344222053,2,4150.258213555432
8,26100,0.000704661709633704,0.4003781887904392,1.6013420510226133,2,4073.842852267707
8,26124,0.0008336550909608321,1.131773178037369,3.217513898946027,2,4908.764712573909
8,26137,0.000834748850761617,1.131055681768811,3.2143490658438925,2,4890.0140176855075
8,26161,0.000703609389091024,0.3791814965603897,1.5935870184490504,2,4045.9924348473346
8,26174,0.000704703148891809,0.3784640002918319,1.5904221853469163,2,4082.7924657365215
8,26211,0.0007047567374910851,0.3732278805758943,1.6065468298299408,2,4072.2594537287823
8,26235,0.0007320126978208,0.4323082656428803,1.882857875656927,2,4390.6838744228935
8,26248,0.000733106457621585,0.4315907693743225,1.8796930425547929,2,4434.984819304487
8,26285,0.000704419545443782,0.33801808683738066,1.6428687740857384,2,4167.247102411625
8,26346,0.0007032957561838374,0.40183385152033346,1.5902933652126179,2,4088.5305599995986
8,26359,0.0007043895159846224,0.4011163552517757,1.5871285321104838,2,4122.973596490624
8,26396,0.0007331978203039954,0.5005167583052283,1.8952067446796608,2,4261.092863790517
8,26420,0.0007321703447085561,0.5227418602948711,1.8582334592195566,2,4344.384213769089
8,26433,0.000733264104509341,0.5220243640263132,1.8550686261174225,2,4354.72113337569
8,26457,0.0007029713736609626,0.3970129990109068,1.5667538028809036,2,4065.9475807037074
8,26470,0.0007040651334617475,0.3962955027423489,1.5635889697787695,2,4175.353431799003
8,26507,0.0007040925449471887,0.4011641569242591,1.584686904698977,2,4079.6294364318246
8,26531,0.0007030001730499791,0.3934593959338999,1.5705443516115674,2,4050.398833924751
8,26544,0.0007040939328507641,0.3927418996653421,1.5673795185094332,2,4147.271668899351
8,26568,0.0008296166430157947,1.1005099323469327,3.1465237792270986,2,4892.521479767911
8,26581,0.0008307104028165797,1.0997924360783748,3.1433589461249642,2,4899.267754988883
8,26618,0.0007332516849162775,0.43494144975776927,1.9610676618939316,2,4335.280750940654
8,26642,0.0007030190134292492,0.3998018491318124,1.5779517320297798,2,4074.8741358081493
8,26655,0.0007041127732300342,0.3990843528632545,1.5747868989276457,2,4141.618421424281
8,26692,0.0007041247659266458,0.3988165244205506,1.5663797197855167,2,4125.398789077728
8,26716,0.0007030329584159095,0.39089857592049604,1.576011264259862,2,4086.5467376628512
8,26729,0.0007041267182166945,0.39018107965193816,1.572846431157728,2,4119.187493109521
8,26753,0.0007030657430854056,0.39512102587639786,1.5778187279837212,2,4130.010516833392
8,26766,0.0007041595028861906,0.3944035296078401,1.5746538948815871,2,4077.988227897199
8,26840,0.0007042094153632683,0.3408791764238893,1.6377522447182304,2,4161.552669027066
8,26877,0.0007042218152897162,0.3777898364249027,1.6018741120019393,2,4026.174580072769
8,26901,0.0007031453132253712,0.3421126898783342,1.57647209564339,2,4197.270801340234
8,26914,0.0007042390730261561,0.3413951936097763,1.5733072625412559,2,4223.427988634102
8,26951,0.0007332157750416782,0.5260200817957393,1.9080400449478678,2,4324.258464113134
8,26975,0.0007032004350575913,0.3426985528277613,1.5823412991385133,2,4182.115228610372
8,26988,0.0007042941948583762,0.3419810565592034,1.5791764660363792,2,4216.397929236725
8,27012,0.0007032055115658167,0.39080271391613297,1.5889116805095387,2,4049.18449014671
8,27025,0.0007042992713666016,0.3900852176475752,1.5857468474074046,2,4093.9767205595517
8,27062,0.000733203223429687,0.47921539246308287,1.8991881687128027,2,4322.751332985399
8,27099,0.000733202859618669,0.531816703374066,1.9009017375601471,2,4315.168332532738
8,27123,0.0007032639782170926,0.38024970198255204,1.5876443263867226,2,4048.040940430535
8,27136,0.0007043577380178776,0.37953220571399426,1.5844794932845885,2,4122.439532373563
8,27160,0.0008805101988913322,1.5167101426687797,4.0215980260920565,2,5090.019387767314
8,27173,0.0008816039586921171,1.5159926464002218,4.018433192989922,2,5111.413283556904
8,27210,0.0007317242438281493,0.43321892943423546,1.938956754114101,2,4337.695073589572
8,27247,0.0007317154084440613,0.4291650442044306,1.931864421168619,2,4316.36961188699
8,27284,0.0007301700548475718,0.47825939497067027,1.8649721909943713,2,4215.127113551472
8,27308,0.0007168733154735,0.43273770442004,1.7297686632474458,2,4145.122814860736
8,27321,0.000717967075274285,0.4320202081514821,1.7266038301453117,2,4156.96371884255
8,27358,0.0007180067496593989,0.3883356405690065,1.7070604948583754,2,4321.729874369488
8,27382,0.0007169165775679242,0.4425783783131473,1.7347511124658093,2,4167.777664982581
8,27395,0.0007180103373687092,0.4418608820445895,1.7315862793636752,2,4211.267107723249
8,27419,0.0007169355688137422,0.44085118259014233,1.7344270706512819,2,4155.860816237067
8,27432,0.0007180293286145272,0.44013368632158456,1.7312622375491478,2,4152.808719523651
8,27469,0.0007180431617374421,0.45976271570435645,1.7277059954816878,2,4165.004582647903
8,27506,0.000718057853708052,0.46057493018345097,1.7092440610623028,2,4216.846544598651
8,27530,0.0007169647464035827,0.4345267082367734,1.728600415404971,2,4187.373227663625
8,27543,0.0007180585062043676,0.43380921196821554,1.725435582302837,2,4233.456670995036
8,27580,0.0007301477824544145,0.5166205046493463,1.849864248724923,2,4311.540522026848
8,27604,0.0007290525045479461,0.5032811765239361,1.8286640008721209,2,4289.56349727343
8,27617,0.000730146264348731,0.5025636802553782,1.8254991677699868,2,4353.295703009547
8,27654,0.0007180826178562647,0.4573697303587724,1.7037383627798204,2,4211.194380725067
8,27678,0.0007170083989797581,0.4389634199904431,1.7362061951911996,2,4174.49492487514
8,27691,0.000718102158780543,0.4382459237218853,1.7330413620890655,2,4186.549600422815
8,27728,0.000730141746724058,0.4788101502840346,1.8633659192279215,2,4234.522112194871
8,27765,0.0007181115708216356,0.3911223018712522,1.780331266011276,2,4271.573340170056
8,27802,0.0009198420612398669,1.8866494864577026,4.744897495437279,2,5296.813107442831
8,27826,0.0007290377094772245,0.49123162047776503,1.842380678883151,2,4235.201094833819
8,27839,0.0007301314692780094,0.49051412420920715,1.8392158457810168,2,4320.31987021619
8,27876,0.0007181285804561767,0.4532243197798289,1.740089992920213,2,4156.937547807258
8,27900,0.0007170355645355355,0.45867678403903933,1.7197041705134055,2,4226.177790987524
8,27913,0.0007181293243363205,0.45795928777048156,1.7165393374112714,2,4175.617264323979
8,27937,0.0007170386632879644,0.4233165753444861,1.7340714057832707,2,4090.708857000129
8,27950,0.0007181324230887494,0.4225990790759283,1.7309065726811366,2,4198.927713413064
8,27987,0.0007179329746119971,0.4206138463476886,1.732414330974031,2,4198.604687440976
8,28024,0.0007181380491314223,0.4596650657488389,1.7221798977509908,2,4190.5126234709105
8,28061,0.0007301803067351167,0.47501811390676263,1.8635497676965498,2,4260.847382814841
8,28098,0.000717883113341495,0.4189234150928969,1.736386070511359,2,4137.506417144778
8,28135,0.0007175880215989782,0.3824153918355254,1.7198444698849888,2,4304.147321269485
8,28172,0.0007176047219099082,0.45270647662862507,1.740567896214739,2,4152.759547441346
8,28209,0.0007176137404866105,0.44476057317623685,1.7432179198158309,2,4130.529610013546
8,28246,0.000917156362828876,2.1029344636519545,4.6032813843579445,2,5347.5012040095635
8,28307,0.0007165475638315149,0.453632153701671,1.6991834029501403,2,4197.151575309825
8,28320,0.0007176413236322999,0.4529146574331132,1.6960185698480061,2,4211.420552915332
8,28344,0.0007165772444361752,0.43987097069866066,1.726608755715173,2,4157.886880753395
8,28357,0.0007176710042369602,0.4391534744301028,1.723443922613039,2,4156.963015754249
8,28381,0.0007166378683602244,0.45701166274537586,1.7362137324959679,2,4192.862863771748
8,28394,0.0007177316281610094,0.456294166476818,1.7330488993938338,2,4200.225127556494
8,28418,0.0007291254434363294,0.5106605234918625,1.823646853597799,2,4321.9963782882905
8,28431,0.0007302192032371144,0.5099430272233046,1.8204820204956649,2,4331.100252296568
8,28455,0.000716672628046607,0.44604292649384036,1.7114229488880006,2,4160.788701111233
8,28468,0.000717766387847392,0.4453254302252825,1.7082581157858665,2,4241.803756371262
8,28492,0.0007291132865036941,0.5081539870605859,1.864503430723521,2,4232.75218739981
8,28505,0.0007302070463044791,0.507436490792028,1.861338597621387,2,4267.481517339289
8,28542,0.0007177889009471696,0.38789132378044255,1.7681443253914835,2,4237.565501085154
8,28579,0.0007178062037195187,0.3890670777114349,1.7706865350146128,2,4234.315832042363
8,28616,0.0007178179266717422,0.4597936916002314,1.7192566501279698,2,4194.365310058101
8,28640,0.0007167566558745366,0.3794909689180206,1.7190008765317306,2,4311.226349398392
8,28653,0.0007178504156753215,0.3787734726494628,1.7158360434295965,2,4340.812001658259
8,28690,0.0007178597119579425,0.3897883806820647,1.7054702366431638,2,4301.087316801255
8,28727,0.0007301922285815732,0.420750867599317,1.920812776296227,2,4304.667823509424
8,28764,0.0007178765279098998,0.4267163501595319,1.7312316562994485,2,4206.612500511695
8,28801,0.0007178773813008611,0.42432693964918344,1.7355593297660845,2,4169.206763991462
8,28825,0.0007167965792597154,0.4322079116294292,1.727085175707892,2,4146.3803238651
8,28838,0.0007178903390605004,0.4314904153608714,1.7239203426057579,2,4171.223178084448
8,28875,0.0007175851244120102,0.4606911889291653,1.7350538753425169,2,4177.82970556872
8,28899,0.0007170457083530878,0.4586037378383353,1.7273432433548426,2,4161.935230372241
8,28912,0.0007181394681538728,0.4578862415697774,1.7241784102527085,2,4196.527532417725
8,28936,0.0007290338429818814,0.4989725855435536,1.840814701904796,2,4276.906922712485
8,28949,0.0007301276027826663,0.49825508927499573,1.837649868802662,2,4326.1872060009455
8,28973,0.0007173444846086131,0.4275624632877604,1.7324178756183493,2,4136.07598576042
8,28986,0.0007184382444093981,0.4268449670192025,1.7292530425162151,2,4194.262820216958
8,29023,0.0007185164759281136,0.45902334962096514,1.697906104216854,2,4278.837438154616
8,29084,0.0007174566735903138,0.4597413252466377,1.7370719968878374,2,4173.638263469278
8,29097,0.0007185504333910988,0.4590238289780799,1.7339071637857033,2,4197.210946528793
8,29134,0.0007185564088847738,0.4647076704945161,1.7424274419361472,2,4176.420849561438
8,29171,0.0007300161525637296,0.4777415979115984,1.8623168118122333,2,4225.833678157819
8,29208,0.00073000677690947,0.4724085373966942,1.86604814060856,2,4252.8899089959505
8,29245,0.0007186064143514621,0.3866059084865775,1.7332606406379656,2,4315.25786551824
8,29269,0.0007175169691877291,0.4490885465031834,1.7123604475513903,2,4157.593917781574
8,29282,0.000718610728988514,0.44837105023462553,1.7091956144492562,2,4262.718060109396
8,29306,0.000717532775103171,0.43775247745946566,1.7237068007874994,2,4165.232650911
8,29319,0.000718626534903956,0.4370349811909079,1.7205419676853653,2,4247.369751821283
8,29356,0.0007186446453253513,0.38166517768967967,1.79490113565835,2,4233.1427365158415
8,29393,0.0007186608655396699,0.41886437076831196,1.7443935754635238,2,4189.78036709027
8,29430,0.0007186646113049256,0.3790000813831599,1.7373732530499808,2,4301.213175664957
8,29467,0.0007299878610133268,0.5091769731506107,1.8667617457752022,2,4276.91354152827
8,29504,0.0007186747122026769,0.38749971511602743,1.7344911074288292,2,4300.428211502517
8,29541,0.0007186760692133158,0.4616936315927914,1.7148818156966559,2,4224.664718270252
8,29565,0.0007176019342553584,0.45956055706615917,1.7200019078472975,2,4197.939359851852
8,29578,0.0007186956940561434,0.4588430607976013,1.7168370747451633,2,4214.037486150047
8,29615,0.0007299844106006735,0.4296366565772497,1.857520978488739,2,4378.687998245714
8,29652,0.0007187338657144763,0.4641242209383767,1.7094722342517632,2,4261.626528090725
8,29676,0.000717324150283227,0.44115724781849075,1.738071076933015,2,4172.475823202738
8,29689,0.000718417910084012,0.44043975154993287,1.7349062438308809,2,4170.805837920953
8,29713,0.0007170676537688666,0.45124334519573905,1.7354318063273562,2,4179.020370705893
8,29726,0.0007181614135696515,0.4505258489271813,1.732266973225222,2,4192.796375707347
8,29750,0.0007289597381959837,0.4852913675712023,1.8479753878740117,2,4275.337027582742
8,29763,0.0007300534979967686,0.4845738713026444,1.8448105547718776,2,4323.188193411461
8,29800,0.000718392007106742,0.4426285036990114,1.7478299404447684,2,4140.902205495463
8,29824,0.0007170734453842846,0.4498517687248642,1.726323295262649,2,4163.590370575401
8,29837,0.0007181672051850696,0.4491342724563063,1.723158462160515,2,4196.95600463327
8,29874,0.0007301193542491056,0.517868302980756,1.8389693039628527,2,4343.605221974425
8,29911,0.0007181966936527365,0.43271007102162873,1.7342446401018095,2,4174.374498625191
8,29948,0.0009204059678311572,1.9155492954701623,4.742991842934902,2,5229.110904160687
8,29985,0.0007182106900887967,0.45155307374167764,1.7418103176066808,2,4194.143216593861
8,30009,0.0007171277819514162,0.3844139669152895,1.7243239341173595,2,4309.812392605696
8,30022,0.0007182215417522012,0.3836964706467316,1.7211591010152254,2,4349.67710735082
8,30059,0.0007301078445048943,0.4306821095467954,1.8456210079802828,2,4408.626179376049
8,30096,0.0007182682676436452,0.4526711855729969,1.7508434148181562,2,4199.3161017959055
8,30120,0.000728993700209874,0.5078396359988854,1.83890436397732,2,4280.692919182458
8,30133,0.0007300874600106589,0.5071221397303275,1.8357395308751858,2,4351.002420991663
8,30170,0.0007182816334152007,0.44781048538136814,1.7383120882118737,2,4154.006275003213
8,30207,0.0007183096598229312,0.4611458974857542,1.6952689876059124,2,4287.672879974155
8,30231,0.0007172232693022845,0.38282377836711223,1.7221738772212363,2,4285.592588294595
8,30244,0.0007183170291030695,0.38210628209855446,1.7190090441191022,2,4318.759702928254
8,30281,0.000730077285288458,0.42434721253941654,1.8584087973422825,2,4387.0801256246505
8,30318,0.0007183258578165142,0.38849046560854483,1.7801082706047633,2,4219.731738764896
8,30342,0.0007172567548111885,0.43217803129971777,1.7277146147359497,2,4197.353859468198
8,30355,0.0007183505146119735,0.4314605350311599,1.7245497816338156,2,4162.676590138638
8,30379,0.0007172638740594502,0.4422430326455584,1.731432744042474,2,4165.3769098442235
8,30392,0.0007183576338602352,0.44152553637700065,1.7282679109403398,2,4156.9121812095445
8,30416,0.0007172645715549875,0.4546671946334574,1.7213981477157272,2,4200.513717305715
8,30429,0.0007183583313557725,0.4539496983648996,1.718233314613593,2,4207.668978638012
8,30466,0.0007183626297534377,0.389484772855782,1.7792425520994182,2,4231.618110100253
8,30490,0.0007172716038749441,0.38835065916612377,1.7208304596088526,2,4270.98224887842
8,30503,0.0007183653636757291,0.387633162897566,1.7176656265067185,2,4306.822588643379
8,30527,0.0007172986975782814,0.45640252701011774,1.7062449325068534,2,4190.632724847196
8,30540,0.0007183924573790664,0.45568503074155997,1.7030800994047193,2,4208.397474077802
8,30577,0.0007187386507055643,0.44102618759531464,1.7464785453439398,2,4171.449507977867
8,30614,0.0007175846739481228,0.44948211575130625,1.734336012681524,2,4154.574373665859
8,30638,0.0007291843375414806,0.5038111287346628,1.8650547764076335,2,4215.634778754703
8,30651,0.0007302780973422655,0.503093632466105,1.8618899433054994,2,4263.8070915659655
8,30675,0.0007157052451510439,0.4424611479069125,1.6999265805085662,2,4169.345412393975
8,30688,0.0007167990049518288,0.4417436516383546,1.696761747406432,2,4245.384716031786
8,30725,0.0009127483343537119,2.017630711833649,4.517442159922071,2,5320.109536240833
8,30749,0.0007293617731363623,0.5051055116080375,1.8583973911106935,2,4232.6021947767085
8,30762,0.0007304555329371473,0.5043880153394796,1.8552325580085594,2,4275.436794071745
8,30799,0.0007168225855726302,0.4550174739055691,1.7170915661680866,2,4172.410846156042
8,30823,0.0007293576645513901,0.5153675484545072,1.8272419383192875,2,4284.289217377494
8,30836,0.000730451424352175,0.5146500521859493,1.8240771052171534,2,4343.196214329926
8,30984,0.0007168513402995014,0.44722065491344465,1.7287351377659217,2,4132.803781055943
8,31021,0.0007304386109764412,0.43404871526660505,1.9251761117766388,2,4332.292163447929
8,31058,0.0007168866980287164,0.3837450642330972,1.7009695451562836,2,4280.011321811923
8,31082,0.0007158000492507161,0.4490681817865171,1.7175621152550515,2,4191.03256118898
8,31095,0.0007168938090515011,0.4483506855179592,1.7143972821529174,2,4159.412468484334
8,31119,0.0007293376336482677,0.49303440580299207,1.856269681756803,2,4226.864516768328
8,31132,0.0007304313934490527,0.4923169095344343,1.8531048486546688,2,4324.158405374386
8,31156,0.0007158413560324012,0.38026227918961886,1.7132772835147183,2,4287.0468959959735
8,31169,0.0007169351158331862,0.3795447829210611,1.7101124504125842,2,4325.391524913166
8,31267,0.0007158749601675171,0.3833460576454577,1.704066110425059,2,4289.244877797693
8,31280,0.0007169687199683021,0.38262856137689993,1.7009012773229248,2,4330.941009853591
8,31317,0.0007169703649738342,0.44781076578979173,1.7260281582050254,2,4139.964043841727
8,31341,0.0007158871442626921,0.4415553340142855,1.7261526759306112,2,4139.954394222548
8,31354,0.0007169809040634771,0.4408378377457276,1.722987842828477,2,4123.29829294164
8,31391,0.0007167967370660689,0.4427766291258144,1.729068735145351,2,4163.460570066528
8,31428,0.0007169906494922774,0.42720686748156944,1.7211194287248104,2,4158.314458268561
8,31452,0.0007156981553589726,0.45266951268291156,1.7182924370362886,2,4145.646337606049
8,31465,0.0007167919151597576,0.4519520164143538,1.7151276039341545,2,4199.532808020466
8,31489,0.0007156472900128481,0.4426475826707268,1.7229907803482019,2,4140.771147287682
8,31502,0.000716741049813633,0.441930086402169,1.7198259472460677,2,4187.083140606976
8,31539,0.0007305471430636236,0.42607075257065885,1.9274247866610337,2,4299.445715358508
8,31576,0.0007305463133359201,0.518145561878042,1.861468255028633,2,4247.733961593581
8,31613,0.0009107621215376148,2.001731287200233,4.476333496613966,2,5328.970617828342
8,31637,0.0007153936368375434,0.4197541263761241,1.7148332707030691,2,4133.207916499957
8,31650,0.0007164873966383283,0.4190366301075662,1.711668437600935,2,4182.832824398045
8,31687,0.0007165316258839157,0.44373177422147303,1.725393229627794,2,4201.243043366998
8,31724,0.0007305133853836711,0.4256393198070191,1.8597260920584997,2,4386.746355719739
8,31748,0.0007154638567749597,0.4323251504209056,1.7109696856559962,2,4198.348903380948
8,31761,0.0007165576165757447,0.4316076541523477,1.707804852553862,2,4174.038105543811
8,31798,0.0007165618433349852,0.41749611186040236,1.7256642227497272,2,4152.851696598359
8,31835,0.0007305074283548227,0.49029908751588747,1.8695653156187588,2,4252.487710574562
8,31872,0.0007305061844104184,0.4735222444175454,1.872274774311588,2,4256.529872346083
8,31909,0.0009118022671150315,1.957969029235578,4.527322014944573,2,5243.684605715739
8,31983,0.0007166413009171391,0.378308575582482,1.7638643334620712,2,4197.379232144515
8,32007,0.0007293921396137311,0.5138557616826077,1.8548615541253168,2,4280.867009167138
8,32020,0.0007304858994145161,0.5131382654140498,1.8516967210231827,2,4285.344191108216
8,32044,0.0007155697027994319,0.4365781289485954,1.7199926828300183,2,4123.280824354568
8,32057,0.0007166634626002169,0.4358606326800376,1.7168278497278842,2,4180.685400962986
8,32094,0.0007166835384874434,0.4144461366972607,1.7206388778919275,2,4141.2417763846925
8,32131,0.0007167011780503864,0.3709500679287149,1.7137683186864652,2,4279.304022361421
8,32168,0.0007167119134681493,0.43296565795484754,1.7313675903463954,2,4129.269640478326
8,32205,0.0007167279984464338,0.38031488491057974,1.7130134486551,2,4299.938308667716
8,32229,0.0007156792426149924,0.4219222710581325,1.7183020436504728,2,4137.178025784756
8,32242,0.0007167730024157774,0.42120477478957474,1.7151372105483387,2,4159.072948885083
8,32279,0.0007302737541390449,0.4834011364654972,1.8653036077483809,2,4270.081033911182
8,32316,0.0007170008957708175,0.45591237849477995,1.704614609242132,2,4215.632949945375
8,32353,0.0007304148733200704,0.5168296288022894,1.8223770673945652,2,4361.37470458313
8,32390,0.0007303574904585701,0.4709921410513541,1.868817590412027,2,4222.43738154422
8,32427,0.0007303371138856445,0.422744131461692,1.9299862825794896,2,4293.94893054509
8,32451,0.0007162656514199774,0.42076134323716685,1.7250635927369715,2,4097.815840049858
8,32464,0.0007173594112207624,0.42004384696860897,1.7218987596348374,2,4166.407811322264
8,32501,0.0007173599165722093,0.4485422020795802,1.7399364318539934,2,4169.3780104539355
8,32538,0.0007173707410078093,0.45995232974761746,1.7189947163526291,2,4227.416913771564
8,32575,0.0007173884218731431,0.44167280856579305,1.7370473763436187,2,4166.86077936991
8,32612,0.0007173938961421978,0.4296122706271672,1.7279294309985012,2,4143.681502847037
8,32649,0.000717395338988629,0.38606651440600437,1.7282715229715058,2,4268.171981499679
8,32686,0.0007173956195490439,0.4307425366915517,1.7379951497893955,2,4110.51246696856
8,32723,0.0007174231985403094,0.3883449940674394,1.7071390577009622,2,4300.95322638456
8,32760,0.0007174302091464863,0.46026625309802305,1.7322885739665814,2,4194.117294963891
8,32797,0.0007174331023139744,0.4462687975599612,1.7414428763305754,2,4170.972637516192
8,32834,0.00071744704213159,0.3780316017010007,1.7792181615030194,2,4232.847920021406
8,32871,0.0007174866106604198,0.4585472218184081,1.7195271142464337,2,4181.101511767656
8,32908,0.000717493980134514,0.4611223510070972,1.7352249125799084,2,4219.132957584415
8,32969,0.0007291992788430559,0.5127787076983082,1.83493423629587,2,4296.832882799591
8,32982,0.0007302930386438409,0.5120612114297504,1.831769403193736,2,4334.631138351056
8,33019,0.000717554616902297,0.45801527744578574,1.7153066163080724,2,4204.422541761352
8,33056,0.0007175576889613183,0.3860875083568984,1.722785032301032,2,4298.2505605115
8,33093,0.000730361061625565,0.5164044229368099,1.8665417329564011,2,4283.2057956569115
8,33117,0.0007159408700920382,0.37973838301994156,1.7039534618617493,2,4284.0365047065
8,33130,0.0007170346298928232,0.3790208867513837,1.7007886287596152,2,4323.734607084027
8,33167,0.0007172647107463503,0.44437556134580647,1.7317647341052067,2,4160.993794943583
8,33204,0.0009151965306407375,2.1367189706819163,4.532186097699668,2,5356.361244681086
8,33228,0.0007159489820728172,0.4450389616910576,1.699932706049375,2,4166.28037576492
8,33241,0.0007170427418736021,0.44432146542249973,1.6967678729472409,2,4223.753201109205
8,33278,0.0007170731543512667,0.4328076425940073,1.7343329057179535,2,4167.978251188192
8,33302,0.0007159919934593011,0.44153946153322177,1.7126613625756542,2,4207.960144660412
8,33315,0.000717085753260086,0.440821965264664,1.70949652947352,2,4184.571669844638
8,33352,0.0009142956408595983,2.0859762627867724,4.5380110560403315,2,5346.957609931136
8,33389,0.0007170950671009787,0.45505141448856734,1.7133035996054902,2,4187.868303617522
8,33426,0.0007170999905921126,0.38822319296516317,1.7599901436858427,2,4304.199304749667
8,33463,0.0007171002882829928,0.45665954216541027,1.7198608507037656,2,4170.809331900562
8,33500,0.0007171004286007976,0.423145731030638,1.7226915026622185,2,4144.632611025182
8,33524,0.0007160223993765472,0.4440222809751283,1.705786209289469,2,4173.449159534705
8,33537,0.0007171161591773322,0.44330478470657053,1.7026213761873348,2,4242.834631198651
8,33574,0.0007171168628608267,0.4596485405785743,1.7381752539008886,2,4199.661048634738
8,33611,0.000730394427986682,0.41932687495459564,1.9280947304145681,2,4303.854736684429
8,33648,0.000730392803463927,0.5201596691430967,1.8548198249823915,2,4250.682401064093
8,33685,0.0007171452496364622,0.4469846760393428,1.728094286791644,2,4199.593942478165
8,33722,0.0007171584838746621,0.3832836510023959,1.7710859878851708,2,4244.504244413736
8,33759,0.0007171672387026867,0.4233249819236089,1.7314587698958912,2,4120.946054493721
8,33783,0.0007160902347480972,0.4481218533212026,1.6941145577895955,2,4199.6933268677285
8,33796,0.0007171839945488822,0.4474043570526448,1.6909497246874614,2,4216.379867247859
8,33833,0.0007171845486041476,0.43141726714423867,1.724446262293076,2,4200.163713119863
8,33857,0.000716112583428064,0.4259947283957559,1.7221106669853028,2,4092.137504468883
8,33870,0.000717206343228849,0.42527723212719803,1.7189458338831687,2,4186.857692290987
8,33894,0.0007161499360656128,0.3782688175808937,1.7087854806704834,2,4295.809424244205
8,33907,0.0007172436958663978,0.37755132131233593,1.7056206475683493,2,4310.313950653115
8,33944,0.0007172584899533293,0.4573773598932056,1.725308916400173,2,4158.120008572485
8,34005,0.0007176589653500585,0.4493418262893175,1.730687032416794,2,4162.44857269514
8,34018,0.0007187527251508435,0.44862433002075963,1.72752219931466,2,4199.244954978145
8,34055,0.0007187848233519763,0.4503615203362792,1.746212750243327,2,4156.118158928266
8,34079,0.0007190479001542458,0.46578456193754336,1.737050884186134,2,4204.461570768467
8,34092,0.0007201416599550308,0.4650670656689856,1.733886051084,2,4233.237304664503
8,34129,0.0007201511215573518,0.38123421420200765,1.8164897288590491,2,4263.997288898471
8,34153,0.0007190669302450267,0.4612078424644692,1.745475046990126,2,4189.307767107496
8,34166,0.0007201606900458117,0.46049034619591134,1.7423102138879918,2,4182.872153358365
8,34203,0.0007295940227696834,0.48776430367320167,1.8592672820318088,2,4262.001971769603
8,34240,0.0007201821878158669,0.39443043302551273,1.799350858604935,2,4227.99961259929
8,34264,0.0007190999191159134,0.4671440845917394,1.7285606468099102,2,4258.564108750106
8,34277,0.0007201936789166984,0.4664265883231816,1.725395813707776,2,4217.145950748747
8,34351,0.0007202078476839666,0.45228523841131696,1.7670658478804488,2,4225.6434110211385
8,34388,0.0007202109163753313,0.47001385767576764,1.7323313515662295,2,4246.972065116119
8,34412,0.0007284803222188,0.4984477380877649,1.8408267360528665,2,4222.42703743458
8,34425,0.000729574082019585,0.4977302418192071,1.8376619029507324,2,4268.272260455843
8,34462,0.0007295716198555168,0.42441733639065027,1.9088965901037802,2,4312.37806190649
8,34499,0.0007202592540440564,0.4619561367826319,1.7634041014444932,2,4163.0947816952585
8,34523,0.0007191722979161639,0.4591085383768041,1.746187984990906,2,4204.966177364862
8,34536,0.0007202660577169488,0.4583910421082463,1.743023151888772,2,4199.590193539492
8,34610,0.0007202993547536892,0.44766895076324376,1.7674036073188792,2,4170.734252748248
8,34647,0.0007203083315316175,0.46722340344062063,1.7208725247971914,2,4249.076398380166
8,34671,0.0007192299461093455,0.453491045714679,1.76028666747417,2,4171.82541097237
8,34684,0.0007203237059101305,0.45277354944612114,1.7571218343720358,2,4175.548565246923
8,34708,0.0007192638138505616,0.4674708869075256,1.7356405833818493,2,4257.947894623591
8,34721,0.0007203575736513466,0.4667533906389677,1.7324757502797152,2,4213.72878624494
8,34758,0.0007203732083174154,0.39503033156801937,1.7564059963887677,2,4333.650473213805
8,34795,0.0007201236168732291,0.3897480773249644,1.7499119180164395,2,4338.537660797936
8,34819,0.0007284498669932353,0.4852655297730539,1.8576068577484928,2,4209.899215960026
8,34832,0.0007295436267940203,0.48454803350449605,1.8544420246463587,2,4230.770221181776
8,34906,0.0007296191947293332,0.4933259891872457,1.8589759535055073,2,4259.569831503916
8,34943,0.000719767335389894,0.3933967450459086,1.801738699903948,2,4237.133195255277
8,35017,0.000729720658136849,0.4324256289249707,1.9065497907390072,2,4335.119892205077
8,35041,0.0007186967517729099,0.4664831127914134,1.7353709087561706,2,4200.865303600457
8,35054,0.0007197905115736949,0.46576561652285553,1.7322060756540365,2,4179.3233529315685
8,35078,0.000728624901002481,0.49761341613060805,1.8291154856719591,2,4282.047469000724
8,35091,0.000729718660803266,0.4968959198620502,1.825950652569825,2,4321.960530951785
8,35115,0.0007286160958749502,0.5089343379140014,1.8411555752966262,2,4303.375767203473
8,35128,0.0007297098556757352,0.5082168416454436,1.837990742194492,2,4283.561816893702
8,35165,0.0007297082385963411,0.42971660790070043,1.8378043232292702,2,4410.618202249087
8,35202,0.0007296869813576853,0.5129714299743877,1.8259333519139116,2,4318.824714927069
8,35276,0.0007198916930442029,0.3900048285365916,1.7981651217672732,2,4237.850714864706
8,35300,0.0007188204039577871,0.46374882588878497,1.7466043863412746,2,4164.016982816522
8,35313,0.0007199141637585721,0.4630313296202271,1.7434395532391405,2,4252.189010464874
8,35350,0.0007199666278031585,0.38525530729635704,1.7539959376607674,2,4323.0174638295875
8,35374,0.000728555741794055,0.49661970966478886,1.8369581223675562,2,4278.354899874894
8,35387,0.00072964950159484,0.4959022133962311,1.833793289265422,2,4334.183449552647
8,35424,0.0007200035176001512,0.43462953141170557,1.7572325364413828,2,4159.429979690672
8,35461,0.0007200035274846094,0.4622269416849629,1.7660994024373555,2,4141.847251939135
8,35498,0.0007200159884093326,0.39518198492418655,1.7473955469326006,2,4298.763044803227
8,35535,0.0007200298356156055,0.38310098310380836,1.814361617760635,2,4262.316329632763
8,35572,0.0007200356765468073,0.46516499478291096,1.763810719490961,2,4204.729636270602
8,35609,0.000720051162617654,0.46773739972457495,1.715805924959067,2,4323.246277057372
8,35633,0.0007189863300592083,0.4670047169700794,1.755394474136606,2,4196.639331911531
8,35646,0.0007200800898599933,0.4662872207015215,1.752229641034472,2,4217.050474845082
8,35683,0.0007197671577005164,0.4659843372272151,1.7310990226019125,2,4180.174183154499
8,35707,0.0007193130139102931,0.3949582849589407,1.7462113643305537,2,4298.657367421508
8,35720,0.0007204067737110781,0.3942407886903829,1.7430465312284196,2,4334.440046195824
8,35744,0.0007193602452595052,0.44418480058754095,1.7583293166150993,2,4179.206334946118
8,35757,0.0007204540050602902,0.44346730431898307,1.7551644835129652,2,4202.256173540608
8,35794,0.0007208430745863369,0.46547905404091816,1.777104692038917,2,4175.521932440981
8,35831,0.000729434962540091,0.43045217714622774,1.906421237008361,2,4315.821184771992
8,35855,0.0007283363881171804,0.5093517961474149,1.8295233532981976,2,4327.814191703771
8,35868,0.0007294301479179654,0.508634299878857,1.8263585201960635,2,4341.76838309046
8,35892,0.000719801496385012,0.47154134512889545,1.7643984991025912,2,4194.595508099826
8,35905,0.000720895256185797,0.4708238488603377,1.761233666000457,2,4230.452379304528
8,35929,0.0007198172501798051,0.437684597817675,1.7568585810733122,2,4155.611216151909
8,35942,0.0007209110099805901,0.4369671015491171,1.753693747971178,2,4217.754702360936
8,35979,0.0009346282777310586,2.110807977615743,5.052703271343188,2,5314.643286243151
8,36003,0.0007283175266111902,0.4899739876619751,1.847803755143622,2,4200.794135582989
8,36016,0.0007294112864119752,0.4892564913934173,1.8446389220414878,2,4260.397665195418
8,36053,0.0007209217545375546,0.3898503343440629,1.7630687187845109,2,4322.515411311689
8,36090,0.000720925694204319,0.43127180870063875,1.7704376005155664,2,4189.881571513249
8,36127,0.000720959914151506,0.47366822556730737,1.7662617337738784,2,4150.43940264976
8,36151,0.0007198855897843455,0.4494759736884325,1.765525465772206,2,4164.036510107513
8,36164,0.0007209793495851304,0.4487584774198746,1.7623606326700718,2,4162.015934056192
8,36201,0.0007294046072813518,0.4799437910614782,1.8554010452484857,2,4276.136065620242
8,36238,0.0007210063123654232,0.3938776212013456,1.8178475693565226,2,4265.37722211806
8,36262,0.00071993179015873,0.4618099710391026,1.7581309635084599,2,4178.939386181919
8,36275,0.000721025549959515,0.4610924747705448,1.7549661304063258,2,4230.486349877463
8,36312,0.0007293920594537746,0.41301530720824564,1.8505677272344303,2,4389.876745509564
8,36349,0.0007293856924218483,0.5156008589289817,1.8405094494394703,2,4308.993957943331
8,36386,0.0007210439735941894,0.39826172336959187,1.7400426976013068,2,4301.114334852374
8,36423,0.0007293835909888802,0.5115474363676993,1.8622108724775983,2,4276.35341004969
8,36460,0.0007210977871283152,0.3936088106250595,1.7629587292383901,2,4325.062321469001
8,36497,0.000720836711092998,0.4417902656138879,1.7721304400931446,2,4163.543581777023
8,36534,0.0007204347071768965,0.46119352467917674,1.770458236616953,2,4212.992429075538
8,36571,0.0007208232925448193,0.47097159927393717,1.733186670017207,2,4264.793748731612
8,36608,0.0009338790332264338,2.1215056708438724,4.9889763985742155,2,5361.996425885155
8,36632,0.0007193632377481488,0.465397306268995,1.7271151841154948,2,4201.386250751226
8,36645,0.0007204569975489338,0.4646798100004371,1.7239503510133607,2,4273.985125259828
8,36682,0.0009321417905522099,2.4394540191529783,4.837773626206958,2,5423.898168247835
8,36719,0.0007295169717749987,0.5115751241882303,1.8422484883649106,2,4289.038827882494
8,36756,0.0007205271459887442,0.459936041630871,1.765731237460759,2,4187.161009518864
8,36780,0.000719471605034703,0.4545653483771933,1.738587690237717,2,4213.696311492018
8,36793,0.0007205653648354879,0.45384785210863554,1.735422857135583,2,4233.627424876355
8,36830,0.0007205929861953051,0.39613029016716017,1.7572297740672695,2,4321.259922441593
8,36854,0.0007195056166465263,0.4553132944756003,1.7384195462187537,2,4224.675579983475
8,36867,0.0007205993764473113,0.45459579820704255,1.7352547131166196,2,4258.354003413874
8,36904,0.0007294840151024309,0.5134696992289915,1.8556658526565908,2,4264.149494820486
8,36928,0.000719553124961508,0.46699197621312927,1.743654986412842,2,4168.96662073705
8,36941,0.000720646884762293,0.4662744799445715,1.7404901533107078,2,4249.559874526221
8,36965,0.000719571283021498,0.45914498298839435,1.759118731352413,2,4149.716055612004
8,36978,0.0007206650428222829,0.4584274867198366,1.755953898250279,2,4228.269316313568
8,37002,0.0007195731440341793,0.4485478722280726,1.7600760641408877,2,4172.810168967645
8,37015,0.0007206669038349642,0.4478303759595148,1.7569112310387536,2,4175.9983285860935
8,37052,0.000720668718916262,0.38909628871366886,1.7516959888683323,2,4342.415619831768
8,37089,0.0007294773175487103,0.4253691957020518,1.855753648390899,2,4383.202372530405
8,37126,0.0007206871575390306,0.44538281704767346,1.76879767776604,2,4224.8592829971885
8,37163,0.0007207005782085411,0.4257665561299874,1.7673901759313737,2,4232.1713216942735
8,37200,0.0007207309469259823,0.3989403559984922,1.7591483644518109,2,4311.2223611214795
8,37237,0.0007207355829819887,0.4361199967025573,1.7649788859841617,2,4154.828998245082
8,37274,0.0007294691966835133,0.5075509316026138,1.863905224343777,2,4323.373109266411
8,37348,0.0007294494793637011,0.4943715190495156,1.856909161322724,2,4213.5254507185045
8,37385,0.0007187761241517031,0.4538532581638879,1.7433987489171434,2,4193.556632019104
8,37422,0.0007197661385360468,0.45497841639144354,1.75544419154105,2,4171.294201733514
8,37459,0.0007197586474209652,0.3953042836151235,1.732369718365266,2,4325.648980786867
8,37483,0.0007178923048679628,0.4515814556520863,1.7310312131946126,2,4120.108282875438
8,37496,0.0007189860646687478,0.4508639593835285,1.7278663800924785,2,4240.475451175984
8,37533,0.0007189932005749898,0.4609875028468079,1.7473212683985615,2,4189.218809784672
8,37557,0.0007288246569032757,0.5007162466746773,1.8497857595529654,2,4228.64598192225
8,37570,0.0007299184167040607,0.4999987504061194,1.8466209264508313,2,4269.747749268998
8,37607,0.0007299177750373755,0.4868485125231513,1.860585811299559,2,4236.178991021269
8,37644,0.0009246735851807371,2.223563708902021,4.734078952191021,2,5419.353904923189
8,37681,0.0007190205573806651,0.46426619706325023,1.7132406235851654,2,4265.206264730124
8,37705,0.0007179312515836556,0.4579288341366675,1.7269051055212976,2,4206.200353375945
8,37718,0.0007190250113844406,0.45721133786810964,1.7237402724191635,2,4236.900346871093
8,37755,0.0007190278324346274,0.3773922347891352,1.7419792102815692,2,4331.7631170246905
8,37779,0.0007179365599058754,0.4600232055152177,1.7432540476935596,2,4141.669958027385
8,37792,0.0007190303197066604,0.4593057092466599,1.7400892145914255,2,4229.36202154293
8,37829,0.0007190314320611433,0.4640993312168462,1.7048153199704186,2,4315.885142775527
8,37866,0.0007190597142087183,0.39104222266405697,1.7846323799008694,2,4257.9477036851695
8,37890,0.0007288093987661852,0.4922397153745849,1.8543256582579568,2,4211.364633551144
8,37903,0.0007299031585669702,0.491522219106027,1.8511608251558227,2,4262.54602809141
8,37940,0.0007190875961798125,0.44563157003779963,1.7498707724165288,2,4171.62306511879
8,37964,0.0007180298180418491,0.4332184194573562,1.742079054547446,2,4101.955872182352
8,37977,0.0007191235778426341,0.4325009231887984,1.738914221445312,2,4205.794305954606
8,38001,0.0007287954512192367,0.49492208575828145,1.8557954347074945,2,4290.618181518769
8,38014,0.0007298892110200217,0.49420458948972357,1.8526306016053604,2,4274.411238347997
8,38051,0.0007191313767318576,0.4434557241199881,1.7572579402312825,2,4172.537296492235
8,38075,0.0007180377962160136,0.44002064148638553,1.7325879853116946,2,4136.970578831558
8,38088,0.0007191315560167986,0.43930314521782765,1.7294231522095604,2,4219.794070128918
8,38125,0.0007191363637529363,0.3836505762821313,1.798133474592281,2,4243.041244273357
8,38149,0.0007180447037285107,0.4563086520754537,1.737595873953472,2,4176.937960796298
8,38162,0.0007191384635292957,0.4555911558068959,1.734431040851338,2,4163.058416758562
8,38199,0.0007189846204463136,0.46451045311291816,1.7063554255525057,2,4266.862729079223
8,38236,0.0007191528458935617,0.46430931345607607,1.739630060707399,2,4171.27682980994
8,38273,0.0007189835444251397,0.4505026699666621,1.7539462134766872,2,4172.304868477619
8,38310,0.0007189788793969468,0.4463388051834212,1.7462903788479152,2,4187.768065084223
8,38334,0.0007288634270419737,0.5072509044742759,1.8251811150628705,2,4281.942495441145
8,38347,0.0007299571868427586,0.506533408205718,1.8220162819607364,2,4324.7306178720355
8,38371,0.0007177551899012246,0.45472901383180253,1.710785696669457,2,4221.264171195518
8,38384,0.0007188489497020095,0.45401151756324476,1.707620863567323,2,4238.531667002604
8,38421,0.0007188515966778861,0.45166164035463996,1.7473914213903416,2,4207.434362216003
8,38458,0.0007188654474631534,0.44830875836320117,1.7550170797938767,2,4185.881736277306
8,38495,0.0007299512864410361,0.4198639203086233,1.916775067368538,2,4320.67849508904
8,38532,0.0007188677073141958,0.464613256233701,1.7438314444073435,2,4172.94027110992
8,38556,0.000728855295530508,0.49260374549655495,1.8365380896809607,2,4278.59693104475
8,38569,0.000729949055331293,0.49188624922799706,1.8333732565788265,2,4324.075745902522
8,38593,0.0007177815096385329,0.45064291971134063,1.7375879405722159,2,4159.166149501425
8,38606,0.0007188752694393179,0.44992542344278286,1.7344231074700818,2,4196.096605486392
8,38643,0.0007188849981680647,0.46069714268866424,1.7487286563330777,2,4189.116497607838
8,38680,0.0007188991928739018,0.3799863064211395,1.7322965727354314,2,4324.299952495559
8,38704,0.0007178111229543466,0.3844316901331061,1.729328580843749,2,4284.1365193694055
8,38717,0.0007189048827551316,0.3837141938645482,1.726163747741615,2,4322.85448389245
8,38754,0.0007189201334282759,0.46231570800813016,1.7496033075278372,2,4221.974423605085
8,38791,0.0007189258549477423,0.3906220503825967,1.7248266792538454,2,4327.56601024345
8,38815,0.0007288405764479851,0.49702027753747147,1.8415127983536688,2,4249.555484320881
8,38828,0.00072993433624877,0.4963027812689136,1.8383479652515347,2,4292.268018320246
12,13,0.0007034544829859461,0.3405093292243426,1.5844570281052548,2,4178.559726572345
12,16,0.0007033200502918165,0.33854361405295585,1.5742807296484653,2,4194.21434220346
12,38,0.000854710347059518,1.2715377904206693,3.5639248882721004,2,4982.085328932506
12,53,0.0008535530029640647,1.271125149580588,3.5662705699529424,2,4936.881818499069
12,87,0.0007290915232373972,0.4911889917206669,1.847674966825441,2,4218.10667737092
12,90,0.0007289570905432676,0.4892232765492801,1.8374986683686514,2,4275.589808052179
12,112,0.0008549721734419412,1.4175701027477108,3.494169908445441,2,5055.669070948342
12,159,0.0006970042599226427,0.37583849232029676,1.534714250627767,2,4046.9863950672916
12,161,0.0007043438380975668,0.3912788542087148,1.5836851348503604,2,4081.3740161375404
12,164,0.0007042094054034372,0.389313139037328,1.573508836393571,2,4093.034319318538
12,186,0.0007053715331361447,0.4048839084730055,1.5975424507061322,2,4093.331410700126
12,201,0.0007042141890406914,0.4044712676329242,1.599888132386974,2,4080.7262107887464
12,223,0.0007301047028680148,0.5169768550537999,1.8252297695056567,2,4351.510142976841
12,260,0.0007300994971679959,0.5156839673066566,1.8217149011060354,2,4371.9676770417545
12,297,0.000705413833468644,0.40222331291618163,1.5843964614132757,2,4116.786469107509
12,309,0.0007043909220673203,0.403776387247487,1.5969184415509072,2,4106.186371719315
12,312,0.0007042564893731907,0.4018106720761002,1.5867421430941178,2,4088.111957779925
12,346,0.0007044008699952836,0.37364463586570773,1.6041247674900418,2,4033.4348216715275
12,349,0.000704266437301154,0.37167892069432096,1.5939484690332522,2,4049.7331664010685
12,371,0.0008555271026036282,1.3582938331237253,3.529834176668619,2,4988.8965848905755
12,445,0.0007054620981690301,0.3841158203803732,1.594606556513109,2,4113.639672977053
12,457,0.0007044391867677064,0.38566889471167864,1.6071285366507404,2,4088.751359693768
12,460,0.0007043047540735768,0.38370317954029187,1.596952238193951,2,4063.007048762984
12,497,0.0007043112406623291,0.34431896758522984,1.6393267142003853,2,4150.0566804807795
12,531,0.0007044775430139513,0.3995159968315476,1.5817085202258545,2,4116.122756919853
12,534,0.0007043431103198217,0.3975502816601608,1.571532221769065,2,4116.556791402413
12,556,0.0007055232850603542,0.3482495836583748,1.5936025174831354,2,4214.472605915037
12,608,0.0007043743332150102,0.34293014989109605,1.6349494337843689,2,4176.19851100297
12,645,0.0007289050668008153,0.4252230338149591,1.9054446026228893,2,4309.739957211354
12,679,0.0007045462399579403,0.34328473328194453,1.597218647355998,2,4194.630591884127
12,682,0.0007044118072638107,0.34131901811055776,1.5870423488992083,2,4187.413209598757
12,716,0.0007045681663605201,0.3928486819319684,1.5869353839340772,2,4084.228427256968
12,719,0.0007044337336663905,0.39088296676058165,1.5767590854772877,2,4119.154793580465
12,741,0.0007053059923767865,0.38173614105244835,1.5919113141162835,2,4135.249221082611
12,753,0.0007042830809754628,0.3832892153837537,1.604433294253915,2,4022.4057403712595
12,756,0.0007041486482813332,0.38132350021236694,1.5942569957971255,2,4056.103146943601
12,778,0.0007056003222377006,0.40619122761504856,1.5858090080523881,2,4097.562710753358
12,815,0.0007052983397234248,0.38448732074011427,1.5909293937726448,2,4126.523363947999
12,827,0.0007042754283221011,0.38604039507141974,1.6034513739102763,2,4075.054657659824
12,830,0.0007041409956279715,0.38407467990003297,1.5932750754534866,2,4085.5891968450696
12,938,0.0007040536812164303,0.39321518532959276,1.5813189445254343,2,4083.311164166952
12,941,0.0007039192485223007,0.391249470158206,1.5711426460686446,2,4145.971285918574
12,975,0.0007040554911226035,0.3955385825876748,1.586976260133931,2,4062.3700655468115
12,978,0.0007039210584284739,0.39357286741628805,1.5767999616771415,2,4092.3081873797946
12,1000,0.0008528382779591624,1.2406902667911233,3.5348612280498206,2,4954.547043312535
12,1012,0.0008518153665578387,1.2422433411224287,3.547383208187452,2,4959.1554647677785
12,1015,0.0008516809338637091,1.240277625951042,3.5372069097306627,2,4912.932879532647
12,1049,0.0007040695760967686,0.3969674931906173,1.5800278114334763,2,4039.073291518345
12,1052,0.000703935143402639,0.39500177801923053,1.5698515129766866,2,4084.750676374962
12,1074,0.0007050927843733183,0.39974785944130387,1.5820876841557219,2,4100.595083540822
12,1086,0.0007040698729719946,0.4013009337726092,1.5946096642933534,2,4140.942131595467
12,1089,0.000703935440277865,0.39933521860122245,1.5844333658365637,2,4103.629163940382
12,1123,0.0007291553281248244,0.5070295905998455,1.8351089531028595,2,4262.691984215834
12,1126,0.0007290208954306948,0.5050638754284588,1.82493265464607,2,4261.188338347478
12,1160,0.0007041056537408653,0.375386002605973,1.6017838887641476,2,4066.0585424868946
12,1163,0.0007039712210467357,0.3734202874345862,1.591607590307358,2,4066.9188758718083
12,1185,0.0007051363251297807,0.40169931929804215,1.5872357102545986,2,4116.129751080487
12,1197,0.000704113413728457,0.4032523936293476,1.5997576903922301,2,4087.9620359038363
12,1200,0.0007039789810343274,0.40128667845796084,1.5895813919354407,2,4128.711703303001
12,1234,0.0007291348833782181,0.42655438282647695,1.8511694403094177,2,4355.949940432939
12,1237,0.0007290004506840885,0.4245886676550902,1.8409931418526282,2,4367.809846550444
12,1259,0.0007301522762801979,0.4999966245192361,1.8324642253850267,2,4294.364642948635
12,1271,0.0007291293648788742,0.5015496988505416,1.8449862055226582,2,4246.847837009673
12,1274,0.0007289949321847446,0.4995839836791548,1.8348099070658688,2,4281.623299557312
12,1333,0.0007301478744333351,0.4970902641136262,1.8297746821909042,2,4330.751992359642
12,1345,0.0007291249630320114,0.4986433384449317,1.8422966623285357,2,4261.463652098284
12,1348,0.0007289905303378818,0.4966776232735449,1.832120363871746,2,4275.216601931765
12,1370,0.0007051819862562723,0.39692704168658155,1.5911295155482745,2,4119.237997438363
12,1382,0.0007041590748549486,0.3984801160178869,1.603651495685906,2,4066.609670637695
12,1385,0.000704024642160819,0.39651440084650014,1.5934751972291166,2,4067.30845604031
12,1407,0.0007301444210942084,0.5148053082330113,1.829382214302364,2,4317.477640703768
12,1456,0.0007041750869366035,0.3752575039706345,1.6016844155648593,2,4043.936921457202
12,1459,0.0007040406542424739,0.37329178879924774,1.5915081171080698,2,4075.040948133984
12,1481,0.000705236800139642,0.3784938196820363,1.5983048116381922,2,4103.776886331995
12,1496,0.0007040794560441887,0.3780811788419549,1.6006504933190342,2,4040.761930998764
12,1607,0.0007041236027289571,0.3376041902469852,1.639837807552673,2,4159.872162049116
12,1629,0.0007050270969717817,0.388237415842298,1.5972063056572996,2,4089.6217999530686
12,1644,0.0007038697528763284,0.3878247750022167,1.5995519873381416,2,4027.25465782204
12,1678,0.0007290241777207229,0.5126411655711917,1.8194851062002744,2,4292.49335776124
12,1681,0.0007288897450265933,0.5106754503998049,1.809308807743485,2,4355.841708691256
12,1777,0.0007060770222253967,0.4010492067910074,1.6005840550902926,2,4101.857455482729
12,1789,0.000705054110824073,0.4026022811223128,1.613106035227924,2,4080.015627605175
12,1792,0.0007049196781299434,0.400636565950926,1.6029297367711346,2,4084.361468993422
12,1900,0.00070509923330558,0.38710787687524284,1.605185495235428,2,4070.4609667747104
12,1903,0.0007049648006114504,0.38514216170385607,1.5950091967786386,2,4073.8419632567256
12,1937,0.0007051142068632219,0.3793079037974706,1.6091961624022346,2,4076.9808213714423
12,1940,0.0007049797741690923,0.3773421886260838,1.599019863945445,2,4097.926533850911
12,1962,0.0007061379268095237,0.39865024242611635,1.5864828109646776,2,4155.0808433236725
12,1974,0.0007051150154082,0.4002033167574217,1.599004791102309,2,4089.3869205218016
12,1977,0.0007049805827140704,0.39823760158603494,1.5888284926455196,2,4091.9224096979983
12,2036,0.0007299245220059802,0.43090761259925303,1.9042214068062755,2,4304.228347067573
12,2073,0.0007299235153294738,0.5165763177736387,1.855316416987723,2,4224.343740287072
12,2110,0.0007062277381851797,0.4056928292673402,1.6021487976984365,2,4090.883841999747
12,2122,0.000705204826783856,0.40724590359864565,1.614670777836068,2,4120.8375899441835
12,2125,0.0007050703940897264,0.4052801884272589,1.6044944793792786,2,4131.309329225391
12,2147,0.0007062342552560165,0.39197068622809317,1.6021048879181854,2,4095.8342513298517
12,2159,0.0007052113438546928,0.39352376055939864,1.614626868055817,2,4068.339145651512
12,2162,0.0007050769111605632,0.39155804538801187,1.6044505695990272,2,4067.4211034915124
12,2196,0.000705227584202345,0.38098560293750716,1.6075596705433415,2,4061.4054617195065
12,2199,0.0007050931515082154,0.3790198877661204,1.5973833720865518,2,4070.9018376141976
12,2236,0.0007051122247993874,0.3483253007821022,1.5737873465053058,2,4237.950606983898
12,2258,0.0008615817694651913,1.506697660888359,3.589011021659548,2,5127.783812149664
12,2295,0.000706277189871147,0.4050978853100756,1.597644459546751,2,4086.2760732228717
12,2307,0.0007052542784698233,0.406650959641381,1.6101664396843824,2,4111.970643854135
12,2310,0.0007051198457756937,0.4046852444699942,1.599990141227593,2,4169.40681795399
12,2332,0.0007299029468692657,0.4909628664567115,1.8481662313206901,2,4265.213931333312
12,2344,0.000728880035467942,0.49251594078801697,1.8606882114583216,2,4211.9097765359975
12,2347,0.0007287456027738124,0.4905502256166302,1.850511913001532,2,4227.064749883238
12,2381,0.0007052938009521882,0.3924092426100244,1.607676536651117,2,4071.876786142871
12,2384,0.0007051593682580586,0.39044352743863764,1.5975002381943273,2,4048.108274914442
12,2406,0.000861802024139064,1.4756546796536945,3.599969282181219,2,5128.423163735827
12,2443,0.0007060630076212628,0.40892308094929886,1.5857928183028667,2,4129.932092138241
12,2492,0.0007045945360057234,0.39200576029265677,1.5880017354123244,2,4091.5219133270593
12,2495,0.0007044601033115938,0.39004004512127,1.577825436955535,2,4125.556233731797
12,2532,0.0007048548511639515,0.3467501811763225,1.5722352744795953,2,4240.887932286188
12,2569,0.0007047856084810369,0.34683158860692354,1.571289623456787,2,4231.724413682117
12,2640,0.0007046782361603051,0.3437512119973325,1.5946420570937556,2,4183.213157508623
12,2643,0.0007045438034661755,0.3417854968259457,1.5844657586369661,2,4192.01373946876
12,2665,0.0008576584880218819,1.2766026002692654,3.6325040633812193,2,4989.112968961086
12,2680,0.0008565011439264286,1.2761899594291841,3.6348497450620614,2,4905.364554022027
12,2702,0.0007057168304784508,0.404312283773391,1.5856530055819162,2,4166.532514432047
12,2714,0.0007046939190771271,0.4058653581046965,1.5981749857195477,2,4074.7885065666264
12,2717,0.0007045594863829975,0.4038996429333097,1.5879986872627583,2,4080.029496289742
12,2739,0.0007300264593434346,0.42376629007392996,1.849394873718895,2,4379.545451582426
12,2788,0.0007290018536634987,0.5086699307394849,1.8250575374674651,2,4291.874242559791
12,2791,0.0007288674209693691,0.5067042155680981,1.8148812390106757,2,4335.130255600219
12,2825,0.0007290008348011406,0.48830026874714894,1.847355508434725,2,4257.47861277817
12,2828,0.000728866402107011,0.48633455357576216,1.8371792099779356,2,4277.428663895396
12,2850,0.0007057456716930429,0.40491550239927565,1.579102324020211,2,4158.052181607842
12,2862,0.0007047227602917192,0.406468576730581,1.5916243041578424,2,4104.433121348344
12,2865,0.0007045883275975896,0.40450286155919424,1.5814480057010527,2,4122.155309595267
12,2887,0.0007057582470134424,0.34696260784791966,1.5879911378528515,2,4250.252474222411
12,2902,0.0007046009029179891,0.34654996700783836,1.5903368195336933,2,4202.349895700068
12,2961,0.000730005402146786,0.5054110904053187,1.8326790411807177,2,4334.488238541915
12,2973,0.0007289824907454623,0.5069641647366242,1.8452010213183492,2,4253.7641433184735
12,2976,0.0007288480580513327,0.5049984495652374,1.8350247228615595,2,4268.851247158387
12,3047,0.0007048155928338223,0.39590632164255135,1.597357584617133,2,4069.9081928327496
12,3050,0.0007046811601396927,0.3939406064711646,1.5871812861603434,2,4099.312129159058
12,3072,0.0008587616627743769,1.3114680038205024,3.6282140903784517,2,5010.082758661365
12,3087,0.0008576043186789236,1.3110553629804211,3.6305597720592937,2,4970.973065700441
12,3109,0.0007058668976681694,0.4079821161268826,1.5856499757622535,2,4108.45215882192
12,3146,0.0007299948515965721,0.504314654699959,1.8311811966944385,2,4314.027633730646
12,3158,0.0007289719401952484,0.5058677290312644,1.84370317683207,2,4242.794904841859
12,3161,0.0007288375075011188,0.5039020138598777,1.8335268783752803,2,4289.412075793636
12,3183,0.0007299898071858119,0.5064459943978556,1.8473725505720826,2,4284.21906235842
12,3195,0.0007289668957844882,0.5079990687291611,1.8598945307097141,2,4214.579554602601
12,3198,0.0007288324630903586,0.5060333535577743,1.8497182322529244,2,4268.811447852819
12,3220,0.0007059332234458318,0.3991569263198852,1.5821137504908624,2,4178.872134238439
12,3232,0.0007049103120445081,0.40071000065119056,1.594635730628494,2,4075.998622781095
12,3235,0.0007047758793503785,0.3987442854798038,1.5844594321717043,2,4061.0429996475723
12,3257,0.000859254520979312,1.301779797401095,3.658566072498019,2,4949.656818052673
12,3294,0.0007059905271496553,0.3982694123430608,1.5939821593144254,2,4094.507500558133
12,3306,0.0007049676157483316,0.39982248667436615,1.606504139452057,2,4077.921755255462
12,3309,0.000704833183054202,0.3978567715029794,1.5963278409952675,2,4088.2722878357463
12,3331,0.0007298839321030116,0.43065620184249553,1.9024359877468628,2,4306.593514402634
12,3405,0.0008516127368366061,1.4101286509249407,3.42331833708875,2,5089.424157414777
12,3454,0.0007293507744121135,0.5081081430495201,1.8297342503140708,2,4319.195497084478
12,3457,0.0007292163417179839,0.5061424278781333,1.8195579518572813,2,4290.76924414256
12,3516,0.0007303689674859185,0.5164261761134739,1.8597893338281573,2,4323.885248549832
12,3553,0.0007041661113014416,0.39528597984958225,1.5853412968703653,2,4082.197059251603
12,3568,0.0007030087672059883,0.39487333900950083,1.587686978551207,2,4047.2149566465278
12,3590,0.000846211910747128,1.313624329578024,3.350677717366935,2,5023.366035407558
12,3627,0.0007041874589076228,0.3882943524210386,1.5779030410973687,2,4115.4416750068485
12,3639,0.0007031645475062991,0.3898474267523441,1.5904250212350002,2,4030.626479882041
12,3642,0.0007030301148121695,0.3878817115809573,1.5802487227782105,2,4076.8793807468674
12,3664,0.000730362051510493,0.4948323391536946,1.8615108530630486,2,4273.885991405585
12,3679,0.0007292047074150397,0.4944196983136133,1.8638565347438905,2,4235.442390941517
12,3738,0.0007042486757309908,0.3898835879328907,1.570665469061496,2,4120.566675570744
12,3750,0.0007032257643296671,0.39143666226419604,1.5831874491991276,2,4037.2159618882743
12,3753,0.0007030913316355375,0.38947094709280927,1.573011150742338,2,4090.744953890095
12,3775,0.0007042537580974174,0.3846668777044271,1.5825364726698625,2,4099.101181428391
12,3787,0.0007032308466960937,0.38621995203573256,1.595058452807494,2,4051.1990122139014
12,3790,0.0007030964140019641,0.3842542368643458,1.5848821543507043,2,4050.877518734651
12,3849,0.0008469278783044761,1.1563381822778633,3.446035564427594,2,4931.722513139294
12,3864,0.0008457705342090227,1.155925541437782,3.448381246108436,2,4931.95335271293
12,3886,0.0008469887907863081,1.3785666317417198,3.3379784642439088,2,5039.765762604023
12,3923,0.0007042782856032129,0.3881011580666044,1.5779398133764955,2,4098.166631003051
12,3935,0.0007032553742018892,0.38965423239790986,1.590461793514127,2,4034.6174784328623
12,3938,0.0007031209415077596,0.3876885172265231,1.5802854950573375,2,4078.95314936267
12,3960,0.0007042800872867052,0.3830466105231073,1.5875837012619889,2,4083.9702198534424
12,3975,0.0007031227431912518,0.3826339696830259,1.5899293829428307,2,4033.0019695359783
12,4012,0.000703137662021401,0.397493519821178,1.5543621115093396,2,4173.066750797694
12,4034,0.0007043073812572697,0.3944708893391835,1.57950336644974,2,4100.954525829786
12,4046,0.000703284469855946,0.39602396367048887,1.5920253465873715,2,4045.7608428149906
12,4049,0.0007031500371618164,0.3940582484991021,1.581849048130582,2,4035.291578386148
12,4108,0.0007043216576362577,0.3459123978685059,1.5757619141926338,2,4224.971214352687
12,4145,0.000730382702607659,0.5165223815107183,1.845749590198773,2,4318.43803429483
12,4182,0.0007043234562525488,0.38586841235551395,1.5886991321782642,2,4074.43944431999
12,4197,0.0007031661121570955,0.38545577151543264,1.5910448138591062,2,4028.027081345162
12,4234,0.0007029187834476111,0.3400687052857573,1.6224142520014093,2,4139.488633829626
12,4256,0.0007040636019322972,0.3891739580869661,1.5832589242413049,2,4091.2742468328656
12,4271,0.0007029062578368439,0.3887613172468848,1.585604605922147,2,4057.8017410907037
12,4293,0.0007304707801892514,0.5171902096960387,1.838315486572304,2,4355.040574659251
12,4367,0.0007304487527563366,0.4978424133826608,1.8514257050730991,2,4233.4196023297145
12,4379,0.0007294258413550129,0.49939548771396625,1.8639476852107306,2,4252.886119737528
12,4382,0.0007292914086608833,0.4974297725425795,1.8537713867539412,2,4257.634077857107
12,4404,0.0008441386318118975,1.3309697423688078,3.306030439688985,2,5077.2167109061475
12,4453,0.0007028806559807991,0.3902388049014336,1.5745580814894664,2,4082.8827434110435
12,4456,0.0007027462232866695,0.3882730897300468,1.5643817830326767,2,4102.437056915504
12,4478,0.0007304285359461716,0.508011971368149,1.8379332155838495,2,4366.613118816093
12,4490,0.0007294056245448479,0.5095650456994545,1.850455195721481,2,4246.70966964768
12,4493,0.0007292711918507183,0.5075993305280677,1.8402788972646913,2,4272.024023298076
12,4527,0.0007029092216805657,0.339995084369363,1.5754941428398568,2,4173.572053557308
12,4530,0.0007027747889864361,0.3380293691979762,1.565317844383067,2,4203.473983816294
12,4552,0.000703968206993241,0.38061814220001533,1.5839791526181999,2,4042.6854220132695
12,4567,0.0007028108628977877,0.3802055013599339,1.586324834299042,2,4096.618556206641
12,4626,0.0008447498274602095,1.3451131781827284,3.312679779126184,2,5008.422554863383
12,4663,0.0007039855979454103,0.39609984934525533,1.5859122503516894,2,4039.911459494156
12,4678,0.000702828253849957,0.395687208505174,1.5882579320325314,2,4054.4735178285923
12,4700,0.0008450135712145801,1.2580310299403323,3.3518359075558464,2,4949.523443172312
12,4715,0.0008438562271191268,1.257618389100251,3.3541815892366884,2,4943.061116232986
12,4749,0.0007293769510538233,0.47509478911363623,1.859136176993749,2,4202.543171919816
12,4752,0.0007292425183596937,0.47312907394224946,1.8489598785369592,2,4255.496959298076
12,4786,0.0007030094869750748,0.3425886540231282,1.5668220499869632,2,4195.261704956872
12,4789,0.0007028750542809452,0.34062293885174144,1.5566457515301735,2,4238.641055239359
12,4823,0.0007030161268692554,0.39583650887053856,1.5599333122486063,2,4067.823393726266
12,4826,0.0007028816941751258,0.3938707936991518,1.5497570137918169,2,4120.7086189420115
12,4858,0.0006956818390361897,0.32123144503068934,1.54087695974449,2,4064.6399669036405
12,4863,0.0007028869845169841,0.3347060917477205,1.5796715455102939,2,4187.019522154263
12,4885,0.0008452854109645279,1.3451894896861973,3.3202688300623664,2,5075.859016416934
12,4922,0.0007040503051723795,0.4020472671888594,1.5817852431834005,2,4075.0738135629263
12,4959,0.0007303915613083312,0.5178419418107152,1.8632743655843729,2,4268.51123200909
12,4996,0.000730389321243874,0.47428360779593215,1.8617665461205934,2,4261.985299135216
12,5033,0.000704991458947552,0.40254950467901085,1.5835648290925797,2,4155.018169593039
12,5045,0.0007039685475462283,0.4041025790103163,1.5960868092302112,2,4105.239696077367
12,5048,0.0007038341148520987,0.40213686383892955,1.5859105107734217,2,4082.268740199538
12,5070,0.0007303266008432199,0.47311882023521223,1.8576082689693094,2,4361.948835714417
12,5085,0.0007291692567477666,0.47270617939513093,1.8599539506501512,2,4242.490821805189
12,5119,0.0007033229784127934,0.38729581844469263,1.5841249904487085,2,4098.969898704384
12,5122,0.0007031885457186638,0.38533010327330586,1.5739486919919188,2,4081.274547958296
12,5144,0.0007047314506255295,0.3878816194605428,1.579151911264616,2,4077.385113288591
12,5156,0.0007037085392242058,0.38943469379184814,1.5916738914022475,2,4107.757621387334
12,5159,0.0007035741065300762,0.38746897862046137,1.581497592945458,2,4092.230240077685
12,5193,0.000703709391317511,0.38349149721679376,1.593491629310228,2,4090.8495892817355
12,5196,0.0007035749586233814,0.381525782045407,1.5833153308534385,2,4086.768511878402
12,5230,0.0007037142973459407,0.39985578178269243,1.571208212985219,2,4098.307276773111
12,5233,0.000703579864651811,0.39789006661130566,1.5610319145284295,2,4110.504967775392
12,5255,0.0007047520369720402,0.39693760402261025,1.59686492754447,2,4057.1322002049847
12,5270,0.0007035946928765869,0.39652496318252894,1.599210609225312,2,4062.5290767718284
12,5292,0.0007047818187820309,0.39970056616460026,1.5865156321851548,2,4065.621445333629
12,5304,0.0007037589073807072,0.4012536404959056,1.5990376123227863,2,4091.46027523837
12,5307,0.0007036244746865776,0.39928792532451884,1.5888613138659966,2,4122.814752715708
12,5329,0.0007302268582478817,0.5160554794665787,1.8576741262153922,2,4324.039102339971
12,5381,0.0007036503947645481,0.3338897775485222,1.5860195562422976,2,4217.586501484625
12,5386,0.000696724360654512,0.3246081831222314,1.5545489721673504,2,4146.108107629431
12,5526,0.0007038519343171675,0.34205256797371775,1.5823220947214927,2,4200.528792699704
12,5529,0.0007037175016230379,0.340086852802331,1.5721457962647032,2,4222.7422323465125
12,5563,0.0007291834109261105,0.4805494679397574,1.8560054317220025,2,4237.223219767782
12,5566,0.0007290489782319809,0.4785837527683706,1.845829133265213,2,4277.491371598677
12,5588,0.0007048880889174779,0.3885882348327818,1.5962768807913625,2,4066.2869776782013
12,5603,0.0007037307448220245,0.3881755939927005,1.5986225624722044,2,4042.595868357867
12,5637,0.000703890375326992,0.34346505159175433,1.5868389637970077,2,4183.122875428832
12,5640,0.0007037559426328624,0.34149933642036756,1.576662665340218,2,4206.6309888869155
12,5662,0.000704915659947873,0.34653894032547217,1.5810729737875449,2,4218.587526372129
12,5736,0.0008514116296043175,1.2341014314775174,3.551145429184332,2,4919.323588835121
12,5773,0.0008515129866619684,1.1902728349643816,3.5192602662552988,2,4942.1645541942635
12,5785,0.0008504900752606447,1.191825909295687,3.5317822463929303,2,4927.345287053456
12,5788,0.0008503556425665151,1.1898601941243003,3.521605947936141,2,4935.8487967716155
12,5822,0.000729176553639035,0.5120444932315824,1.8211606197735892,2,4334.523387607267
12,5825,0.0007290421209449054,0.5100787780601956,1.8109843213167995,2,4350.7080279338925
12,5847,0.0007302560423310612,0.5143651471951651,1.8272501111430053,2,4348.815322566459
12,5862,0.0007290986982356079,0.5139525063550838,1.829595792823847,2,4335.081065366118
12,5884,0.000730318701697975,0.5183659398999675,1.8537898624051048,2,4294.083186293129
12,5958,0.0008494759198505365,1.2857413117868566,3.4422629312813546,2,5007.176224393324
12,6007,0.0007033342140406421,0.39320250430143067,1.5785356848058558,2,4049.051026872806
12,6010,0.0007031997813465125,0.3912367891300439,1.5683593863490664,2,4084.8419823443546
12,6032,0.0007043686720724302,0.4022481037411034,1.5681583742282352,2,4140.33433232569
12,6069,0.0007044038607594819,0.40432413927936683,1.5840970113129789,2,4074.108372355103
12,6118,0.0007033890184809375,0.3761141050446537,1.5867437574556176,2,4080.2038242648005
12,6121,0.0007032545857868079,0.37414838987326693,1.5765674589988279,2,4054.9490887388883
12,6155,0.0007033896787555332,0.3922541688938169,1.5750690359413875,2,4074.7508910263323
12,6158,0.0007032552460614036,0.39028845372243015,1.564892737484598,2,4082.543222728488
12,6195,0.0007032833376362654,0.373622364380515,1.5896898298227244,2,4031.539943212322
12,6254,0.0007044571585622058,0.3398685968666951,1.5811482683599558,2,4208.545136844365
12,6269,0.0007032998144667525,0.3394559560266138,1.5834939500407976,2,4152.357447773072
12,6303,0.0007034375770846314,0.3906290068592787,1.5816451095905106,2,4066.27482583518
12,6306,0.0007033031443905018,0.38866329168789193,1.5714688111337212,2,4076.181253863201
12,6328,0.0007044793141964827,0.4004892967773337,1.5790440226616795,2,4156.191177999471
12,6340,0.000703456402795159,0.40204237110863916,1.591566002799311,2,4088.3402221787974
12,6343,0.0007033219701010294,0.4000766559372524,1.5813897043425216,2,4072.9075480598594
12,6380,0.0007291321185809526,0.46964287090815016,1.8561028802781403,2,4230.397773900262
12,6476,0.0007302775659855595,0.5039961348375783,1.8331725785374462,2,4342.20198942017
12,6488,0.0007292546545842358,0.5055492091688838,1.8456945586750777,2,4309.403209325063
12,6491,0.0007291202218901062,0.503583493997497,1.835518260218288,2,4260.848015217814
12,6587,0.0007302750112129321,0.5116884637805396,1.8289553642677256,2,4326.119196206779
12,6599,0.0007292520998116084,0.513241538111845,1.8414773444053572,2,4334.885659349048
12,6602,0.0007291176671174788,0.5112758229404583,1.8313010459485677,2,4314.397691823541
12,6713,0.000729101612352555,0.4630021886411758,1.8579349352980146,2,4254.615122179304
12,6735,0.0007037704343041748,0.38461687531869815,1.5843438166818304,2,4066.5344547898767
12,6750,0.0007026130902087215,0.38420423447861674,1.5866894983626725,2,4048.0399672586236
12,6784,0.0007288581099512346,0.48654976301687414,1.8443909507619116,2,4240.831331160536
12,6787,0.000728723677257105,0.48458404784548736,1.834214652305122,2,4291.368270522471
12,6809,0.000862424342591888,1.477215146246018,3.6198010874913193,2,5066.016488549062
12,6846,0.0007078600269072343,0.4181118567727874,1.6136827611591475,2,4071.498031373796
12,6883,0.0007078742392722032,0.3986943050674804,1.6149401649437916,2,4089.0452227038704
12,6895,0.0007068513278708795,0.40024737939878574,1.627462145081423,2,4129.095465096808
12,6898,0.0007067168951767499,0.39828166422739897,1.6172858466246336,2,4101.257520898149
12,6920,0.000707876956678613,0.40520669423129363,1.6284677816662174,2,4094.060498575157
12,6935,0.0007067196125831597,0.4047940533912122,1.6308134633470595,2,4063.9133394020873
12,6972,0.0007067381265650512,0.37888552514180884,1.6227427564077848,2,4113.816512448707
12,6994,0.0007079077412934814,0.4166565532341153,1.6269904043702557,2,4091.6544249217823
12,7009,0.0007067503971980281,0.416243912394034,1.6293360860510975,2,4022.119228006589
12,7031,0.0008736808896364548,1.350179545436979,3.923892145785151,2,5021.846789158514
12,7068,0.000729530323301549,0.502437566230295,1.8525646546795234,2,4248.755240910748
12,7083,0.0007283729792060957,0.5020249253902137,1.8549103363603654,2,4288.628439985723
12,7105,0.0007079364603800682,0.40344046038348513,1.6204589613457627,2,4144.450108460454
12,7117,0.0007069135489787445,0.4049935347147906,1.6329809414833942,2,4065.255743318898
12,7120,0.0007067791162846149,0.40302781954340383,1.6228046430266045,2,4043.166832007539
12,7157,0.0007067965754046443,0.38017171793450044,1.626089200731969,2,4084.009771745344
12,7179,0.0007079762367590068,0.3990655304746754,1.6107899983190181,2,4149.998754917772
12,7191,0.0007069533253576831,0.4006186048059809,1.6233119784566497,2,4111.423677467557
12,7194,0.0007068188926635535,0.3986528896345941,1.61313567999986,2,4117.577748478128
12,7216,0.000707993720328991,0.39300358978932215,1.6181377671378145,2,4154.510621483988
12,7228,0.0007069708089276673,0.3945566641206275,1.630659747275446,2,4105.875165641475
12,7231,0.0007068363762335377,0.39259094894924074,1.6204834488186564,2,4077.316076121603
12,7265,0.0007284946045182873,0.414963871814205,1.8441663681645342,2,4388.5878417971435
12,7268,0.0007283601718241577,0.41299815664281825,1.8339900697077447,2,4399.711079946403
12,7290,0.0007080057499529843,0.3523192008530601,1.6099037199206219,2,4272.841487880501
12,7302,0.0007069828385516606,0.3538722751843656,1.6224257000582534,2,4216.836275450458
12,7305,0.000706848405857531,0.3519065600129788,1.6122494016014637,2,4218.182096508202
12,7327,0.0007295174037829199,0.5068203808955932,1.8557341338847986,2,4292.583855445131
12,7364,0.0007080244817012777,0.41051285200589616,1.6032326235950944,2,4174.218766021984
12,7376,0.000707001570299954,0.4120659263372016,1.615754603732726,2,4165.868598245532
12,7379,0.0007068671376058244,0.41010021116581485,1.6055783052759363,2,4140.44822671034
12,7401,0.0007295120424515197,0.47192272068294916,1.8509481660268772,2,4264.799817011842
12,7416,0.0007283546983560664,0.47151007984286775,1.8532938477077192,2,4198.376112600345
12,7438,0.0007080432171613801,0.41321134036390317,1.6044537426082797,2,4194.376200117652
12,7450,0.0007070203057600564,0.41476441469520864,1.6169757227459112,2,4093.5398666558167
12,7453,0.0007068858730659268,0.41279869952382187,1.6067994242891215,2,4094.128592382075
12,7487,0.0007070204749754478,0.39559261824261793,1.6238935669591414,2,4093.9231369285735
12,7490,0.0007068860422813182,0.39362690307123116,1.613717268502352,2,4104.90501101513
12,7527,0.0007069347988555507,0.38379685456638557,1.6261895635874801,2,4102.445839238483
12,7586,0.0007081085919487734,0.41481377020594834,1.6214191044273867,2,4140.776914675684
12,7598,0.0007070856805474496,0.4163668445372537,1.6339410845650182,2,4051.522720822636
12,7601,0.00070695124785332,0.4144011293658669,1.6237647861082285,2,4108.9676886832
12,7660,0.0007295647519865112,0.5030358617612115,1.8270737335052287,2,4335.418774235939
12,7672,0.0007285418405851875,0.504588936092517,1.8395957136428602,2,4243.102884147296
12,7675,0.0007284074078910579,0.5026232209211302,1.8294194151860708,2,4247.635706478584
12,7697,0.0007296289949442974,0.4827977979481025,1.8356556337114251,2,4308.2907456130715
12,7709,0.0007286060835429737,0.484350872279408,1.8481776138490567,2,4256.9011329896675
12,7712,0.0007284716508488441,0.4823851571080212,1.838001315392267,2,4258.817343078937
12,7734,0.0007075970934311207,0.3537832799317696,1.6009121348120439,2,4260.298853239981
12,7783,0.0007285934860925227,0.42675966359714357,1.8440938797690662,2,4352.422613718385
12,7786,0.0007284590533983931,0.4247939484257568,1.8339175813122768,2,4391.980621203578
12,7808,0.0008718991033411036,1.4865444177997447,3.809001776224343,2,5108.776623835955
12,7823,0.0008707417592456503,1.4861317769596634,3.811347457905185,2,5081.443277963038
12,7845,0.0007296138301770121,0.502308470439884,1.830640796262057,2,4306.070858482475
12,7857,0.0007285909187756884,0.5038615447711895,1.8431627763996885,2,4239.81520680699
12,7860,0.0007284564860815588,0.5018958295998027,1.8329864779428988,2,4270.276952910781
12,7894,0.0007285861203472865,0.502398315322109,1.8295307000237355,2,4270.661256599487
12,7897,0.0007284516876531569,0.5004326001507222,1.8193544015669458,2,4302.675439786774
12,7919,0.0007296081581219422,0.5077185123615207,1.8552455927023075,2,4277.309797377377
12,7934,0.0007284508140264889,0.5073058715214394,1.8575912743831495,2,4287.157838385738
12,7956,0.0007076979209548286,0.4157081444070283,1.5976380511739732,2,4146.366041845067
12,7993,0.0007076990884727038,0.39563455544101866,1.6180651852714882,2,4118.584967104411
12,8008,0.0007065417443772505,0.39522191460093736,1.6204108669523303,2,4077.703847428763
12,8040,0.0006993483279308693,0.3862001045773138,1.5561779867276437,2,4029.9658950643175
12,8042,0.0007066879061057934,0.4016404664657317,1.6051488709502373,2,4109.6516129003
12,8045,0.0007065534734116638,0.39967475129434493,1.5949725724934478,2,4108.59403116409
12,8067,0.0007295938613767114,0.4925731908310462,1.8341856177103286,2,4305.159792447392
12,8079,0.0007285709499753877,0.4941262651623517,1.8467075978479601,2,4256.023214721789
12,8082,0.0007284365172812581,0.4921605499909649,1.8365312993911707,2,4298.48535143474
12,8104,0.0007295921232976338,0.49130504328836133,1.8430398923470774,2,4286.508521959463
12,8116,0.00072856921189631,0.4928581176196667,1.855561872484709,2,4270.572917260354
12,8119,0.0007284347792021805,0.4908924024482799,1.8453855740279195,2,4243.204614572179
12,8141,0.0007077175196372458,0.41390572379248103,1.6096014966744727,2,4107.007528850749
12,8153,0.0007066946082359221,0.4154587981237865,1.6221234768121042,2,4093.629408605328
12,8156,0.0007065601755417925,0.4134930829523997,1.6119471783553145,2,4098.674765606023
12,8178,0.0007077516246324981,0.38863866687375204,1.6200484305563239,2,4103.480491906758
12,8193,0.0007065942805370448,0.3882260260336706,1.622394112237166,2,4086.2914480157615
12,8215,0.0007077532367820321,0.4101559407752392,1.6272719253128007,2,4066.326098999541
12,8230,0.0007065958926865788,0.4097432999351578,1.6296176069936428,2,4040.9652845577725
12,8252,0.0007295847219100656,0.5127495243483534,1.815933523936689,2,4338.852365127153
12,8304,0.0007066026248009646,0.35120873165396205,1.6616315649730053,2,4159.242855410646
12,8326,0.0007295794651536182,0.47674472054257133,1.8437362239620598,2,4295.647008760124
12,8338,0.0007285565537522944,0.4782977948738767,1.8562582040996913,2,4245.0504917878425
12,8341,0.0007284221210581648,0.4763320797024899,1.8460819056429016,2,4233.019594301218
12,8363,0.0007077702824868467,0.40021265654525906,1.6209713955920295,2,4093.3857525911812
12,8378,0.0007066129383913934,0.39980001570517776,1.6233170772728716,2,4129.839806795707
12,8415,0.0007066309328859531,0.34242013997083964,1.6164349094146988,2,4201.511855267519
12,8420,0.0006997048987759171,0.3331385455445488,1.5849643253397512,2,4074.2546208382023
12,8437,0.0007075793260536605,0.40380089302127886,1.6214964742874363,2,4098.54710997825
12,8452,0.0007064219819582072,0.40338825218119756,1.6238421559682783,2,4099.521404797908
12,8486,0.0007070945434771743,0.40204326572728055,1.615649939403201,2,4092.2904285011655
12,8489,0.0007069601107830447,0.4000775505558938,1.6054736409464112,2,4110.323059042928
12,8511,0.0007081464216987834,0.3518838189792479,1.612846370386148,2,4256.091745323648
12,8523,0.0007071235102974597,0.3534368933105533,1.6253683505237795,2,4202.208418983028
12,8526,0.0007069890776033301,0.3514711781391665,1.61519205206699,2,4194.67417111578
12,8548,0.0007085424640141672,0.4153802834586836,1.6260976151449043,2,4137.006763135016
12,8560,0.0007075195526128435,0.41693335778998897,1.6386195952825358,2,4092.53838203021
12,8563,0.0007073851199187139,0.4149676426186022,1.6284432968257463,2,4152.180399852066
12,8696,0.0008781480231368865,1.4934212923216732,3.9897921103188128,2,5056.441763484976
12,8733,0.000878181029786747,1.727007530392329,3.848950651267024,2,5206.502802821037
12,8770,0.000708624785354282,0.3949179529128134,1.6232294899909157,2,4170.661381351538
12,8782,0.0007076018739529583,0.39647102724411876,1.6357514701285472,2,4098.151099131917
12,8785,0.0007074674412588287,0.394505312072732,1.6255751716717575,2,4087.295177509744
12,8807,0.0007086331897621268,0.4183297175160632,1.6361036310209798,2,4158.13881729815
12,8822,0.0007074758456666735,0.41791707667598177,1.6384493127018216,2,4070.239013773116
12,8856,0.0007076158157470194,0.4119980813400932,1.613614021697732,2,4165.968046547358
12,8859,0.0007074813830528898,0.4100323661687064,1.6034377232409425,2,4156.521907497467
12,8881,0.0007293879908589385,0.49886312734342264,1.8343415730680832,2,4275.636882183745
12,8893,0.0007283650794576148,0.5004162016747281,1.8468635532057147,2,4247.50623118387
12,8896,0.0007282306467634852,0.49845048650334134,1.8366872547489252,2,4247.8779796908175
12,8918,0.0007293818981980196,0.5099986694391409,1.8083036263698815,2,4346.817859410743
12,8933,0.0007282245541025663,0.5095860285990595,1.8106493080507235,2,4274.349611506602
12,8955,0.0007087143598943477,0.3895351839194209,1.6332947245892042,2,4155.449610143603
12,8970,0.0007075570157988944,0.3891225430793396,1.6356404062700463,2,4054.7862371875494
12,8992,0.0007087310069051176,0.3907875537826945,1.6315529988830533,2,4103.513236241413
12,9007,0.0007075736628096643,0.39037491294261306,1.633898680563895,2,4094.2533723969063
12,9029,0.0007087323335300851,0.40671375441315616,1.6174483919118003,2,4127.399419589129
12,9041,0.0007077094221287614,0.40826682874446163,1.6299703720494318,2,4116.021428589328
12,9044,0.0007075749894346318,0.40630111357307486,1.6197940735926422,2,4101.641359532565
12,9066,0.000708741528785575,0.4211089512021352,1.627442342314667,2,4103.352966550603
12,9140,0.000878964082281425,1.566222310513945,3.96114351315957,2,5131.439468523221
12,9192,0.0007076075269589064,0.38521553382474116,1.6343116561183544,2,4087.87887410971
12,9251,0.0007085058330942103,0.4073628641937347,1.6150643629162686,2,4148.862249585056
12,9263,0.0007074829216928866,0.40891593852504016,1.6275863430539002,2,4093.114244007754
12,9266,0.000707348488998757,0.4069502233536534,1.6174100445971107,2,4107.752556512348
12,9300,0.0007284695128723293,0.4943952020334552,1.8274911961573546,2,4257.381110579741
12,9303,0.0007283350801781997,0.49242948686206844,1.8173148977005649,2,4297.091037464437
12,9325,0.0007084684808729127,0.418645236509368,1.6119962700910855,2,4131.779316648702
12,9362,0.0007084087037939899,0.41967627528259577,1.628859529799343,2,4096.333191047159
12,9399,0.0007294911556608504,0.49681170181524437,1.8277322426468696,2,4304.357682000646
12,9411,0.0007284682442595267,0.49836477614654984,1.8402542227845011,2,4250.421933937986
12,9414,0.0007283338115653971,0.49639906097516306,1.8300779243277117,2,4288.408446716696
12,9436,0.0008752062332183494,1.4540832811533961,3.929184340956694,2,5051.244423555716
12,9485,0.0007071649007008879,0.349950001077472,1.6150741536073896,2,4243.664884780028
12,9488,0.0007070304680067583,0.3479842859060852,1.6048978551506001,2,4229.495831756795
12,9510,0.0007082060480727691,0.4073194177729488,1.626079564341929,2,4082.0287846188608
12,9525,0.0007070487039773158,0.40690677693286736,1.6284252460227708,2,4111.518632929758
12,9547,0.0007082091567503484,0.398514904079171,1.6183165087991631,2,4160.329074432935
12,9559,0.0007071862453490247,0.4000679784104765,1.6308384889367946,2,4064.7755810893123
12,9562,0.0007070518126548951,0.3981022632390897,1.6206621904800051,2,4090.067446422069
12,9621,0.0007294808178000319,0.47874191402257715,1.8525405990608306,2,4254.12359517496
12,9636,0.0007283234737045786,0.47832927318249585,1.8548862807416724,2,4224.016507138528
12,9695,0.0007082547173051533,0.4008300164653995,1.6157434500685373,2,4121.924480817423
12,9707,0.0007072318059038296,0.402383090796705,1.6282654302061688,2,4127.231777065368
12,9710,0.0007070973732097,0.4004173756253182,1.618089131749379,2,4121.650617899011
12,9732,0.0007082897574257871,0.34940830898685205,1.621003328607407,2,4233.475568961775
12,9747,0.0007071324133303338,0.34899566814677063,1.6233490102882489,2,4226.886446564339
12,9781,0.0007284327689537369,0.4209734942691752,1.839874983216018,2,4374.263415417241
12,9784,0.0007282983362596073,0.4190077790977884,1.8296986847592283,2,4377.796738321905
12,9806,0.0008763818700955158,1.4836293964593044,3.9386656725263087,2,5075.711162750269
12,9880,0.0007294487877897172,0.5104957050266622,1.8520080076289624,2,4289.487857553827
12,9917,0.0007083563691709765,0.4062884902254221,1.6117288843552071,2,4139.3200270994075
12,9929,0.0007073334577696528,0.4078415645567275,1.6242508644928386,2,4083.1394344444143
12,9932,0.0007071990250755232,0.4058758493853407,1.614074566036049,2,4132.083987675535
12,9966,0.0007284248405476906,0.5025666874697682,1.8198920508978451,2,4257.951807145083
12,9969,0.000728290407853561,0.5006009722983814,1.8097157524410556,2,4307.112684100027
12,10003,0.0007073486251892467,0.39809240122013967,1.6296716858046063,2,4098.001296232801
12,10006,0.0007072141924951171,0.3961266860487529,1.6194953873478168,2,4083.8101858002574
12,10040,0.0007073628310695332,0.4045387556060468,1.6176547247684048,2,4081.0444861290644
12,10043,0.0007072283983754036,0.40257304043466,1.607478426311615,2,4096.110467629457
12,10077,0.0007284174119055225,0.4983037419707097,1.8296285747819905,2,4267.331205143439
12,10080,0.0007282829792113929,0.49633802679932293,1.8194522763252008,2,4285.033003500147
12,10102,0.0007084558295817038,0.35702435829607804,1.6159790333273416,2,4235.292229600515
12,10151,0.0007053668316961297,0.4081303510637825,1.5922282337517635,2,4071.2885347629535
12,10154,0.0007052323990020001,0.4061646358923957,1.582051935294974,2,4115.655539440769
12,10176,0.0007075630160160719,0.41382502988607606,1.5954446707504242,2,4177.522167846388
12,10213,0.0008711787596486343,1.4192266258112511,3.875053947390438,2,5022.778516144106
12,10250,0.0007067855501014964,0.40333926366959993,1.6008387771674355,2,4126.819928546439
12,10262,0.0007057626387001727,0.4048923380009054,1.613360757305067,2,4058.52319627188
12,10265,0.0007056282060060431,0.40292662282951863,1.6031844588482775,2,4103.528675623335
12,10287,0.000706795726518739,0.40726323520444785,1.6114616653646594,2,4104.132201390227
12,10299,0.0007057728151174153,0.4088163095357532,1.623983645502291,2,4115.298709185797
12,10302,0.0007056383824232857,0.40685059436436644,1.6138073470455014,2,4116.590717149591
12,10336,0.0007287716686385731,0.5084854802452445,1.8183080381681387,2,4315.28738787194
12,10339,0.0007286372359444435,0.5065197650738578,1.8081317397113492,2,4319.055140162173
12,10361,0.000706809805697311,0.34665642782445205,1.599771617901392,2,4253.685483666587
12,10373,0.0007057868942959873,0.3482095021557574,1.6122935980390236,2,4204.050312790447
12,10376,0.0007056524616018577,0.34624378698437064,1.6021172995822341,2,4211.585459917071
12,10398,0.0008656756957326362,1.4415590377548313,3.719226947056872,2,5044.391496703953
12,10435,0.000706852904467888,0.40941139642464,1.5983225650446795,2,4185.972390941261
12,10447,0.0007058299930665643,0.41096447075594533,1.610844545182311,2,4091.722792093507
12,10450,0.0007056955603724347,0.40899875558455856,1.6006682467255213,2,4077.476143715872
12,10472,0.0007068697544978091,0.4125834881435636,1.611360711542023,2,4112.487987971432
12,10509,0.0007068781604889748,0.4078742361047255,1.5901943986743865,2,4189.014255890863
12,10521,0.0007058552490876511,0.409427310436031,1.602716378812018,2,4071.6002773994137
12,10524,0.0007057208163935215,0.4074615952646442,1.5925400803552285,2,4067.195305681375
12,10546,0.0008660059527482585,1.4159886351311348,3.7529512415057056,2,5038.99587687481
12,10620,0.0007297692138402844,0.43293087619060955,1.90364652013694,2,4321.842481183016
12,10657,0.0007069085285335833,0.40685220628110064,1.6081876832216773,2,4085.3353203998895
12,10669,0.0007058856171322596,0.408405280612406,1.6207096633593088,2,4105.908645386963
12,10672,0.00070575118443813,0.4064395654410192,1.6105333649025193,2,4099.968379185208
12,10709,0.000705793070200572,0.35215277293175407,1.6494661867263487,2,4138.619260062017
12,10731,0.000706952052002661,0.3522433900000983,1.6041049792711783,2,4218.532384890404
12,10768,0.0007069666292254914,0.415019838799383,1.6203210753519337,2,4099.342876283055
12,10817,0.0007059581507741175,0.34909221478528796,1.6093447741128324,2,4190.148388455329
12,10820,0.0007058237180799879,0.3471264996139012,1.599168475656043,2,4244.304044665529
12,10842,0.0007069980456123297,0.40143782773230097,1.5968737533703106,2,4162.465258234411
12,10854,0.000705975134211006,0.40299090206360644,1.609395733507942,2,4126.438882522198
12,10857,0.0007058407015168764,0.40102518689221966,1.5992194350511524,2,4111.445373260548
12,10879,0.0008667895409663445,1.3468302318244154,3.809462218666167,2,5006.569195025215
12,10953,0.0007067551534699123,0.4012792233521535,1.608402567259425,2,4094.1398408491823
12,10965,0.0007057322420685886,0.40283229768345885,1.6209245473970566,2,4071.0983846482686
12,10968,0.000705597809374459,0.4008665825120721,1.610748248940267,2,4124.514211970364
12,10990,0.0007070464604481446,0.39963181631828115,1.6108008589093241,2,4133.17833699228
12,11002,0.0007060235490468209,0.4011848906495865,1.6233228390469556,2,4052.7687173244844
12,11005,0.0007058891163526913,0.39921917547819974,1.6131465405901662,2,4072.358584128247
12,11027,0.0007067208691437297,0.40305385486350076,1.5989965811575102,2,4137.704086043363
12,11039,0.000705697957742406,0.40460692919480623,1.6115185612951417,2,4070.330859704231
12,11042,0.0007055635250482764,0.40264121402341946,1.601342262838352,2,4083.3867210743865
12,11064,0.0007067088218295394,0.34976955468054716,1.5992518799734365,2,4271.788149768514
12,11079,0.0007055514777340861,0.34935691384046574,1.6015975616542784,2,4202.829197673698
12,11101,0.0007064271405202398,0.40186460598097884,1.587181091731081,2,4125.897723726694
12,11113,0.0007054042291189161,0.4034176803122843,1.5997030718687124,2,4120.091466524057
12,11116,0.0007052697964247865,0.40145196514089754,1.589526773411923,2,4059.0179541145308
12,11150,0.0007288477863751106,0.4825606675636035,1.8469820201286473,2,4207.716631117532
12,11153,0.000728713353680981,0.4805949523922167,1.8368057216718576,2,4237.549336581857
12,11190,0.0007052943332809125,0.3483372889790276,1.5790597003037756,2,4233.722990967985
12,11212,0.0007298658776417688,0.5096141290932577,1.835235011779089,2,4303.349672622713
12,11224,0.0007288429662404451,0.5111672034245631,1.8477569919167205,2,4247.45737405318
12,11227,0.0007287085335463155,0.5092014882531763,1.837580693459931,2,4288.726671113695
12,11249,0.0007298561378738929,0.5063816522000224,1.8270049837207927,2,4351.994029975221
12,11261,0.0007288332264725692,0.5079347265313279,1.8395269638584242,2,4288.62725826343
12,11264,0.0007286987937784396,0.5059690113599411,1.8293506654016347,2,4263.994734470174
12,11323,0.0007065414513989341,0.4020576690601396,1.6113760698785,2,4087.257696046405
12,11338,0.0007053841073034808,0.4016450282200582,1.613721751559342,2,4076.4900440181277
12,11397,0.0007065485331692134,0.3465529013047085,1.5934037103973415,2,4237.714381104998
12,11409,0.0007055256217678897,0.348105975636014,1.605925690534973,2,4175.89103527426
12,11412,0.0007053911890737601,0.3461402604646272,1.5957493920781836,2,4237.214336313
12,11434,0.0007298498341637346,0.5093818063247115,1.822068827244255,2,4339.878799830655
12,11446,0.0007288269227624109,0.510934880656017,1.8345908073818864,2,4288.892282360977
12,11449,0.0007286924900682813,0.5089691654846302,1.824414508925097,2,4304.463432678272
12,11471,0.0007065638237977715,0.39040759094102795,1.6013731244659146,2,4106.1017911199915
12,11483,0.0007055409123964478,0.3919606652723333,1.6138951046035461,2,4089.064809256543
12,11486,0.0007054064797023182,0.38999495010094654,1.6037188061467564,2,4084.717027051964
12,11508,0.0007065826233588564,0.41185476796626375,1.6087460590573295,2,4092.616602177493
12,11582,0.0007066554397200579,0.4041713739650048,1.5942241779703148,2,4127.286650033098
12,11594,0.0007056325283187342,0.40572444829631027,1.6067461581079463,2,4103.920845315622
12,11597,0.0007054980956246046,0.4037587331249235,1.5965698596511568,2,4132.014589711864
12,11629,0.000721464389945609,0.40281567919341743,1.8060709743099885,2,4297.394937906529
12,11634,0.0007286695354264034,0.41629032591044857,1.8448655600757926,2,4370.607082946857
12,11656,0.0008645758400072537,1.3422596623645628,3.762671451317879,2,4998.091465640246
12,11693,0.0007067016331235948,0.39529915772352686,1.604567585832619,2,4105.498021107274
12,11705,0.0007056787217222711,0.39685223205483233,1.6170895659702504,2,4113.686648426004
12,11708,0.0007055442890281415,0.39488651688344556,1.606913267513461,2,4127.905792661327
12,11742,0.0007056856136435121,0.3999031672690613,1.5998330553761582,2,4105.693747633887
12,11745,0.0007055511809493825,0.3979374520976745,1.5896567569193685,2,4127.684822845796
12,11767,0.0008647409095606654,1.4072259724347198,3.729034445265732,2,5061.216766276448
12,11814,0.0006983542292584038,0.38222741839793595,1.5477046124113714,2,4038.7814992802796
12,11816,0.0007056938074333278,0.39766778028635386,1.596675496633965,2,4100.745926216389
12,11819,0.0007055593747391982,0.3957020651149671,1.5864991981771752,2,4089.5790954168556
12,11841,0.000729642355554697,0.42729406530461767,1.8385904007376137,2,4426.658890240859
12,11856,0.0007284850114592437,0.42688142446453636,1.8409360824184555,2,4371.360538261791
12,11915,0.0007297288271950375,0.5047281355197576,1.844055381605066,2,4236.02613790393
12,11927,0.0007287059157937138,0.5062812098510631,1.8565773617426975,2,4225.708446570322
12,11930,0.0007285714830995842,0.5043154946796763,1.846401063285908,2,4264.960385988814
12,11952,0.0007073218581190225,0.40695416406342033,1.6138345399923464,2,4110.891515950405
12,11964,0.0007062989467176988,0.4085072383947257,1.626356520129978,2,4046.37154485005
12,11967,0.0007061645140235692,0.4065415232233389,1.6161802216731884,2,4089.5713118362137
12,12001,0.0007063015543985544,0.4042650862132453,1.5980930743871646,2,4069.3149124942374
12,12004,0.0007061671217044248,0.40229937104185853,1.5879167759303752,2,4132.370335776276
12,12026,0.0007296774431723857,0.47955934434266234,1.8502753979229172,2,4283.586118553503
12,12041,0.0007285200990769324,0.47914670350258093,1.852621079603759,2,4252.755828131513
12,12075,0.0007063286972790757,0.34882664736055713,1.6083476293719736,2,4219.498678742
12,12078,0.0007061942645849461,0.34686093218917036,1.5981713309151842,2,4233.761350109729
12,12100,0.0008695191842507729,1.457597101518205,3.7928298497641975,2,5074.130692729894
12,12149,0.0007063366553901547,0.3944040716756525,1.6094316952916607,2,4051.099576624979
12,12152,0.0007062022226960251,0.39243835650426573,1.5992553968348713,2,4076.6529460100965
12,12174,0.0007296751487955481,0.4964112714416917,1.8483170972821041,2,4275.479663064622
12,12186,0.0007286522373942244,0.4979643457729972,1.8608390774197356,2,4233.632403978603
12,12189,0.0007285178047000948,0.4959986306016104,1.8506627789629462,2,4237.395584077089
12,12211,0.0007073630382139422,0.4054102990236863,1.6172665711479404,2,4107.815370490185
12,12226,0.0007062056941184889,0.4049976581836049,1.6196122528287822,2,4086.975813037966
12,12263,0.0007062145903457483,0.35102469251401247,1.6549444651011618,2,4140.766730546322
12,12285,0.00070737330419808,0.41061221695846717,1.599522659733953,2,4173.395881386456
12,12297,0.0007063503927967563,0.41216529128977253,1.6120446398715844,2,4079.6739537290005
12,12300,0.0007062159601026267,0.41019957611838576,1.601868341414795,2,4073.5263728951295
12,12359,0.0007074104191067077,0.3965619281263767,1.6070977007439755,2,4141.257021361613
12,12371,0.000706387507705384,0.39811500245768217,1.619619680881607,2,4094.877248560036
12,12374,0.0007062530750112544,0.3961492872862954,1.6094433824248175,2,4089.3334942980496
12,12396,0.0007074367903615486,0.40465460472984527,1.6115102149256466,2,4109.7769372680805
12,12408,0.0007064138789602249,0.40620767906115063,1.6240321950632781,2,4090.3863980093383
12,12411,0.0007062794462660953,0.40424196388976386,1.6138558966064884,2,4087.4748708570787
12,12433,0.0007296583524511056,0.42502459488789246,1.8384577307747918,2,4406.200971009503
12,12448,0.0007285010083556523,0.42461195404781116,1.8408034124556336,2,4378.501231034211
12,12507,0.0007074712595726235,0.41327148632468313,1.5906088063720853,2,4184.845212867248
12,12581,0.0008707532269782723,1.428758150048469,3.8525563480536613,2,5048.509929825701
12,12633,0.0007063356270860714,0.34856244985079654,1.6557354458224116,2,4190.926955759197
12,12655,0.0007073160826018914,0.4068805543143953,1.6056957693769023,2,4113.128238871217
12,12667,0.0007062931712005677,0.40843362864570065,1.6182177495145338,2,4087.986189937207
12,12670,0.0007061587385064381,0.4064679134743139,1.6080414510577443,2,4062.6238320618327
12,12692,0.0007297413609698234,0.5071287458559839,1.8480247794120497,2,4336.641148357727
12,12707,0.0007285840168743701,0.5067161050159026,1.8503704610928915,2,4230.013031143921
12,12741,0.0007286682626402546,0.4766116244184022,1.8557146911028914,2,4235.948702419504
12,12744,0.000728533829946125,0.47464590924701544,1.845538392646102,2,4239.667125933643
12,12766,0.0007072667543472925,0.4175104271887389,1.6233104506890748,2,4083.9816298927735
12,12815,0.0007060825156971204,0.3907571102250754,1.60906456198744,2,4118.29362957533
12,12818,0.0007059480830029908,0.38879139505368865,1.5988882635306505,2,4107.291278541209
12,12852,0.0007060940906722493,0.40078221310859485,1.600019919585867,2,4104.71744511062
12,12855,0.0007059596579781197,0.3988164979372081,1.5898436211290774,2,4154.89281567045
12,12889,0.0007060953615050578,0.40450979070623116,1.5941768861856818,2,4084.4251989703394
12,12892,0.0007059609288109282,0.4025440755348444,1.584000587728892,2,4140.354617541457
12,12914,0.0008678615036042127,1.5516786316126956,3.707509322119818,2,5096.37551431585
12,13003,0.0007059689417631437,0.3508440387770485,1.5863480009624251,2,4228.009132357927
12,13025,0.0007297174294612972,0.48862135357773473,1.8422062274661748,2,4303.390133275765
12,13037,0.0007286945180599735,0.4901744279090402,1.8547282076038063,2,4221.0353622146595
12,13040,0.0007285600853658439,0.4882087127376534,1.8445519091470166,2,4237.410896163888
12,13062,0.0008679055331900755,1.4101690344534565,3.8029477537350136,2,5025.289054402872
12,13136,0.0007071467627577783,0.4110417823692909,1.6052162047336898,2,4156.063278969548
12,13148,0.0007061238513564546,0.41259485670059637,1.6177381848713213,2,4097.2138405493115
12,13151,0.000705989418662325,0.4106291415292096,1.6075618864145318,2,4097.080466818369
12,13173,0.0007297123453489765,0.42504707024213606,1.904518651959427,2,4323.638586994805
12,13210,0.0007071602197688358,0.3987953583622966,1.6204041599938044,2,4082.1370053201013
12,13225,0.0007060028756733825,0.3983827175222153,1.6227498416746464,2,4141.721486392453
12,13247,0.0007071632755144398,0.41103730632035296,1.6214711000346411,2,4111.613619810585
12,13262,0.0007060059314189865,0.41062466548027154,1.623816781715483,2,4125.333967067197
12,13299,0.0007060063838292194,0.3485342554890517,1.6509056857506212,2,4165.5656548463785
12,13336,0.0007060340060395545,0.3406599805398166,1.608554514748959,2,4216.824852844898
12,13341,0.0006991079719295184,0.33137838611352566,1.5770839306740119,2,4135.519561072092
12,13370,0.0007061865915420595,0.38624283215859745,1.6204354384061712,2,4104.508270179202
12,13373,0.0007060521588479299,0.3842771169872107,1.6102591399493817,2,4063.45351879488
12,13407,0.0007062185546271751,0.4050077145491914,1.5970176457065801,2,4087.0826114941706
12,13410,0.0007060841219330455,0.4030419993778046,1.5868413472497906,2,4126.149692677656
12,13447,0.0007060942259303219,0.340233453098281,1.6126756422547641,2,4230.004438131181
12,13452,0.0006991681918202858,0.3309518586719902,1.5812050581798165,2,4127.6368108781635
12,13543,0.0007293679981658307,0.4690072019063769,1.8472722081653732,2,4334.356908409268
12,13558,0.0007282106540703774,0.4685945610662956,1.849617889846215,2,4259.868910810116
12,13617,0.0007304771308259385,0.5154307514609049,1.8267515748163592,2,4338.115182964629
12,13632,0.0007293197867304852,0.5150181106208236,1.829097256497201,2,4323.218279861032
12,13669,0.0007301097297867117,0.4239512252866604,1.858841637427482,2,4404.880946556509
12,13706,0.0006986618446076663,0.322568260744983,1.5353866670669019,2,4161.199520789758
12,13728,0.0006998217400733774,0.36317185625223847,1.5440546858983408,2,4032.5736082216763
12,13743,0.000698664395977924,0.36275921541215705,1.5464003675791826,2,4031.4512067297483
12,13817,0.0006987025776596518,0.36220137489891957,1.540459948528618,2,4025.0111169617253
12,13851,0.0006988529068148048,0.37758033309902095,1.5291407227196578,2,4045.1714697544003
12,13854,0.0006987184741206752,0.3756146179276342,1.5189644242628682,2,4047.446791385989
12,13876,0.000699878305470607,0.33189732570836794,1.5371871688245136,2,4161.680357962357
12,13999,0.0006988757097387722,0.3802215606171985,1.5211292903978613,2,4031.78216324888
12,14002,0.0006987412770446426,0.3782558454458117,1.5109529919410718,2,4084.525815102206
12,14039,0.0006987560301766005,0.32894391710197013,1.5170775098572615,2,4193.913044677149
12,14061,0.0006999362308876438,0.38379497980694766,1.5253552333326628,2,4096.10685541355
12,14098,0.0006999709874921087,0.3862955281722741,1.5445853911932326,2,4068.0734633157185
12,14135,0.0006999868036719984,0.3723073211712815,1.5401942474700832,2,4051.9963438449695
12,14147,0.0006989638922706747,0.373860395502587,1.5527162276077147,2,4048.320993357755
12,14150,0.0006988294595765451,0.3718946803312002,1.542539929150925,2,4020.253261525272
12,14172,0.0008132616698795037,1.0012506778699028,2.907653634345988,2,4788.027217624718
12,14209,0.0007312319965259203,0.4351192445753429,1.8622156640823897,2,4414.140004921782
12,14295,0.0006990013146917772,0.36148710112438864,1.5442622438828353,2,4039.5854206339127
12,14298,0.0006988668819976476,0.35952138595300187,1.5340859454260458,2,4064.6888312298415
12,14320,0.0007312313887872547,0.4851770219205025,1.870111092736913,2,4261.1869586750345
12,14335,0.0007300740446918014,0.4847643810804211,1.8724567744177547,2,4272.383043548889
12,14357,0.0006997861570292471,0.38463049624873247,1.5387403136435076,2,4049.0327280270526
12,14446,0.0006986253979613915,0.3302608077179624,1.5711079535792936,2,4121.878951094091
12,14468,0.0007312689471603107,0.5229576036364717,1.8625974264432068,2,4289.71986695809
12,14505,0.0006994678966675361,0.38387749795533643,1.5216969069297548,2,4096.207783842288
12,14591,0.0006984967517618025,0.381795224100434,1.5262782782276483,2,4048.385022031057
12,14594,0.0006983623190676729,0.3798295089290472,1.5161019797708588,2,4051.929009925681
12,14616,0.0006995261426862184,0.36940317489552843,1.5281579413067758,2,4096.591267243679
12,14628,0.0006985032312848947,0.3709562492268338,1.5406799214444074,2,4010.831086277205
12,14631,0.0006983687985907651,0.368990534055447,1.5305036229876177,2,4038.2015340146027
12,14653,0.0008091838925837453,0.9107888355127411,2.839466376197011,2,4744.424473243063
12,14665,0.0008081609811824216,0.9123419098440466,2.8519883563346426,2,4752.951872490717
12,14668,0.000808026548488292,0.9103761946726598,2.841812057877853,2,4769.424799689193
12,14702,0.0007302926602600709,0.49953552836744053,1.8557732717571158,2,4303.059707419181
12,14705,0.0007301582275659413,0.49756981319605376,1.8455969733003263,2,4262.300912551844
12,14739,0.0006985204739711302,0.3669118846811419,1.5426140478218795,2,4026.203685708302
12,14742,0.0006983860412770006,0.3649461695097551,1.53243774936509,2,4039.56712888121
12,14764,0.0008101034771566032,0.8827730803192548,2.8773016323694804,2,4790.217254575854
12,14779,0.0008089461330611499,0.8823604394791735,2.8796473140503225,2,4749.547946616068
12,14801,0.0006995961163526886,0.36936208919784885,1.5301342341670796,2,4097.54623251898
12,14813,0.0006985732049513649,0.3709151635291543,1.5426562143047111,2,4011.6927530601256
12,14816,0.0006984387722572353,0.36894944835776755,1.5324799158479216,2,4027.941645410334
12,14838,0.0008102652801244629,1.015231635312913,2.8221768491957806,2,4804.693310490412
12,14887,0.0006985991066053132,0.32391909181369993,1.5380191726127872,2,4158.688114483976
12,14890,0.0006984646739111836,0.32195337664231316,1.5278428741559977,2,4173.685835646401
12,14949,0.0006996320404221527,0.3782264881524199,1.5249524275695607,2,4065.9379549592477
12,14961,0.000698609129020829,0.37977956248372524,1.5374744077071922,2,4055.2936361139355
12,14964,0.0006984746963266994,0.37781384731233847,1.5272981092504028,2,4044.9217838811555
12,14998,0.0006986321586925489,0.36560718732582054,1.5426615086931206,2,4029.1415968978913
12,15001,0.0006984977259984193,0.36364147215443376,1.532485210236331,2,4043.4160048148146
12,15023,0.0007312923935764846,0.5109968082266431,1.8685841564214605,2,4290.732370145216
12,15038,0.0007301350494810313,0.5105841673865618,1.8709298381023023,2,4325.104826270921
12,15060,0.0008107075069532263,0.9501758415549517,2.8516696039032716,2,4793.20262926913
12,15072,0.0008096845955519026,0.9517289158862572,2.864191584040903,2,4729.16657996599
12,15075,0.000809550162857773,0.9497632007148704,2.8540152855841137,2,4755.134661730168
12,15097,0.0008115007177183962,1.0104932576765195,2.8369176291872225,2,4846.885365963274
12,15112,0.0008103433736229428,1.0100806168364382,2.8392633108680645,2,4774.380822820617
12,15134,0.0007312733524991232,0.49508758546079734,1.8673756387351867,2,4303.557585738773
12,15149,0.0007301160084036699,0.49467494462071604,1.8697213204160288,2,4288.735314887678
12,15208,0.0006997756583118718,0.3308944590879399,1.5311722931409362,2,4186.074976113069
12,15282,0.0007312255610373221,0.5068226623208837,1.8715903325174117,2,4247.010471758184
12,15297,0.0007300682169418688,0.5064100214808024,1.8739360141982535,2,4265.523733805221
12,15368,0.0006994604027891955,0.3277064777057458,1.5487635639197908,2,4178.382452896894
12,15371,0.0006993259700950659,0.325740762534359,1.5385872654630013,2,4171.811892419133
12,15408,0.0006993299349513455,0.33064519268491765,1.527484817731682,2,4174.170259810727
12,15430,0.0008177580494126001,1.0453497902732711,2.928925685202882,2,4843.388692747988
12,15442,0.0008167351380112764,1.0469028646045766,2.9414476653405135,2,4849.210899121326
12,15445,0.0008166007053171468,1.0449371494331898,2.931271366883724,2,4782.5410047833475
12,15467,0.0007005506998850562,0.38666355427283106,1.5224407365918589,2,4130.76589528643
12,15516,0.0007301195976503754,0.518712021568174,1.8328613092319126,2,4323.956105377895
12,15519,0.0007299851649562458,0.5167463063967872,1.8226850107751231,2,4343.4548506654555
12,15541,0.0007311346673649748,0.49278756058744777,1.8671397407984456,2,4267.958327593469
12,15556,0.0007299773232695215,0.49237491974736636,1.8694854224792874,2,4251.098230629195
12,15615,0.0007006225480234271,0.3869698317819251,1.5501638056175846,2,4093.509952249101
12,15630,0.0006994652039279738,0.3865571909418437,1.5525094872984264,2,4027.193804679026
12,15689,0.0007006443564732682,0.330003502531923,1.539755551881271,2,4180.763239083484
12,15704,0.0006994870123778149,0.3295908616918417,1.5421012335621127,2,4182.9781715252575
12,15726,0.0007311236789344708,0.4885461002794077,1.8554732318092955,2,4327.95283088237
12,15738,0.0007301007675331471,0.49009917461071306,1.867995211946927,2,4247.334152434993
12,15741,0.0007299663348390175,0.4881334594393263,1.8578189134901375,2,4252.117866155468
12,15763,0.0007006757247600475,0.3735136452343685,1.5421702605817373,2,4058.767346767814
12,15775,0.0006996528133587238,0.37506671956567394,1.5546922407193688,2,4062.897825866743
12,15778,0.0006995183806645942,0.3731010043942872,1.5445159422625794,2,4042.1428614641377
12,15800,0.0007311157769133889,0.4974498248014845,1.8487922473047025,2,4317.437244686138
12,15812,0.0007300928655120652,0.49900289913278995,1.861314227442334,2,4291.619228806776
12,15815,0.0007299584328179356,0.4970371839614032,1.8511379289855443,2,4264.453595955634
12,15837,0.0007311154976795842,0.5117521420524618,1.8411342598454028,2,4379.200425185163
12,15849,0.0007300925862782605,0.5133052163837672,1.8536562399830343,2,4300.852889132358
12,15852,0.0007299581535841309,0.5113395012123805,1.8434799415262446,2,4246.384327550014
12,15923,0.0006997264053230564,0.37493850456386524,1.548840212979563,2,4036.1813230098605
12,15926,0.0006995919726289268,0.37297278939247847,1.5386639145227734,2,4059.585913647988
12,15960,0.0006997297328333711,0.3751031143436513,1.5422867046999924,2,4053.3304157911416
12,15963,0.0006995953001392415,0.3731373991722645,1.5321104062432027,2,4046.363964401673
12,16000,0.0006995967774165129,0.3269995806620065,1.547771830105687,2,4138.349815252811
12,16059,0.0007004600407907068,0.385816927395099,1.540094090537816,2,4083.1624945905974
12,16074,0.0006993026966952535,0.3854042865550177,1.542439772218658,2,4044.948664721497
12,16096,0.000700093819168571,0.332696178967792,1.527232766226352,2,4205.393717357392
12,16145,0.0006994224829463439,0.366189968605792,1.554129671136183,2,4004.414242493501
12,16148,0.0006992880502522143,0.36422425343440523,1.5439533726793935,2,4017.5073271641145
12,16182,0.0006993891756596921,0.3770937828171952,1.5315459980607045,2,4063.0664795789035
12,16185,0.0006992547429655625,0.3751280676458084,1.521369699603915,2,4098.2273405133965
12,16207,0.0007001391219884707,0.3751530849148499,1.530220758598201,2,4069.0463167266585
12,16219,0.000699116210587147,0.37670615924615536,1.5427427387358326,2,4097.935734557347
12,16222,0.0006989817778930174,0.3747404440747686,1.5325664402790429,2,4078.80563014523
12,16256,0.0006991927981767856,0.37850198624084275,1.532537623571837,2,4032.7705127819136
12,16259,0.000699058365482656,0.376536271069456,1.5223613251150476,2,4052.860595388698
12,16281,0.0007002190695936718,0.3798079693083859,1.5459142265329233,2,4088.3014045189825
12,16296,0.0006990617254982185,0.3793953284683045,1.5482599082137651,2,4024.7148027386215
12,16330,0.0006992092158098495,0.32747201195352893,1.5375563440235438,2,4144.377254532914
12,16333,0.0006990747831157199,0.32550629678214216,1.527380045566754,2,4181.280248502355
12,16355,0.0007002355504695757,0.3885223206349089,1.5519941941780069,2,4055.725071259549
12,16392,0.0007312075152320744,0.5240704945918013,1.8550495358217192,2,4334.954536283925
12,16481,0.0006990857908197989,0.3310212422370411,1.5778740708555434,2,4130.108548938237
12,16503,0.0007311958922101231,0.5227514202194052,1.8508572162832448,2,4369.000962351458
12,16540,0.0007003042728431228,0.37909460244018445,1.5421302972403734,2,4098.618477020893
12,16552,0.0006992813614417991,0.3806476767714899,1.554652277378005,2,4021.0794453230487
12,16555,0.0006991469287476695,0.37868196160010315,1.5444759789212152,2,4044.150315443366
12,16577,0.0007003116529443219,0.38370155529710126,1.5265577832452397,2,4124.285727312825
12,16589,0.0006992887415429982,0.3852546296284066,1.5390797633828712,2,4054.9763032298624
12,16592,0.0006991543088488686,0.38328891445701985,1.5289034649260815,2,4075.3248799223193
12,16651,0.0008162338196505903,0.9951019433886217,2.96512028578728,2,4737.96904500505
12,16688,0.0007003258340529059,0.3841308438297396,1.5450692265956762,2,4040.7395363636147
12,16700,0.0006993029226515822,0.3856839181610451,1.5575912067333078,2,4034.9954343572876
12,16703,0.0006991684899574526,0.3837182029896583,1.547414908276518,2,4059.9727283145357
12,16740,0.0006992067573174312,0.35811791494924794,1.5464953093826648,2,4045.7300436964397
12,16762,0.000731185149268337,0.4937968954086891,1.8573931698057624,2,4318.656742975928
12,16774,0.0007301622378670133,0.49534996973999457,1.869915149943394,2,4279.926766277907
12,16777,0.0007300278051728837,0.4933842545686078,1.8597388514866042,2,4259.927866088652
12,16848,0.0006993661548430147,0.3749046269833656,1.5368530954583235,2,4037.298885012757
12,16851,0.0006992317221488851,0.3729389118119788,1.526676797001534,2,4049.854779925441
12,16888,0.0007300214504243703,0.46868499147448883,1.8688682475564444,2,4261.5051664509065
12,16910,0.0008174554759993882,1.0621146633860814,2.931659214810044,2,4830.340032756649
12,16947,0.0007007827153825394,0.3841444510312083,1.5440167487576129,2,4045.6699191122643
12,16959,0.0006997598039812157,0.38569752536251367,1.5565387288952444,2,4076.7015899513026
12,16962,0.0006996253712870861,0.3837318101911269,1.5463624304384547,2,4078.0992481277513
12,17033,0.0006983057943605415,0.3743837443470044,1.5299758453972858,2,4071.5180682257724
12,17036,0.0006981713616664119,0.3724180291756176,1.5197995469404961,2,4083.284066834381
12,17058,0.0006984965361958898,0.36283662823090557,1.5305305028592686,2,4049.7045239815375
12,17073,0.0006973391921004365,0.36242398739082415,1.5328761845401104,2,4050.230875218809
12,17144,0.0006974904985768723,0.37630255505378174,1.51635069533997,2,4044.5357690161145
12,17147,0.0006973560658827427,0.37433683988239497,1.5061743968831804,2,4064.9158858497417
12,17169,0.0007315280991573195,0.5168011114692669,1.8341618673262847,2,4330.456785768519
12,17181,0.0007305051877559958,0.5183541858005724,1.8466838474639162,2,4305.746016893039
12,17184,0.0007303707550618662,0.5163884706291856,1.8365075490071268,2,4310.394212383312
12,17218,0.0006975006792525843,0.36616743301635046,1.5232927345343181,2,4016.9358870800493
12,17221,0.0006973662465584547,0.3642017178449637,1.5131164360775287,2,4083.563072036487
12,17258,0.0007303647904093923,0.4783002769975143,1.8694867861271465,2,4244.219813274105
12,17295,0.0006974460989945475,0.3485497335776784,1.5270194436103737,2,4034.50877523763
12,17317,0.0006986276165162053,0.3255766976117175,1.5214170900084194,2,4173.492132116374
12,17332,0.000697470272420752,0.32516405677163607,1.5237627716892612,2,4138.361804928627
12,17354,0.0006986607793222005,0.375628464457913,1.5272065371885515,2,4034.6091061710836
12,17366,0.0006976378679208767,0.37718153878921845,1.539728517326183,2,4040.000865532562
12,17369,0.0006975034352267471,0.3752158236178317,1.5295522188693933,2,4024.898836845608
12,17391,0.0008009657422051319,0.8611869019458014,2.720505273964838,2,4731.408834859273
12,17403,0.0007999428308038082,0.8627399762771069,2.7330272541024696,2,4697.855807989998
12,17406,0.0007998083981096786,0.8607742611057201,2.72285095564568,2,4722.623378899415
12,17440,0.0006976535620604205,0.3639047600731343,1.5250480943538869,2,4024.464441539113
12,17443,0.0006975191293662909,0.36193904490174755,1.5148717958970972,2,4049.2928863540883
12,17465,0.0007314895041345813,0.5233943052286171,1.8379160735108173,2,4357.630839530023
12,17502,0.000731487473590945,0.5175067094004149,1.852656641254031,2,4329.937662293109
12,17514,0.0007304645621896212,0.5190597837317203,1.8651786213916626,2,4301.776152915464
12,17517,0.0007303301294954917,0.5170940685603336,1.855002322934873,2,4318.888140856117
12,17551,0.0007304581955571797,0.4347765674728604,1.8581402285083937,2,4375.767870978222
12,17554,0.0007303237628630501,0.43281085230147365,1.847963930051604,2,4407.058483727652
12,17576,0.0006987151303149363,0.3719575980277131,1.522451603222583,2,4058.1859325646546
12,17588,0.0006976922189136126,0.3735106723590186,1.5349735833602145,2,4033.025265758981
12,17591,0.000697557786219483,0.3715449571876318,1.524797284903425,2,4054.938296657071
12,17613,0.0006987194333633434,0.3297238018553631,1.5225749302255174,2,4176.057676493558
12,17724,0.0007314716092752611,0.5167162386589679,1.8550734341444195,2,4319.189665864595
12,17736,0.0007304486978739374,0.5182693129902733,1.867595414282051,2,4293.244762364095
12,17739,0.0007303142651798078,0.5163035978188866,1.8574191158252613,2,4327.830400296931
12,17776,0.0007303728985555524,0.4242168116130939,1.858271088981483,2,4406.373143183726
12,17798,0.0006987627292138995,0.37427135696216685,1.516812868502179,2,4093.388415929723
12,17810,0.0006977398178125758,0.3758244312934723,1.5293348486398104,2,4038.8232554908996
12,17813,0.0006976053851184462,0.37385871612208554,1.5191585501830207,2,4055.281611764148
12,17835,0.0006984281352535387,0.37846298447678584,1.5028432953781443,2,4139.774477393725
12,17872,0.0006984139839578396,0.3755653761422014,1.5107736128791474,2,4102.449165410675
12,17884,0.0006973910725565159,0.3771184504735068,1.5232955930167789,2,4036.667507238488
12,17887,0.0006972566398623863,0.37515273530212,1.5131192945599892,2,4037.0329865842277
12,17909,0.0006980622763675091,0.3682913770980444,1.522668976771856,2,4050.732589908847
12,17924,0.0006969049322720558,0.3678787362579631,1.525014658452698,2,4039.7838355822705
12,17946,0.0006980708861639038,0.36994759719638315,1.5099705323978938,2,4134.826728641827
12,17958,0.0006970479747625801,0.3715006715276886,1.5224925125355253,2,4043.616638125468
12,17961,0.0006969135420684505,0.36953495635630185,1.5123162140787356,2,4029.86816925146
12,17995,0.0006970937201313278,0.36433862009815576,1.517317925887019,2,4031.9764319751116
12,17998,0.0006969592874371982,0.362372904926769,1.5071416274302296,2,4052.897262089014
12,18057,0.00073159825703464,0.5225696681536032,1.8371518911180524,2,4360.589592434562
12,18094,0.0007315932474680702,0.5146554935062817,1.846417133207202,2,4350.880115501541
12,18106,0.0007305703360667465,0.5162085678375872,1.8589391133448334,2,4304.824955361305
12,18109,0.0007304359033726169,0.5142428526662004,1.8487628148880437,2,4296.2493821343205
12,18131,0.000698195330031631,0.3795020955660534,1.5270277581207925,2,4023.8365428920074
12,18168,0.0006982124416062772,0.36064326320730733,1.5221316461271437,2,4024.703607147145
12,18183,0.0006970550975108239,0.3602306223672259,1.5244773278079855,2,4041.5197130018164
12,18205,0.0007968607736176448,0.866862801261289,2.6447247573438535,2,4714.830925206024
12,18217,0.0007958378622163211,0.8684158755925945,2.657246737481485,2,4670.401688155209
12,18220,0.0007957034295221915,0.8664501604212077,2.6470704390246955,2,4691.6592555288335
12,18242,0.0007970605165361465,0.8616282633661131,2.6751981744650064,2,4715.197634194645
12,18257,0.0007959031724406932,0.8612156225260318,2.6775438561458484,2,4649.128901611603
12,18279,0.0007315724463227441,0.5245346479667038,1.853138933015459,2,4347.720054060535
12,18316,0.0006982791267080486,0.37227223568254364,1.529137112016995,2,4073.603310504834
12,18331,0.0006971217826125953,0.37185959484246234,1.531482793697837,2,4065.2730030506436
12,18402,0.0007305406710355838,0.5081570528832682,1.8472566213698784,2,4314.2760166002145
12,18405,0.0007304062383414542,0.5061913377118814,1.8370803229130888,2,4330.565778380718
12,18464,0.000698325311265809,0.37617453646366494,1.5099535491679321,2,4098.9720332086
12,18476,0.0006973023998644853,0.3777276107949704,1.5224755293055636,2,4007.017963493697
12,18479,0.0006971679671703557,0.37576189562358364,1.5122992308487742,2,4038.869499863399
12,18550,0.0007305256657162849,0.5084946523423576,1.8462742384285165,2,4313.76520468914
12,18553,0.0007303912330221553,0.5065289371709708,1.836097939971727,2,4330.494648543998
12,18587,0.0006973666525566562,0.3735067412312125,1.5187235207488403,2,4035.3262419428165
12,18590,0.0006972322198625266,0.37154102605982575,1.5085472222920508,2,4069.64639681205
12,18612,0.0007984611437063553,0.9152045630104051,2.6732131029764004,2,4762.1568529885335
12,18686,0.0006987789058555982,0.3780022396546363,1.519297415109644,2,4081.5445189374523
12,18698,0.0006977559944542745,0.3795553139859418,1.5318193952472754,2,4032.226828523059
12,18701,0.0006976215617601449,0.377589598814555,1.5216430967904857,2,4021.5487567288546
12,18735,0.0006977779004797451,0.36612548625403296,1.5217994938408397,2,4050.774253224399
12,18738,0.0006976434677856155,0.3641597710826462,1.5116231953840502,2,4090.091352140769
12,18760,0.0007313901387784665,0.515748412263504,1.8681598141490359,2,4308.221342359341
12,18775,0.0007302327946830132,0.5153357714234227,1.870505495829878,2,4301.005210719682
12,18797,0.0007313895610934768,0.4987959822033473,1.8649268907045742,2,4286.313542645092
12,18809,0.0007303666496921531,0.5003490565346528,1.8774488708422057,2,4276.056685098034
12,18812,0.0007302322169980235,0.498383341363266,1.867272572385416,2,4218.767619957121
12,18834,0.0007313880872553798,0.5220229472258142,1.8629438433852061,2,4308.650812399883
12,18982,0.0006991437326150105,0.33065727022690117,1.5299719334950639,2,4196.188044157881
12,19019,0.0006991497029517267,0.3718809201480161,1.5372860292541413,2,4052.3192574518703
12,19034,0.0006979923588562734,0.3714682793079347,1.539631710934983,2,4016.222373847077
12,19093,0.0006991804125845414,0.3298227856825562,1.5149010376243115,2,4199.929642793617
12,19130,0.0008069065119728815,0.9573360646169223,2.790591919245082,2,4755.160172607036
12,19145,0.0008057491678774282,0.956923423776841,2.792937600925924,2,4722.451295502188
12,19167,0.0006992514231484367,0.37941602551040743,1.515494980393716,2,4139.222753187848
12,19179,0.000698228511747113,0.3809690998417129,1.5280169605313476,2,4054.124038709462
12,19182,0.0006980940790529834,0.3790033846703261,1.5178406620745581,2,4048.2848256939974
12,19216,0.0006982388469145486,0.3687958957817119,1.5286001094314408,2,4048.5211909837562
12,19219,0.000698104414220419,0.36683018061032513,1.518423810974651,2,4086.229114418957
12,19253,0.0006982452731743981,0.3652600366871188,1.5416976972302023,2,4058.617474295397
12,19256,0.0006981108404802685,0.36329432151573204,1.5315213987734129,2,4050.2681590621446
12,19278,0.0006992716566229973,0.3626696410961947,1.5372321789048626,2,4061.9999792511885
12,19293,0.000698114312527544,0.3622570002561133,1.5395778605857047,2,4019.934583720634
12,19327,0.0006982674009167202,0.35727597686680057,1.5428237681513035,2,4023.31319576763
12,19330,0.0006981329682225906,0.3553102616954138,1.532647469694514,2,4026.475994459462
12,19352,0.0006992936023335212,0.37531146121916314,1.5316330742346265,2,4088.5962195724305
12,19364,0.0006982706909321975,0.3768645355504686,1.544155054372258,2,4028.597812499729
12,19367,0.0006981362582380679,0.37489882037908184,1.5339787559154685,2,4029.4888570871817
12,19389,0.0007313567501182193,0.43487170251679674,1.8605896889603286,2,4410.84138888677
12,19441,0.0006981658773882764,0.3602752768150953,1.5358200803978124,2,4025.596041684805
12,19463,0.0006991057467727904,0.3758133920913216,1.517111903586262,2,4074.430892205837
12,19475,0.0006980828353714667,0.37736646642262706,1.5296338837238934,2,4018.478093294824
12,19478,0.0006979484026773371,0.3754007512512403,1.519457585267104,2,4054.477869202646
12,19500,0.0008032617158540898,0.8976490059858224,2.7699447204120218,2,4690.063170700922
12,19515,0.0008021043717586365,0.8972363651457411,2.772290402092864,2,4751.766399114179
12,19537,0.0007313932431379183,0.5224024863876291,1.8775507749254734,2,4323.786212748169
12,19589,0.000697910710576177,0.32615893798637374,1.5088962858369144,2,4186.0836340046
12,19611,0.0006988052755966877,0.38019323438508457,1.5076446448458027,2,4142.128493064487
12,19648,0.0008034876495554173,0.8749996074300639,2.761038244606976,2,4734.6974140090615
12,19660,0.0008024647381540936,0.8765526817613694,2.7735602247446076,2,4719.835622130749
12,19663,0.000802330305459964,0.8745869665899826,2.763383926287818,2,4706.970874259773
12,19700,0.0006976825428057783,0.3266322951612455,1.508174067549361,2,4168.007027761341
12,19808,0.0006978288468366959,0.3718358211860523,1.526058736207019,2,4048.476568061509
12,19811,0.0006976944141425663,0.3698701060146655,1.5158824377502296,2,4080.24031158464
12,19833,0.0006988539929839477,0.36297605347279904,1.5354173729751213,2,4048.2321803296377
12,19848,0.0006976966488884944,0.36256341263271774,1.537763054655963,2,4027.8545236940718
12,19922,0.0006977191364393263,0.32599909597473464,1.504171902369589,2,4191.475102942479
12,19959,0.0006977322455996115,0.3263905494155305,1.5647328515554386,2,4123.072708188042
12,19996,0.0006977742792863617,0.32645599084177035,1.5700134703796642,2,4125.340101454865
12,20092,0.0008050513021060716,0.8629357755624337,2.8032367230837414,2,4750.830505489024
12,20107,0.0008038939580106183,0.8625231347223524,2.8055824047645834,2,4716.23974530961
12,20129,0.0008051542644304339,0.8905460402099722,2.7913316091972606,2,4749.9689396769945
12,20141,0.0008041313530291102,0.8920991145412777,2.803853589334892,2,4726.757442941787
12,20144,0.0008039969203349806,0.8901333993698909,2.7936772908781027,2,4676.207441609111
12,20178,0.000697945760691674,0.3782600668594476,1.5097492522305969,2,4072.211113884877
12,20181,0.0006978113279975444,0.3762943516880608,1.4995729537738074,2,4105.062956941831
12,20218,0.0006978379910478851,0.35136871602262587,1.530313001540019,2,4019.769766281891
12,20240,0.0006990011916935732,0.3817037702369005,1.5260211210896841,2,4038.4746090532008
12,20289,0.0006979962207380542,0.36949029325567384,1.5232505899060216,2,4027.3457378807766
12,20292,0.0006978617880439246,0.36752457808428707,1.5130742914492321,2,4068.562629772344
12,20314,0.0006990858813991107,0.37868287707258874,1.5275616253011803,2,4068.8517605716734
12,20326,0.000698062969997787,0.3802359514038942,1.5400836054388118,2,4050.7939237098417
12,20329,0.0006979285373036574,0.37827023623250744,1.5299073069820224,2,4047.1075315115954
12,20363,0.0007027206529533328,0.3839960700077958,1.5757415428559167,2,4068.266746044328
12,20366,0.0007025862202592032,0.382030354836409,1.5655652443991273,2,4102.28210257118
12,20437,0.0006998043233502235,0.36631649593062554,1.5486611150322245,2,4038.729439282932
12,20440,0.0006996698906560939,0.36435078075923877,1.538484816575435,2,4077.2869708435255
12,20462,0.0007027546015454778,0.3956700761220533,1.5720735660401326,2,4112.197140191694
12,20477,0.0007015972574500245,0.395257435281972,1.5744192477209744,2,4057.7807570823466
12,20511,0.0007017577031913757,0.39111573875901307,1.5496910887081403,2,4054.9657506692783
12,20514,0.0007016232704972461,0.3891500235876263,1.5395147902513509,2,4091.7890563983074
12,20551,0.0007016317293979886,0.337719488297893,1.538695635398459,2,4209.801493983832
12,20573,0.0007027963716756503,0.3956596471605809,1.5656617424404746,2,4072.891573695346
12,20625,0.0007016807861474198,0.33230769073216726,1.562546459235825,2,4197.6913716210765
12,20647,0.0007028470780732131,0.3345046283970431,1.56648865831023,2,4201.987270391557
12,20662,0.0007016897339777598,0.3340919875569617,1.5688343399910718,2,4200.765850683771
12,20684,0.00070284849606142,0.395515936167788,1.576016055717192,2,4076.9743485975387
12,20699,0.0007016911519659667,0.3951032953277066,1.578361737398034,2,4044.1191173510865
12,20721,0.0007028690051484989,0.3825442407077916,1.5721268993770618,2,4089.6795205952653
12,20736,0.0007017116610530456,0.38213159986771017,1.5744725810579039,2,4081.3192935895954
12,20810,0.0007017304092446774,0.33721325471040486,1.6070231183449029,2,4117.144795827913
12,20832,0.0007306367432037603,0.4265923609533647,1.9183910921225964,2,4325.215516050701
12,20881,0.0007019176909351437,0.3376837551126195,1.5628663741131983,2,4172.647743333074
12,20884,0.0007017832582410141,0.3357180399412327,1.5526900756564086,2,4216.947170220911
12,20906,0.0007029561153608791,0.33810316895546,1.561366511704898,2,4188.270958710148
12,20918,0.0007019332039595554,0.33965624328676536,1.5738884918425295,2,4144.448229442578
12,20921,0.0007017987712654258,0.3376905281153786,1.5637121933857399,2,4184.773301164093
12,20980,0.0008370632615473553,1.1096497576524111,3.277786595879916,2,4913.145700561776
12,20992,0.0008360403501460316,1.1112028319837166,3.2903085760175474,2,4861.5137798303285
12,20995,0.000835905917451902,1.1092371168123298,3.280132277560758,2,4866.1851529475125
12,21029,0.000701962911359453,0.3365770009396505,1.5638601385859405,2,4187.676810384686
12,21032,0.0007018284786653234,0.3346112857682637,1.5536838401291508,2,4194.675860698167
12,21128,0.0007030506767307234,0.38714195293938025,1.56675841070076,2,4071.7077277147237
12,21140,0.0007020277653293997,0.3886950272706856,1.5792803908383914,2,4085.5135909847913
12,21143,0.0007018933326352701,0.38672931209929884,1.569104092381602,2,4064.7992902140754
12,21214,0.0007020522856449503,0.3899948517690328,1.559593470607975,2,4040.346394672836
12,21217,0.0007019178529508207,0.38802913659764604,1.5494171721511856,2,4081.451155633609
12,21239,0.0007306635539209581,0.435205613039337,1.9083989936070496,2,4310.747887851408
12,21276,0.0007306651255839579,0.4277756543896625,1.8533036885267322,2,4379.337916073036
12,21291,0.0007295077814885046,0.42736301354958117,1.8556493702075743,2,4369.834770313611
12,21313,0.0007307311250617028,0.5020185315301571,1.8364313859171206,2,4305.5124155676485
12,21325,0.0007297082136603791,0.5035716058614625,1.8489533660547521,2,4249.044956156629
12,21328,0.0007295737809662495,0.5016058906900758,1.8387770675979624,2,4297.273258713463
12,21387,0.0007307296648317421,0.49457610918585515,1.8457959314153658,2,4328.352021825402
12,21399,0.0007297067534304184,0.4961291835171606,1.8583179115529973,2,4235.461097866466
12,21402,0.0007295723207362888,0.49416346834577385,1.8481416130962078,2,4225.456196732534
12,21424,0.0008341590939118847,1.0709798608420056,3.2464089425946057,2,4869.001464187532
12,21498,0.0008342465001270732,1.2148463964536587,3.18167306724771,2,4929.464443464798
12,21535,0.000730725037872226,0.49838723000768403,1.852424490098081,2,4268.910494617489
12,21547,0.0007297021264709023,0.4999403043389895,1.8649464702357126,2,4248.322731290466
12,21550,0.0007295676937767727,0.49797458916760273,1.8547701717789231,2,4296.454028622021
12,21572,0.0007307186450712169,0.5153819373828697,1.8511553328264507,2,4283.182168692654
12,21587,0.0007295613009757636,0.5149692965427884,1.8535010145072925,2,4255.005114782926
12,21609,0.0007025017508126642,0.39484469061364247,1.5697161332209697,2,4105.614405835254
12,21624,0.0007013444067172109,0.39443204977356106,1.5720618149018117,2,4063.4482861836746
12,21646,0.0007307160529732892,0.48246160094864976,1.866695787638489,2,4242.140234686607
12,21720,0.0007307006102960327,0.5042774372953159,1.8391048222580444,2,4337.476075152722
12,21732,0.000729677698894709,0.5058305116266214,1.851626802395676,2,4261.801494235837
12,21735,0.0007295432662005794,0.5038647964552346,1.8414505039388864,2,4240.758765367694
12,21769,0.0007296703215686586,0.4985889668122865,1.8502199171663043,2,4267.4818787071845
12,21772,0.000729535888874529,0.4966232516408997,1.8400436187095146,2,4301.690109422665
12,21806,0.0007015936199885283,0.37101644377626775,1.5691420919030314,2,4050.6465846024516
12,21809,0.0007014591872943987,0.369050728604881,1.558965793446242,2,4066.3016703160797
12,21846,0.0007295236288583051,0.4750619213547824,1.8590320211372495,2,4221.377506094857
12,21868,0.0007306722855409209,0.43008818408714333,1.9147813162993905,2,4297.5148807545365
12,21917,0.0007016634805346278,0.3382454379330676,1.5629120664220393,2,4169.374604161837
12,21920,0.0007015290478404982,0.33627972276168083,1.5527357679652496,2,4181.0655494412385
12,21942,0.0007026997626002382,0.3980745154065999,1.5674800137775906,2,4083.8794001787346
12,21991,0.000701686992063033,0.3380358090067317,1.556279283480615,2,4189.447264022169
12,21994,0.0007015525593689034,0.3360700938353449,1.5461029850238253,2,4212.896038886074
12,22016,0.000702721125507241,0.3765121311708901,1.565548388210273,2,4105.122765535664
12,22028,0.0007016982141059173,0.37806520550219547,1.5780703683479045,2,4044.1233441240915
12,22031,0.0007015637814117877,0.3760994903308087,1.5678940698911148,2,4075.1176336860804
12,22063,0.000722368767511325,0.4024290785119581,1.8188788282971269,2,4257.31960131608
12,22073,0.0007226478788820834,0.4066221308026984,1.8262028299879833,2,4217.7342168657415
12,22090,0.0007306164721783362,0.49647352197969785,1.8674938732868864,2,4280.363956507171
12,22164,0.000840306249682054,1.2916428458251743,3.247289864427752,2,5057.864867410675
12,22201,0.0008405005576950213,1.2645789607269666,3.275685598934038,2,4939.842519180758
12,22238,0.0007034683543754863,0.33947023061294157,1.5728590559539217,2,4186.993542876732
12,22253,0.000702311010280033,0.33905758977286016,1.5752047376347635,2,4160.441001637715
12,22275,0.0007305285761368997,0.429041373567118,1.9161161034908452,2,4320.124824615135
12,22324,0.0007025154923789835,0.39531199761213465,1.5568344014616846,2,4086.9986287078777
12,22327,0.0007023810596848539,0.3933462824407479,1.546658103004895,2,4095.7193662866157
12,22349,0.0007305205102103538,0.5166007026327945,1.8592158009916941,2,4317.815977585437
12,22386,0.0007035530424686663,0.39149575758934074,1.5688215292896661,2,4088.415257917122
12,22398,0.0007025301310673426,0.3930488319206462,1.5813435094272976,2,4077.5937742735355
12,22401,0.000702395698373213,0.39108311674925944,1.571167210970508,2,4003.9962133755957
12,22472,0.0007025815035176802,0.39686486312344094,1.5642702678450804,2,4110.273370166136
12,22475,0.0007024470708235506,0.39489914795205416,1.5540939693882907,2,4118.05542614675
12,22497,0.0008420957866624313,1.2399269199234284,3.2983945759377598,2,4964.274896491015
12,22509,0.0008410728752611076,1.2414799942547339,3.3109165560753913,2,4937.026065266169
12,22512,0.000840938442566978,1.239514279083347,3.300740257618602,2,4922.791348125356
12,22608,0.0007036806349350265,0.39624400506114776,1.5731441242207218,2,4098.798509122674
12,22620,0.0007026577235337028,0.39779707939245323,1.5856661043583533,2,4062.9470743242528
12,22623,0.0007025232908395732,0.39583136422106646,1.5754898059015636,2,4091.2089030725324
12,22657,0.0007294680525193857,0.49006738275214434,1.8536520719557532,2,4245.373709872625
12,22660,0.0007293336198252561,0.48810166758075757,1.8434757734989635,2,4275.451810991419
12,22682,0.0007036929690329333,0.401863826280521,1.5765553219290662,2,4080.223750094975
12,22719,0.0007304781545243254,0.5004674828978254,1.8485060699251972,2,4319.587071223223
12,22731,0.0007294552431230017,0.5020205572291309,1.8610280500628287,2,4260.738009989921
12,22734,0.0007293208104288721,0.5000548420577441,1.850851751606039,2,4280.926201106046
12,22756,0.0007037165779758572,0.3999299314068867,1.5697190478368956,2,4099.152944750721
12,22793,0.0007037168973361612,0.4000011697319109,1.5806610005805344,2,4087.0101461989457
12,22830,0.0007037235240400876,0.3977211751397032,1.5605358643165619,2,4103.703530388291
12,22904,0.0007030781611171493,0.38947505978295693,1.5537207446748842,2,4104.146953005962
12,22916,0.0007020552497158256,0.3910281341142624,1.5662427248125157,2,4071.3234842300676
12,22919,0.000701920817021696,0.38906241894287563,1.556066426355726,2,4066.495469072305
12,22941,0.0007033700183000988,0.37461303673481705,1.5794412082445062,2,4038.6560511830926
12,22956,0.0007022126742046455,0.37420039589473575,1.581786889925348,2,4063.0233025146945
12,23015,0.000730613864892226,0.5111601780458555,1.8307215844036688,2,4319.769832754105
12,23027,0.0007295909534909022,0.5127132523771609,1.8432435645413003,2,4298.3753488361435
12,23030,0.0007294565207967726,0.5107475372057741,1.8330672660845109,2,4304.647427392149
12,23089,0.0007306065493458676,0.4941549589374471,1.8605422391109654,2,4263.15625244339
12,23104,0.0007294492052504143,0.4937423180973658,1.8628879207918072,2,4218.785001132145
12,23126,0.0007031141808685056,0.3836350910033349,1.5703596189779911,2,4112.789851635346
12,23138,0.0007020912694671819,0.3851881653346404,1.5828815991156227,2,4046.9866209126835
12,23141,0.0007019568367730523,0.3832224501632536,1.5727053006588332,2,4085.655129296781
12,23178,0.00070195752714564,0.393580663489317,1.5475917133036916,2,4134.445015722329
12,23200,0.0007306061139929243,0.5210518287348797,1.8476243321128574,2,4337.322529744019
12,23252,0.0007294478336958563,0.4707899885217527,1.8570408332034003,2,4217.615382528597
12,23274,0.0007031375497363648,0.396741051568555,1.5615315652737134,2,4116.808749081149
12,23311,0.0007306025299317361,0.501000306814999,1.8666340417412697,2,4271.191272177841
12,23326,0.0007294451858362828,0.5005876659749177,1.8689797234221117,2,4240.366750384049
12,23397,0.0007021364126814534,0.3830420221886819,1.5685969199362944,2,4064.1147624366927
12,23400,0.0007020019799873238,0.3810763070172951,1.5584206214795049,2,4094.318382189896
12,23437,0.0007294358544224442,0.41585741324821046,1.8486184973544895,2,4384.050090743721
12,23442,0.0007225098203124081,0.4065758188219196,1.8171479132795418,2,4239.608547697653
12,23459,0.0007032132611429282,0.339728586227772,1.5547532899424625,2,4244.013096281392
12,23474,0.0007020559170474749,0.3393159453876907,1.5570989716233046,2,4212.745154309478
12,23508,0.0007295602146044649,0.5137326205168699,1.833445628640394,2,4296.240231778226
12,23511,0.0007294257819103353,0.5117669053454831,1.8232693301836045,2,4316.531104930877
12,23533,0.0007305828788029154,0.43133752230075606,1.8499319950830495,2,4412.097846983342
12,23548,0.0007294255347074621,0.43092488146067465,1.8522776767638913,2,4351.216116722603
12,23570,0.0007305779677061255,0.43467741429975815,1.8458528140847752,2,4417.989768746076
12,23607,0.0007032464700449574,0.394355059255142,1.5728925219708179,2,4052.0847009632025
12,23619,0.0007022235586436337,0.3959081335864475,1.5854145021084494,2,4064.7384957594077
12,23622,0.0007020891259495041,0.3939424184150607,1.57523820365166,2,4103.96131161993
12,23656,0.0007022281398013256,0.38559112836724263,1.5703820191105464,2,4074.139373577485
12,23659,0.000702093707107196,0.38362541319585586,1.5602057206537567,2,4086.3976625001733
12,23681,0.0007033151081970899,0.39344422759217423,1.5630764481093187,2,4085.0755739093597
12,23693,0.0007022921967957662,0.3949973019234796,1.5755984282469502,2,4115.203229857698
12,23696,0.0007021577641016366,0.3930315867520928,1.5654221297901605,2,4105.686683226863
12,23718,0.0008394481195177729,1.1651812937062047,3.285735152277381,2,4918.666122635954
12,23730,0.0008384252081164492,1.1667343680375102,3.2982571324150127,2,4872.579848964111
12,23733,0.0008382907754223196,1.1647686528661234,3.2880808339582233,2,4902.564122005395
12,23767,0.0006997977733019417,0.33280241927636467,1.54103788179603,2,4155.606803173567
12,23770,0.0006996633406078121,0.3308367041049779,1.5308615833392405,2,4160.649860059337
12,23792,0.0007307322859806672,0.4817953766300117,1.8553842557560212,2,4314.149854692131
12,23804,0.0007297093745793435,0.4833484509613172,1.8679062358936527,2,4256.214293469432
12,23807,0.0007295749418852139,0.4813827357899304,1.857729937436863,2,4241.809018159007
12,23829,0.0007307383125544308,0.5040024035177019,1.8350947277366962,2,4322.557300503731
12,23841,0.0007297154011531071,0.5055554778490073,1.8476167078743277,2,4241.410936697253
12,23844,0.0007295809684589775,0.5035897626776206,1.8374404094175383,2,4304.660778377502
12,23866,0.000731001559562448,0.42050163367610616,1.9300601100517634,2,4328.867936304414
12,23918,0.0007001772486327748,0.3290917289315808,1.5484394661057113,2,4152.939495704102
12,23940,0.0007013695853173991,0.3366026075268953,1.5535941982805015,2,4206.329403698179
12,23977,0.0007014153997822915,0.3833413641769863,1.5405098935684614,2,4138.100887635468
12,23989,0.0007003924883809678,0.38489443850829175,1.5530318737060929,2,4049.985758552702
12,23992,0.0007002580556868382,0.382928723336905,1.5428555752493034,2,4039.958054838393
12,24051,0.0007014273650969442,0.3881598410270687,1.537796008992072,2,4098.876895578649
12,24063,0.0007004044536956205,0.38971291535837405,1.5503179891297034,2,4068.032479971478
12,24066,0.0007002700210014909,0.3877472001869873,1.540141690672914,2,4074.738834884955
12,24088,0.0007014279395707113,0.381370136405884,1.5503893541645315,2,4070.3638202318743
12,24100,0.0007004050281693876,0.3829232107371894,1.562911334302163,2,4078.628717476421
12,24103,0.000700270595475258,0.3809574955658026,1.5527350358453733,2,4099.184504942657
12,24162,0.0007309496892999283,0.4321889604446276,1.920434601225422,2,4306.480769503801
12,24236,0.0007309439238385258,0.4947910169999865,1.8710906642449125,2,4248.967491001511
12,24273,0.0007015074689895032,0.3688554879226905,1.5591636948114036,2,4065.205214281436
12,24288,0.0007003501248940499,0.3684428470826091,1.5615093764922456,2,4039.305953197864
12,24359,0.0007005320272824202,0.370468828888753,1.5617010847403239,2,4028.4010872439967
12,24362,0.0007003975945882906,0.3685031137173662,1.5515247862835342,2,4007.8877614304397
12,24384,0.0007309230601690643,0.4348913900436202,1.9184646655018665,2,4313.813465056577
12,24421,0.0007015936887772269,0.38950434278170876,1.5344012080078966,2,4126.583965703837
12,24458,0.0007309206272497482,0.4996038541033293,1.859731797407362,2,4232.392866269462
12,24470,0.0007298977158484245,0.5011569284346348,1.8722537775449934,2,4259.198490774348
12,24473,0.0007297632831542949,0.499191213263248,1.8620774790882038,2,4284.8721937714345
12,24495,0.0007309200156999807,0.5146400002999283,1.8470546442637603,2,4328.411650701306
12,24507,0.000729897104298657,0.5161930746312338,1.8595766244013918,2,4283.5558316808565
12,24510,0.0007297626716045274,0.514227359459847,1.8494003259446024,2,4303.970588696298
12,24547,0.000700473992156811,0.33373720970838383,1.532370813844912,2,4211.952248767665
12,24569,0.0007012575482396159,0.388507342967052,1.5414465256892493,2,4071.4694857630075
12,24584,0.0007001002041441626,0.3880947021269706,1.5437922073700914,2,4086.9251127810594
12,24606,0.0007016507890227311,0.3769950462131657,1.5472821866645865,2,4120.922600962306
12,24618,0.0007006278776214074,0.37854812054447107,1.559804166802218,2,4059.1918119334814
12,24621,0.0007004934449272778,0.3765824053730843,1.5496278683454283,2,4056.298759986381
12,24643,0.000701253890696176,0.3691986317634721,1.55617591033015,2,4069.6059212553046
12,24658,0.0007000965466007227,0.3687859909233907,1.5585215920109918,2,4025.0031108297903
12,24680,0.0007012109271223132,0.39252970290095823,1.5579954348504061,2,4078.08593833138
12,24717,0.000731069458495199,0.4972930039768614,1.8695673028059732,2,4261.629466860437
12,24732,0.0007299121143997457,0.4968803631367801,1.871912984486815,2,4206.971981824734
12,24769,0.0007299092320652421,0.42362907989653353,1.9196850357448867,2,4327.153266613083
12,24791,0.0007008827361903574,0.3819950409770878,1.548991009136726,2,4104.883180975254
12,24803,0.0006998598247890337,0.38354811530839317,1.5615129892743576,2,4016.3037838658497
12,24806,0.0006997253920949041,0.3815824001370064,1.5513366908175679,2,4003.119403892635
12,24840,0.000699892814742633,0.36948187463157134,1.556929481864543,2,4047.3786191739623
12,24843,0.0006997583820485034,0.36751615946018457,1.5467531834077535,2,4027.828403117972
12,24877,0.0006998945184829601,0.3745379347233516,1.542146798717633,2,4058.4503848278896
12,24880,0.0006997600857888305,0.37257221955196484,1.5319705002608435,2,4099.843411979375
12,24914,0.0006999187681966237,0.37861052298312936,1.54595940601963,2,4074.609276927136
12,24917,0.0006997843355024941,0.3766448078117426,1.5357831075628405,2,4080.9245866468054
12,24939,0.0007310515370045068,0.5112425415158239,1.840419895870745,2,4380.350403005946
12,24951,0.000730028625603183,0.5127956158471294,1.8529418760083765,2,4303.824252827883
12,24954,0.0007298941929090535,0.5108299006757426,1.8427655775515868,2,4253.6297954172105
12,25025,0.0006999632984416823,0.3732216690097615,1.5564746025948824,2,4030.356556875117
12,25028,0.0006998288657475527,0.37125595383837473,1.5462983041380929,2,4025.343040265711
12,25087,0.0007010250529050126,0.38945947488977384,1.5535189582532305,2,4069.6796104110526
12,25124,0.0007310434003848948,0.5229057323045633,1.856907196732805,2,4300.92947420235
12,25161,0.0007010715406196926,0.3781123263946745,1.542229927031029,2,4081.7794841880295
12,25173,0.0007000486292183689,0.37966540072598,1.5547519071686604,2,4059.6594780559435
12,25176,0.0006999141965242393,0.3776996855545932,1.544575608711871,2,4064.255751487159
12,25198,0.000701079197669838,0.3755659893543888,1.5494858094851005,2,4078.540853210564
12,25210,0.0007000562862685143,0.37711906368569426,1.562007789622732,2,4063.584328587308
12,25213,0.0006999218535743847,0.3751533485143075,1.5518314911659423,2,4033.282086334219
12,25247,0.0007000667626312977,0.3647436681766737,1.560389167583581,2,4005.976654463953
12,25250,0.0006999323299371681,0.3627779530052869,1.5502128691267913,2,4028.2700621467698
12,25284,0.0007001035517538233,0.32923631503358064,1.5475743057980569,2,4148.921235738621
12,25287,0.0006999691190596937,0.32727059986219387,1.5373980073412674,2,4198.927741677788
12,25324,0.0007298587127367103,0.4192782737853282,1.854201888824141,2,4414.456945938038
12,25358,0.0007001736909927056,0.3682455977397986,1.5603657656234404,2,4025.7856581515025
12,25361,0.000700039258298576,0.3662798825684118,1.550189467166651,2,4054.2607434077045
12,25398,0.0007000428718419007,0.36186235248201193,1.5594220449470126,2,4065.1859356051605
12,25432,0.0007002172620609109,0.37336980082118865,1.5473197835628363,2,4034.777373761962
12,25435,0.0007000828293667813,0.3714040856498019,1.5371434851060466,2,4064.916154463219
12,25469,0.0007014134653554265,0.3894384824921654,1.546875161658083,2,4059.671951959899
12,25472,0.0007012790326612969,0.3874727673207786,1.5366988632012932,2,4116.305575723798
12,25531,0.0007016898973576161,0.3842622274478471,1.5586634438496554,2,4109.201575898266
12,25543,0.0007006669859562924,0.38581530177915246,1.5711854239872869,2,4038.835098365738
12,25546,0.0007005325532621628,0.3838495866077657,1.5610091255304972,2,4049.6071413214963
12,25617,0.0007297976578516252,0.4867477879441561,1.8579532187176115,2,4233.889836973687
12,25620,0.0007296632251574956,0.4847820727727693,1.847776920260822,2,4256.742124184711
12,25753,0.000730810712209502,0.5200863326814729,1.829108149494893,2,4370.349034952232
12,25790,0.0007021470971838243,0.39104482267629226,1.552956125725157,2,4101.5312337491105
12,25802,0.0007011241857825006,0.3925978970075976,1.5654781058627885,2,4056.258617910554
12,25805,0.000700989753088371,0.39063218183621085,1.5553018074059988,2,4018.4120245858944
12,25864,0.0007307961690915272,0.49375872288887346,1.860287475682102,2,4298.035279272831
12,25879,0.0007296388249960739,0.49334608204879216,1.862633157362944,2,4272.023045916083
12,25913,0.0007011896254762824,0.37388052527770665,1.5714725755529797,2,4046.459399208095
12,25916,0.0007010551927821528,0.3719148101063199,1.5612962770961902,2,4034.3213492220334
12,25938,0.0007307947885132935,0.49658925665410947,1.8544151703258454,2,4287.873121861203
12,25950,0.0007297718771119698,0.49814233098541494,1.8669371504634769,2,4269.643299975146
12,25953,0.0007296374444178402,0.49617661581402817,1.8567608520066872,2,4248.18731182419
12,25990,0.0007010719504787098,0.3360245954515232,1.5450591458901524,2,4187.466248924722
12,26012,0.0007307765793808186,0.4833306199895987,1.8571115748340896,2,4308.151528895992
12,26024,0.0007297536679794949,0.48488369432090417,1.8696335549717211,2,4227.136853284145
12,26027,0.0007296192352853653,0.4829179791495174,1.8594572565149317,2,4245.7861501517855
12,26086,0.0007022985029708541,0.39209975668759645,1.5632684213890653,2,4096.24508390058
12,26098,0.0007012755915695304,0.3936528310189018,1.5757904015266968,2,4033.876272157295
12,26101,0.0007011411588754008,0.39168711584751503,1.5656141030699071,2,4059.50226713629
12,26123,0.0008323856440987671,1.1227772496659685,3.176275436210345,2,4886.584617139369
12,26135,0.0008313627326974434,1.124330323997274,3.1887974163479766,2,4811.671630516069
12,26138,0.0008312283000033138,1.1223646088258872,3.178621117891187,2,4849.205371615503
12,26172,0.0007013170308276354,0.37173864252029454,1.5648705358509998,2,4031.3764932189288
12,26175,0.0007011825981335058,0.36977292734890777,1.5546942373942103,2,4059.5402745628116
12,26212,0.0007012361867327818,0.36453680763297014,1.5708188818772346,2,4057.9065239094434
12,26246,0.0007297203395574114,0.4248654116027851,1.8541413930588764,2,4373.254954058882
12,26249,0.0007295859068632818,0.42289969643139835,1.8439650946020867,2,4362.562239623121
12,26345,0.0007020263093217724,0.39283792314893295,1.5490549024769358,2,4116.278795597493
12,26382,0.0007308346136411455,0.4922383262023856,1.8571331150461128,2,4297.746264420884
12,26394,0.0007298117022398218,0.4937914005336911,1.8696550951837443,2,4298.2270923726865
12,26397,0.0007296772695456922,0.4918256853623043,1.8594787967269546,2,4269.663007576686
12,26431,0.0007298779864451674,0.515299006254776,1.829516976621506,2,4327.825803998236
12,26434,0.0007297435537510378,0.5133332910833892,1.8193406781647166,2,4359.178712601499
12,26471,0.0007005445827034443,0.3876044297994249,1.5278610218260635,2,4133.903401510952
12,26493,0.0007017293382843388,0.39288572482141637,1.5466132750654291,2,4109.583728823798
12,26542,0.0007007078147865905,0.38601654189380474,1.5418278690135168,2,4106.865808151076
12,26545,0.0007005733820924609,0.38405082672241797,1.531651570556727,2,4121.202924341751
12,26567,0.0008283471961537298,1.0915140039755322,3.105285316491417,2,4870.7797645056
12,26579,0.0008273242847524061,1.0930670783068377,3.1178072966290484,2,4860.341029766404
12,26582,0.0008271898520582765,1.091101363135451,3.107630998172259,2,4852.601576027268
12,26604,0.0007308884782534276,0.42666301765492654,1.9229940322603836,2,4357.07055322869
12,26641,0.0007017495665671842,0.39080592076041176,1.5367132692940977,2,4120.0694898035135
12,26727,0.0007007406001525208,0.3834557218804009,1.5472947816618114,2,4052.563531155857
12,26730,0.0007006061674583912,0.3814900067090141,1.537118483205022,2,4079.8293280518888
12,26764,0.0007007733848220169,0.3876781718363027,1.5491022453856707,2,4078.071900691992
12,26767,0.0007006389521278873,0.38571245666491594,1.5389259469288812,2,4095.8845092015886
12,26841,0.0007006888646049651,0.3321881034809653,1.6020242967655245,2,4130.091306257556
12,26863,0.0007018586086268662,0.36951140432206,1.5638004823683913,2,4032.4232135449415
12,26878,0.0007007012645314129,0.36909876348197856,1.5661461640492333,2,4047.888697424718
12,26912,0.0007008529549619825,0.33466983583823906,1.5477556130453394,2,4190.47112892844
12,26915,0.0007007185222678529,0.3327041206668523,1.5375793145885497,2,4171.172259128987
12,26937,0.0007308525683788283,0.5177416496928966,1.8699664153143198,2,4258.807872310708
12,26986,0.0007009080767942026,0.33525569878766615,1.5536248165404627,2,4168.566350775739
12,26989,0.000700773644100073,0.3332899836162794,1.5434485180836732,2,4197.1053457255675
12,27011,0.0007019360647037517,0.38180678554473246,1.5476732177738566,2,4114.6064499585855
12,27023,0.000700913153302428,0.3833598598760378,1.560195197911488,2,4081.4062844843734
12,27026,0.0007007787206082984,0.38139414470465105,1.5500188994546986,2,4098.853826440387
12,27063,0.0007296826726713837,0.4705243195201587,1.8634602207600965,2,4253.282864561606
12,27134,0.0007009716199537039,0.3728068479424569,1.558927843788672,2,4083.8411848321284
12,27137,0.0007008371872595743,0.3708411327710701,1.5487515453318823,2,4095.558505511217
12,27159,0.0008792407520292672,1.5077142142973792,3.9803595633563744,2,5092.113804884279
12,27196,0.0007293610371652994,0.4249404973313927,1.900883124480553,2,4312.697417113153
12,27248,0.0007281948576857581,0.42047397126150654,1.8961364732159127,2,4286.992561167009
12,27270,0.0007278068481847219,0.46998096286782753,1.8268985613608233,2,4290.676863475087
12,27285,0.0007266495040892686,0.4695683220277461,1.8292442430416653,2,4236.146367231189
12,27319,0.0007145809572101113,0.42529485037994486,1.7010521806493952,2,4137.13873439845
12,27322,0.0007144465245159817,0.4233291352085581,1.6908758821926055,2,4153.077854105643
12,27381,0.0007156471307058592,0.4335824499417468,1.6935126497301272,2,4137.235265331995
12,27393,0.0007146242193045355,0.43513552427305213,1.7060346298677587,2,4157.97873911718
12,27396,0.0007144897866104059,0.43316980910166536,1.695858331410969,2,4130.497633018944
12,27418,0.0007156661219516773,0.4318552542187418,1.6931886079155998,2,4200.277270761943
12,27430,0.0007146432105503536,0.4334083285500472,1.7057105880532313,2,4139.442283236169
12,27433,0.000714508777856224,0.4314426133786604,1.6955342895964416,2,4129.99923428954
12,27455,0.0007156799550745922,0.4514842836015137,1.6896323658481398,2,4179.7672212782345
12,27541,0.000714672388140194,0.42708385419667827,1.6998839328069204,2,4123.524994744282
12,27544,0.0007145379554460644,0.4251181390252915,1.6897076343501307,2,4156.300264212117
12,27615,0.0007267601462845574,0.49583832248384097,1.7999475182740703,2,4269.852261887335
12,27618,0.0007266257135904278,0.4938726073124542,1.7897712198172806,2,4303.85572149576
12,27677,0.0007157389521176931,0.4299674916190426,1.6949677324555175,2,4187.042261669295
12,27689,0.0007147160407163694,0.43152056595034793,1.707489712593149,2,4122.16992003072
12,27692,0.0007145816080222398,0.42955485077896116,1.6973134141363595,2,4162.201563716615
12,27714,0.0007277785400612081,0.4705317181811919,1.8252922895943735,2,4289.372621116492
12,27726,0.0007267556286598844,0.47208479251249724,1.837814269732005,2,4216.4151050857745
12,27729,0.0007266211959657548,0.47011907734111047,1.8276379712752153,2,4245.241140421217
12,27751,0.0007157483641587857,0.38284386976840945,1.742257636377728,2,4204.922537772928
12,27788,0.000917478854577017,1.87837105435486,4.706823865803731,2,5238.045680059482
12,27835,0.0007194057730389117,0.46834840454925186,1.7646933120625068,2,4195.590786267169
12,27837,0.0007267453512138358,0.4837887664376699,1.8136641962851003,2,4288.949580008311
12,27840,0.0007266109185197062,0.4818230512662831,1.8034878978283106,2,4318.61467764151
12,27862,0.0007157653737933267,0.4449458876769862,1.702016363286665,2,4130.126366062975
12,27874,0.000714742462392003,0.44649896200829164,1.7145383434242965,2,4146.26830411302
12,27877,0.0007146080296978734,0.44453324683690487,1.704362044967507,2,4174.7198838502545
12,27899,0.0007157661176734705,0.4496808556676388,1.6784657077777234,2,4252.167026042498
12,27948,0.0007147463050245757,0.41587372130439093,1.70535492318522,2,4166.509199895301
12,27951,0.0007146118723304461,0.41390800613300416,1.6951786247284304,2,4137.743483770348
12,27985,0.0007145468565478235,0.41388848857615124,1.7068626814781145,2,4116.959873140581
12,27988,0.0007144124238536939,0.41192277340476446,1.6966863830213248,2,4154.628892913194
12,28010,0.0007157748424685724,0.4513866336459962,1.6841062681174428,2,4212.12274288548
12,28047,0.0007278171000722667,0.4667396818039199,1.8254761380630018,2,4310.802829884353
12,28059,0.000726794188670943,0.46829275613522536,1.8379981182006333,2,4193.8489028014355
12,28062,0.0007266597559768134,0.4663270409638386,1.8278218197438438,2,4230.502484794899
12,28099,0.0007143625625831918,0.41023234214997284,1.700658122558653,2,4160.818788763426
12,28121,0.0007152248149361282,0.3741369597326827,1.6817708402514409,2,4294.808888276304
12,28133,0.0007142019035348045,0.37569003406398804,1.6942928203890724,2,4295.940705692452
12,28136,0.0007140674708406749,0.37372431889260127,1.684116521932283,2,4304.572947731287
12,28158,0.0007152415152470583,0.44442804452578233,1.702494266581191,2,4189.25703405782
12,28173,0.000714084171151605,0.4440154036857009,1.704839948262033,2,4141.324423014076
12,28195,0.0007152505338237605,0.4364821410733941,1.7051442901822829,2,4189.337132627921
12,28210,0.0007140931897283072,0.4360695002333128,1.7074899718631247,2,4164.461878531859
12,28343,0.0007153077975741103,0.43087504232726004,1.685370292979491,2,4194.827782488132
12,28355,0.0007142848861727866,0.4324281166585655,1.6978922731171224,2,4106.3709983071585
12,28358,0.000714150453478657,0.43046240148717874,1.687715974660333,2,4150.239935533506
12,28380,0.0007153684214981595,0.44801573437397524,1.6949752697602858,2,4151.20778664059
12,28395,0.0007142110774027062,0.44760309353389394,1.6973209514411278,2,4141.834772084745
12,28432,0.0007266986524788111,0.5012519542803806,1.784754072542959,2,4314.980063279093
12,28466,0.0007143802697832184,0.4386000724537452,1.68270646628995,2,4147.907869554563
12,28469,0.0007142458370890888,0.43663435728235844,1.6725301678331606,2,4203.812208970613
12,28491,0.0007278438396416292,0.4991580586891853,1.823264967987839,2,4276.16522130123
12,28503,0.0007268209282403055,0.5007111330204908,1.8357869481254705,2,4255.634941710515
12,28506,0.0007266864955461759,0.498745417849104,1.825610649668681,2,4263.665510966902
12,28543,0.0007142683501888664,0.3792002508375184,1.7324163774387775,2,4274.023526509211
12,28651,0.0007144642976111479,0.37204811487792544,1.69028439393368,2,4273.775489421357
12,28654,0.0007143298649170183,0.37008239970653867,1.6801080954768903,2,4291.9545583131985
12,28728,0.00072667167782327,0.412059794656393,1.885084828343521,2,4271.304490033344
12,28762,0.0007144904098457262,0.41999099238799464,1.705680006803532,2,4077.666278612252
12,28765,0.0007143559771515966,0.41802527721660787,1.6955037083467424,2,4137.488549876236
12,28787,0.0007155141746380112,0.4160485075463407,1.6974857001325365,2,4183.881350087889
12,28802,0.0007143568305425579,0.4156358667062593,1.6998313818133786,2,4155.662319532351
12,28836,0.0007145042209963267,0.424765057589334,1.6983686931098414,2,4150.948623227732
12,28839,0.0007143697883021971,0.42279934241794725,1.6881923946530517,2,4139.486660677758
12,28898,0.0007157762614910228,0.4496078094669347,1.6861047806191605,2,4207.353868854019
12,28947,0.0007267414847184927,0.49152973150345847,1.8120982193067454,2,4298.9381862126875
12,28950,0.0007266070520243631,0.4895640163320717,1.8019219208499557,2,4287.5608183311915
12,28984,0.0007150521263452244,0.4201196092476652,1.7037013930202987,2,4141.121904503604
12,28987,0.0007149176936510948,0.41815389407627845,1.693525094563509,2,4155.277668940007
12,29083,0.0007161872267282489,0.4507453968752372,1.6958335341521553,2,4171.01892814961
12,29098,0.0007150298826327956,0.45033275603515577,1.6981792158329971,2,4212.075601258061
12,29157,0.0007276529459008796,0.4694631658087557,1.8242431821786853,2,4287.3962177727935
12,29169,0.0007266300344995559,0.47101624014006105,1.8367651623163168,2,4240.672448904714
12,29172,0.0007264956018054263,0.4690505249686743,1.8265888638595273,2,4223.607649763603
12,29194,0.00072764357024662,0.46413010529385146,1.827974510975012,2,4276.896292890112
12,29209,0.0007264862261511667,0.46371746445377005,1.830320192655854,2,4211.016692069769
12,29231,0.0007162432076886122,0.37832747638373476,1.6951870110044176,2,4280.658571111133
12,29243,0.0007152202962872885,0.37988055071504023,1.707708991142049,2,4248.824105461871
12,29246,0.0007150858635931589,0.37791483554365346,1.6975326926852594,2,4284.375578525399
12,29280,0.0007152246109243404,0.44164569246308827,1.6836439649533397,2,4152.000879478516
12,29283,0.0007150901782302108,0.4396799772917015,1.6734676664965502,2,4232.404195402862
12,29317,0.0007152404168397823,0.4303096234193705,1.6949903181894488,2,4195.155855396576
12,29320,0.0007151059841456527,0.42834390824798374,1.684814019732659,2,4217.6812225009935
12,29394,0.0007151403147813666,0.4101732978253879,1.7086656275108176,2,4132.816503878118
12,29426,0.0007079389150658279,0.3568343617232046,1.6628507193314708,2,4147.594720892959
12,29431,0.0007151440605466223,0.37030900844023573,1.7016453050972749,2,4287.1452695615135
12,29453,0.0007276246543504769,0.500898541047768,1.8286881161416542,2,4237.044704528745
12,29468,0.0007264673102550236,0.5004859002076867,1.831033797822496,2,4190.006062595996
12,29490,0.000716311505539827,0.3792212830131847,1.6964174777952812,2,4305.6976102197
12,29502,0.0007152885941385033,0.38077435734449006,1.7089394579329127,2,4244.791402686921
12,29505,0.0007151541614443737,0.3788086421731033,1.6987631594761232,2,4271.94036344515
12,29564,0.0007163324873932934,0.45056462869475855,1.6787634451116153,2,4244.774131863879
12,29601,0.0007276212039378236,0.42135822447440696,1.819447348855191,2,4399.234898259916
12,29675,0.0007160547034211621,0.43216131944709013,1.696832614197333,2,4217.63005094444
12,29687,0.0007150317920198384,0.4337143937783956,1.7093545943349644,2,4165.877956006704
12,29690,0.0007148973593257088,0.43174867860700883,1.699178295878175,2,4132.040438489958
12,29712,0.0007157982069068016,0.44224741682433855,1.694193343591674,2,4184.020241528341
12,29724,0.0007147752955054779,0.4438004911556439,1.7067153237293056,2,4165.423774267659
12,29727,0.0007146408628113483,0.44183477598425713,1.6965390252725159,2,4165.630551162751
12,29761,0.000726667379932595,0.47784851353110713,1.8192589052759611,2,4238.588378067955
12,29764,0.0007265329472384654,0.47588279835972036,1.8090826068191717,2,4263.063080109316
12,29786,0.0007160288004438921,0.4343500715961687,1.7097563108112204,2,4193.589680863913
12,29801,0.0007148714563484388,0.43393743075608726,1.7121019924920622,2,4143.97107280992
12,29823,0.0007158039985222197,0.4408558403534636,1.685084832526967,2,4171.0681934257
12,29835,0.000714781087120896,0.44240891468476906,1.6976068126645985,2,4185.189550050202
12,29838,0.0007146466544267663,0.4404431995133823,1.687430514207809,2,4193.111659031828
12,29897,0.0007158334869898866,0.424431638918786,1.6961710104682615,2,4192.298284267853
12,29909,0.0007148105755885629,0.42598471325009135,1.708692990605893,2,4162.036314844602
12,29912,0.0007146761428944333,0.4240189980787046,1.6985166921491033,2,4156.046853660484
12,29971,0.0007158474834259468,0.4432746416388349,1.7037366879731328,2,4178.316274910173
12,29983,0.0007148245720246231,0.44482771597014037,1.7162586681107643,2,4191.87519529364
12,29986,0.0007146901393304935,0.4428620007987536,1.7060823696539746,2,4139.832451077795
12,30020,0.0007148354236880275,0.37697111287519436,1.695607451519309,2,4296.574621126515
12,30023,0.0007147009909938979,0.3750053977038076,1.6854311530625192,2,4289.963606148068
12,30082,0.0007159050609807953,0.44439275347015417,1.7127697851846082,2,4119.875497979039
12,30097,0.000714747716885342,0.44398011263007275,1.71511546686545,2,4171.122380974549
12,30119,0.000727724253347809,0.49884370762748476,1.7976659012416378,2,4310.525053122312
12,30131,0.0007267013419464853,0.5003967819587902,1.8101878813792693,2,4274.569798013665
12,30134,0.0007265669092523557,0.49843106678740345,1.8000115829224799,2,4274.384932451998
12,30156,0.0007159184267523508,0.4395320532785254,1.7002384585783257,2,4224.699447635854
12,30168,0.000714895515351027,0.44108512760983076,1.7127604387159572,2,4130.51366697088
12,30171,0.0007147610826568974,0.439119412438444,1.7025841402591675,2,4118.7462493865405
12,30242,0.0007149309110388958,0.3753809243270171,1.6934573946231857,2,4299.646804976902
12,30245,0.0007147964783447662,0.3734152091556303,1.683281096166396,2,4288.966137157472
12,30267,0.000727714078625608,0.4160687804365738,1.8203351677087345,2,4402.042198467683
12,30282,0.0007265567345301547,0.4156561395964925,1.8226808493895763,2,4341.585626933273
12,30319,0.000714805307058211,0.3797993926656208,1.7443803226520573,2,4204.609682117714
12,30353,0.0007149643965477998,0.4247351772596226,1.698998132137899,2,4162.624227800781
12,30356,0.0007148299638536702,0.42276946208823585,1.6888218336811096,2,4175.61376956926
12,30378,0.0007159944271973853,0.4332471042741579,1.6901942813067918,2,4226.354128508086
12,30390,0.0007149715157960616,0.43480017860546327,1.7027162614444233,2,4164.01174902475
12,30393,0.000714837083101932,0.4328344634340765,1.6925399629876339,2,4134.787549548117
12,30415,0.0007159951246929225,0.4456712662620569,1.680159684980045,2,4208.065229907146
12,30427,0.0007149722132915988,0.44722434059336225,1.6926816651176766,2,4177.580639946853
12,30430,0.0007148377805974692,0.4452586254219755,1.6825053666608871,2,4170.116845507706
12,30467,0.0007148420789951345,0.38079369991285783,1.7435146041467122,2,4255.97695715273
12,30504,0.0007148448129174258,0.37894208995464185,1.6819376785540123,2,4286.324604334504
12,30563,0.0007163754440427144,0.4327477554924719,1.7084049157103918,2,4161.0416846161515
12,30578,0.0007152180999472611,0.4323351146523906,1.7107505973912336,2,4154.08348721911
12,30600,0.0007152214672852729,0.4412036836484635,1.696262383047976,2,4185.684068793993
12,30612,0.0007141985558839492,0.442756757979769,1.7087843631856074,2,4210.639483284517
12,30615,0.0007140641231898196,0.4407910428083822,1.6986080647288178,2,4192.690399005084
12,30637,0.0007279148906794156,0.4948152003632622,1.8238163136719514,2,4278.1946433644825
12,30649,0.0007268919792780919,0.4963682746945677,1.836338293809583,2,4277.459495912976
12,30652,0.0007267575465839623,0.4944025595231809,1.8261619953527932,2,4266.350651438008
12,30686,0.0007134128868876552,0.43501829386681734,1.6712100979105156,2,4160.753502858337
12,30689,0.0007132784541935256,0.43305257869543057,1.6610337994537259,2,4217.992770471835
12,30711,0.000910385127690862,2.0093522797308063,4.479368530288523,2,5284.703472010616
12,30748,0.0007280923262742974,0.4961095832366369,1.8171589283750114,2,4293.467366911285
12,30760,0.0007270694148729736,0.49766265756794237,1.8296809085126429,2,4243.0172564576405
12,30763,0.000726934982178844,0.4956969423965556,1.8195046100558534,2,4259.43201284621
12,30859,0.0007144767337045073,0.3788127666384776,1.6789081676817914,2,4276.63585407932
12,30970,0.0007144881336366514,0.4389422228106019,1.6906615081323737,2,4105.259874924207
12,30982,0.0007134652222353277,0.4404952971419074,1.7031834882700052,2,4187.1847754316495
12,30985,0.0007133307895411981,0.4385295819705206,1.6930071898132157,2,4178.792314684793
12,31007,0.0007280754043135913,0.4257702831637623,1.8871024821430908,2,4282.406049713092
12,31059,0.0007133661472704132,0.375053991290173,1.6652415972035775,2,4291.643831878708
12,31081,0.0007145306023886511,0.44007225341511647,1.6763236525193694,2,4182.217537926327
12,31093,0.0007135076909873274,0.44162532774642194,1.688845632657001,2,4137.383943368965
12,31096,0.0007133732582931978,0.43965961257503516,1.6786693342002115,2,4123.5881895513285
12,31118,0.0007280681867862027,0.48403847743159156,1.8150312190211209,2,4335.222572196922
12,31130,0.000727045275384879,0.4855915517628969,1.8275531991587524,2,4262.023079185768
12,31133,0.0007269108426907494,0.48362583659151015,1.817376900701963,2,4232.156897025204
12,31167,0.0007135489977690125,0.3728194251495237,1.6845608009166677,2,4274.2836814882685
12,31170,0.0007134145650748829,0.37085370997813694,1.6743845024598782,2,4265.88265151768
12,31278,0.0007135826019041285,0.37590320360536256,1.6753496278270084,2,4268.6849849782475
12,31281,0.0007134481692099989,0.3739374884339758,1.6651733293702187,2,4262.019081913532
12,31303,0.0007146071583109842,0.439532333686949,1.6879545285714774,2,4174.236725992637
12,31315,0.0007135842469096605,0.44108540801825435,1.700476508709109,2,4210.790097381828
12,31318,0.0007134498142155309,0.4391196928468676,1.6903002102523195,2,4181.148337342124
12,31340,0.0007146176974006271,0.43255940564288486,1.684914213194929,2,4163.783833975618
12,31352,0.0007135947859993034,0.43411247997419034,1.6974361933325606,2,4142.912354474472
12,31355,0.0007134603533051738,0.43214676480280356,1.687259894875771,2,4163.785622163163
12,31377,0.000714433530403219,0.43449819702297166,1.690995105511803,2,4167.082800397584
12,31392,0.0007132761863077656,0.43408555618289035,1.6933407871926451,2,4124.148204482687
12,31414,0.0007146274428294274,0.4189284353787267,1.6830457990912624,2,4202.47932717369
12,31426,0.0007136045314281037,0.42048150971003206,1.695567779228894,2,4115.909326396537
12,31429,0.0007134700987339741,0.4185157945386453,1.6853914807721042,2,4131.000054685457
12,31451,0.0007144287084969077,0.44367358431151105,1.6770539743006065,2,4170.760702531786
12,31488,0.0007143778431507831,0.4336516542993263,1.6817523176125198,2,4195.198728741721
12,31500,0.0007133549317494594,0.43520472863063164,1.6942742977501513,2,4147.754315999097
12,31503,0.0007132204990553298,0.43323901345924487,1.6840979992933616,2,4128.114130579309
12,31525,0.0007281839364007736,0.4177923204678161,1.8893511570274857,2,4325.062165537771
12,31562,0.0007281831066730702,0.5098671297751992,1.823394625395085,2,4311.396854906926
12,31599,0.0009083989148747649,1.9934528550973902,4.4382598669804185,2,5244.879881413368
12,31648,0.0007131012785741547,0.41231127233602893,1.6861167881050185,2,4151.339602403874
12,31651,0.0007129668458800251,0.41034555716464216,1.675940489648229,2,4166.361244644905
12,31673,0.0007141684192210658,0.4354533421186303,1.687319599994246,2,4155.286299791573
12,31688,0.0007130110751256125,0.4350407012785489,1.6896652816750881,2,4124.203582976898
12,31710,0.0007281501787208211,0.41736088770417634,1.8216524624249517,2,4388.100084662323
12,31725,0.0007269928346253678,0.41694824686409504,1.8239981441057938,2,4356.519061655592
12,31759,0.0007131714985115711,0.42488229638081043,1.6822532030579456,2,4123.622731635225
12,31762,0.0007130370658174415,0.42291658120942366,1.672076904601156,2,4133.347181938224
12,31784,0.0007141986366721352,0.4092176797575596,1.6875905931161792,2,4210.489099027076
12,31799,0.0007130412925766819,0.4088050389174783,1.6899362747970212,2,4112.43374321852
12,31821,0.0007281442216919727,0.48202065541304473,1.8314916859852108,2,4285.226459075722
12,31833,0.000727121310290649,0.4835737297443502,1.8440136661228423,2,4208.404017099309
12,31836,0.0007269868775965194,0.4816080145729634,1.8338373676660529,2,4226.505594862559
12,31858,0.0007281429777475684,0.4652438123147027,1.83420114467804,2,4313.3453585065245
12,31873,0.0007269856336521151,0.4648311714746213,1.8365468263588818,2,4205.668095220856
12,31895,0.0009094390604521815,1.9496905971327354,4.489248385311026,2,5236.023239299846
12,31984,0.0007131207501588359,0.36961750263955795,1.7281363855093652,2,4195.889904374368
12,32006,0.0007281226927516661,0.5048598333112071,1.8136230913896347,2,4280.366591768252
12,32021,0.0007269653486562128,0.5044471924711258,1.8159687730704765,2,4321.246122555658
12,32043,0.000714300255937367,0.42758220057719487,1.6787542200943362,2,4173.612800573325
12,32055,0.0007132773445360433,0.42913527490850023,1.6912762002319677,2,4112.662831858569
12,32058,0.0007131429118419137,0.42716955973711346,1.681099901775178,2,4121.021392608726
12,32092,0.0007132974204232698,0.40772077892572334,1.695087228396011,2,4140.2832106876
12,32095,0.0007131629877291402,0.40575506375433656,1.6849109299392213,2,4138.188309929573
12,32132,0.0007131806272920832,0.36225899498579084,1.6780403707337592,2,4252.5169273647725
12,32137,0.0007062545931820471,0.3529774005594999,1.6465697866588116,2,4171.418189317021
12,32154,0.0007143487068052994,0.4246872258520048,1.6932939607128474,2,4118.066485573699
12,32169,0.000713191362709846,0.4242745850119234,1.6956396423936895,2,4131.180911255814
12,32191,0.0007143647917835839,0.372036452807737,1.674939819021552,2,4290.527406825028
12,32203,0.0007133418803822602,0.37358952713904237,1.6874617991591836,2,4268.988737529474
12,32206,0.0007132074476881306,0.3716238119676556,1.677285500702394,2,4255.917809483772
12,32240,0.0007133868843516038,0.41447941701803737,1.6895855610524222,2,4130.935817617525
12,32243,0.0007132524516574742,0.4125137018466506,1.6794092625956327,2,4124.465618689577
12,32265,0.0007279105474761949,0.47512270436265447,1.827229978114833,2,4287.956398491067
12,32277,0.0007268876360748712,0.47667577869395994,1.8397519582524644,2,4215.44021324716
12,32280,0.0007267532033807416,0.47471006352257317,1.829575659795675,2,4228.487392481517
12,32391,0.0007268369397002668,0.46230106810842997,1.8330896424593208,2,4261.3827795596235
12,32413,0.0007279739072227945,0.41446569935884925,1.8919126529459416,2,4302.294768142248
12,32462,0.0007139732931565888,0.4133184891970717,1.696347110138921,2,4139.300325135123
12,32465,0.0007138388604624592,0.41135277402568493,1.6861708116821312,2,4145.001132687345
12,32487,0.0007149967099093593,0.44026376997673744,1.7018628022204454,2,4117.800538224674
12,32502,0.000713839365813906,0.439851129136656,1.7042084839012872,2,4111.16758189161
12,32561,0.0007150252152102932,0.4333943764629503,1.6989737467100707,2,4150.174336482287
12,32576,0.0007138678711148398,0.432981735622869,1.7013194283909125,2,4179.379011291933
12,32598,0.0007150306894793478,0.4213338385243245,1.6898558013649532,2,4167.068309211661
12,32610,0.0007140077780780241,0.42288691285562996,1.7023777815025847,2,4147.155512865822
12,32613,0.0007138733453838945,0.4209211976842432,1.692201483045795,2,4146.924869470782
12,32635,0.000715032132325779,0.37778808230316163,1.6901978933379578,2,4293.20942601079
12,32672,0.000715032412886194,0.422464104588709,1.6999215201558475,2,4203.330092276444
12,32687,0.0007138750687907407,0.4220514637486277,1.7022672018366893,2,4140.95666259684
12,32783,0.0007150698956511245,0.43799036545711845,1.7033692466970274,2,4202.199128262903
12,32798,0.0007139125515556712,0.43757772461703703,1.7057149283778694,2,4125.180850597222
12,32835,0.0007139264913732867,0.36934052875807666,1.7434902135503132,2,4230.731079619618
12,32968,0.0007279298319809909,0.5037827793269076,1.793695773560188,2,4329.14342550056
12,33042,0.0007151944822984684,0.3778090762540557,1.684711402667484,2,4290.488323049787
12,33057,0.000714037138203015,0.3773964354139743,1.6870570843483261,2,4262.950491758427
12,33079,0.0007279978549627151,0.5081259908339671,1.8284681033228531,2,4350.37938332613
12,33128,0.0007136485118286496,0.3722955289798464,1.6752369792636987,2,4300.919220075663
12,33131,0.00071351407913452,0.37032981380845964,1.6650606808069093,2,4285.607259707336
12,33153,0.0007149015040835004,0.43609712924296373,1.6936911044716587,2,4193.915521127306
12,33165,0.0007138785926821767,0.4376502035742692,1.7062130846092902,2,4093.629924180845
12,33168,0.0007137441599880471,0.43568448840288243,1.6960367861525005,2,4102.7402671185955
12,33239,0.0007136566238094285,0.43759610765096246,1.6712162234513244,2,4179.474860856651
12,33242,0.0007135221911152989,0.4356303924795757,1.6610399249945347,2,4158.808918178049
12,33264,0.0007147099476884168,0.42452921049116454,1.6962592760844055,2,4144.367509215375
12,33279,0.0007135526035929635,0.42411656965108324,1.6986049577652473,2,4117.708899574319
12,33301,0.0007147225465972361,0.43254353316182126,1.671422899839972,2,4234.994479260666
12,33313,0.0007136996351959124,0.4340966074931266,1.6839448799776036,2,4162.781389771015
12,33316,0.0007135652025017828,0.43213089232173985,1.6737685815208139,2,4137.197915885754
12,33375,0.0007147318604381288,0.4467729823857246,1.6752299699719422,2,4219.530041835827
12,33498,0.0007137143105366239,0.41642037325910075,1.697139853166302,2,4110.191849936493
12,33501,0.0007135798778424943,0.414454658087714,1.6869635547095123,2,4134.625953016276
12,33535,0.0007137300411131585,0.43657942693503315,1.6770697266914183,2,4161.598486281131
12,33538,0.0007135956084190289,0.4346137117636464,1.6668934282346288,2,4176.482949173742
12,33671,0.0007147820429736123,0.43870624393650004,1.690020657158096,2,4165.7830118838265
12,33683,0.0007137591315722886,0.4402593182678054,1.7025426372957275,2,4148.983862655692
12,33686,0.000713624698878159,0.4382936030964186,1.6923663388389378,2,4167.448789782501
12,33723,0.0007136379331163589,0.3745925780594719,1.7353580399324648,2,4191.305966043475
12,33745,0.0007148040320398368,0.41504654982076616,1.6933851402623432,2,4149.3074748894105
12,33760,0.0007136466879443835,0.41463390898068475,1.695730821943185,2,4149.792485520927
12,33794,0.0007137978764847086,0.44067899928110743,1.665398075191545,2,4168.236604466423
12,33797,0.000713663443790579,0.43871328410972066,1.6552217767347555,2,4242.574234074201
12,33819,0.0007148213419412977,0.42313883504139593,1.686372632659528,2,4186.3439762595945
12,33831,0.000713798430539974,0.4246919093727014,1.6988946127971596,2,4096.383738683329
12,33834,0.0007136639978458444,0.42272619420131463,1.6887183143403701,2,4100.285574116486
12,33868,0.0007138202251646753,0.41855187435566077,1.6933941843872522,2,4173.4180941972345
12,33871,0.0007136857924705457,0.416586159184274,1.6832178859304625,2,4136.917520690092
12,33905,0.0007138575778022242,0.37082596354079855,1.6800689980724328,2,4260.348028829717
12,33908,0.0007137231451080946,0.3688602483694118,1.6698926996156433,2,4298.730534988473
12,34004,0.0007163895184879935,0.4403458979179169,1.689448569681112,2,4236.502494447419
12,34016,0.0007153666070866698,0.44189897224922237,1.7019705498187434,2,4167.681063992659
12,34019,0.0007152321743925402,0.4399332570778356,1.691794251361954,2,4154.564715467056
12,34041,0.0007164216166891264,0.44208308823343645,1.708139120609779,2,4191.852449523591
12,34053,0.0007153987052878027,0.4436361625647418,1.7206611007474104,2,4114.625940010429
12,34056,0.0007152642725936731,0.44167044739335504,1.710484802290621,2,4131.821371870137
12,34078,0.0007177784532921809,0.45678863356614285,1.695812421450452,2,4231.267360185766
12,34152,0.0007177974833829617,0.4522119140930686,1.7042365842544438,2,4204.509792753028
12,34164,0.000716774571981638,0.45376498842437407,1.7167585643920753,2,4160.127683455565
12,34167,0.0007166401392875084,0.4517992732529873,1.7065822659352856,2,4205.2089887276525
12,34189,0.0007272308161068334,0.47948587157035893,1.8211936523982608,2,4259.816942513708
12,34201,0.0007262079047055097,0.4810389459016644,1.8337156325358923,2,4174.249941142568
12,34204,0.0007260734720113801,0.47907323073027763,1.8235393340791026,2,4185.055918059106
12,34241,0.0007166616370575637,0.3857393600825887,1.7636229106522288,2,4246.821678547007
12,34337,0.0007178446410211166,0.4440068063084742,1.7289922182469009,2,4157.497434611147
12,34352,0.0007166872969256633,0.4435941654683929,1.7313378999277427,2,4142.572826615883
12,34411,0.0007272108753567351,0.48945180971636437,1.7995882733171844,2,4296.275140116959
12,34423,0.0007261879639554114,0.49100488404766973,1.812110253454816,2,4275.843664512709
12,34426,0.0007260535312612818,0.48903916887628296,1.8019339549980262,2,4323.801447881227
12,34463,0.0007260510690972135,0.4157262634477261,1.873168642151074,2,4278.1928623596605
12,34485,0.0007178960473812065,0.4536777046797892,1.7253304718109452,2,4171.042742394852
12,34497,0.0007168731359798828,0.45523077901109454,1.7378524519485767,2,4196.249208192413
12,34500,0.0007167387032857532,0.45326506383970777,1.7276761534917873,2,4223.678278473901
12,34522,0.0007179028510540989,0.4501126100054036,1.704949522255224,2,4224.534825410092
12,34534,0.0007168799396527752,0.45166568433670895,1.7174715023928555,2,4204.179243042503
12,34537,0.0007167455069586456,0.4496999691653222,1.7072952039360658,2,4205.282278600788
12,34596,0.0007179361480908393,0.439390518660401,1.7293299776853313,2,4137.365531788137
12,34611,0.000716778803995386,0.4389778778203197,1.731675659366173,2,4158.73174329
12,34670,0.0007179604992472806,0.4444951173432784,1.7190482047384879,2,4181.333317781768
12,34682,0.0007169375878459569,0.44604819167458387,1.7315701848761194,2,4173.850601541608
12,34685,0.0007168031551518273,0.4440824765031971,1.7213938864193297,2,4195.176773227561
12,34707,0.0007179943669884967,0.45847495853612497,1.6944021206461672,2,4257.916062225594
12,34744,0.0007180100016545654,0.38675189946517663,1.7183323667552197,2,4313.230599542692
12,34759,0.0007168526575591121,0.3863392586250953,1.7206780484360615,2,4274.303160333489
12,34781,0.0007177604102103791,0.3814696452221217,1.7118382883828915,2,4322.505132545632
12,34796,0.0007166030661149258,0.38105700438204027,1.7141839700637334,2,4281.5377138204885
12,34818,0.0007271804201311703,0.4762696014016533,1.8163683950128107,2,4278.25841734074
12,34830,0.0007261575087298466,0.4778226757329588,1.8288903751504422,2,4241.123228080194
12,34833,0.000726023076035717,0.475856960561572,1.8187140766936525,2,4259.050801479736
12,34892,0.0007272559880664832,0.48504755708440295,1.8209023238719593,2,4253.202261469698
12,34904,0.0007262330766651595,0.4866006314157084,1.8334243040095908,2,4272.918749634304
12,34907,0.0007260986439710299,0.48463491624432165,1.823248005552801,2,4247.733125389563
12,35040,0.0007174273049108449,0.4574871844200128,1.6941324460204885,2,4265.842414154002
12,35089,0.0007263325427390924,0.4901705620905129,1.8003990030739085,2,4315.762786109092
12,35092,0.0007261981100449628,0.48820484691912613,1.790222704617119,2,4330.130705501109
12,35114,0.0007273466490128852,0.4999384095426008,1.799917112560944,2,4306.258429175532
12,35126,0.0007263237376115615,0.5014914838739063,1.8124390926985756,2,4298.5321033860955
12,35129,0.0007261893049174319,0.4995257687025195,1.8022627942417861,2,4265.845695160818
12,35277,0.0007163711422858997,0.3813137555936674,1.7624371738145672,2,4234.843375576968
12,35299,0.0007175509570957222,0.45475289751738435,1.7053659236055925,2,4173.356587400062
12,35311,0.0007165280456943985,0.4563059718486898,1.717887903743224,2,4229.939494653754
12,35314,0.0007163936130002689,0.45434025667730304,1.7077116052864343,2,4183.4068127393375
12,35336,0.0007176034211403085,0.3769768751935143,1.7159223080272195,2,4333.478537225357
12,35346,0.0007092409315640608,0.36308958763640176,1.6794734039422574,2,4118.534498722448
12,35351,0.0007164460770448552,0.376564234353433,1.7182679897080615,2,4277.201888224432
12,35385,0.0007262633835306663,0.4891768556246937,1.8082416397695056,2,4280.891344051275
12,35388,0.0007261289508365367,0.48721114045330693,1.798065341312716,2,4270.479779463599
12,35410,0.0007176403109373013,0.42635109930886284,1.7191589068078348,2,4249.103287703734
12,35425,0.000716482966841848,0.4259384584687814,1.7215045884886766,2,4133.929446062779
12,35447,0.0007176403208217594,0.4539485095821202,1.7280257728038075,2,4202.724931296928
12,35462,0.0007164829767263061,0.4535358687420389,1.7303714544846496,2,4157.672680819705
12,35484,0.0007176527817464827,0.3869035528213438,1.7093219172990526,2,4315.339280047677
12,35558,0.0007176724698839574,0.4568865626800682,1.725737089857413,2,4192.2197291367465
12,35573,0.0007165151257885041,0.4564739218399869,1.728082771538255,2,4208.466290345401
12,35632,0.0007177168831971433,0.4580087885986788,1.714156011400924,2,4199.982747811178
12,35669,0.0007174039510376665,0.45770590512437237,1.6930253929683645,2,4265.120882409516
12,35718,0.0007170206556469045,0.38751543091884555,1.717494881732503,2,4263.840898779549
12,35721,0.0007168862229527749,0.3855497157474588,1.7073185832757136,2,4289.827904858517
12,35743,0.0007180907983974403,0.43518887221614033,1.7170908538794172,2,4243.377297903692
12,35755,0.0007170678869961166,0.4367419465474458,1.7296128340170487,2,4126.500420220361
12,35758,0.000716933454301987,0.43477623137605903,1.719436535560259,2,4153.386030511494
12,35780,0.0007184798679234869,0.4572006219380754,1.739031062405369,2,4214.525359413228
12,35795,0.0007173225238280336,0.456787981097994,1.741376744086211,2,4178.231178850624
12,35817,0.000727071755877241,0.422173745043385,1.868347607374813,2,4243.1519903566295
12,35854,0.0007270669412551155,0.5003558677760143,1.7882848905625155,2,4336.5271799897755
12,35891,0.0007185320495229471,0.46254541675749494,1.723160036366909,2,4187.091481916146
12,35940,0.0007175248919164165,0.43024174377757984,1.7281420984752616,2,4151.139146935569
12,35943,0.0007173904592222869,0.42827602860619307,1.717965800018472,2,4187.765527575231
12,36002,0.0007270480797491253,0.4809780592905746,1.8065652924079398,2,4273.444030200273
12,36014,0.0007260251683478016,0.48253113362187994,1.8190872725455713,2,4243.09710070572
12,36017,0.000725890735653672,0.48056541845049316,1.8089109740887819,2,4268.143895897382
12,36039,0.0007185585478747047,0.3815719022412202,1.724995089150963,2,4316.653922532273
12,36054,0.0007174012037792514,0.38115926140113876,1.7273407708318047,2,4296.187577681039
12,36091,0.0007174051434460158,0.4225807357577147,1.7347096525628605,2,4167.59299407711
12,36113,0.000718596707488656,0.46538979346446463,1.7281881041403304,2,4244.332253110585
12,36150,0.0007186161429222805,0.4404800453170319,1.7242870030365238,2,4193.28501321508
12,36162,0.0007175932315209568,0.44203311964833736,1.7368089831741553,2,4168.2832342694355
12,36165,0.0007174587988268272,0.4400674044769506,1.7266326847173656,2,4220.765396051391
12,36187,0.0007270414006185019,0.4716653589586355,1.8173274156149377,2,4285.814831662866
12,36199,0.0007260184892171782,0.47321843328994084,1.8298493957525692,2,4204.901239875003
12,36202,0.0007258840565230486,0.47125271811855407,1.8196730972957795,2,4226.942532918646
12,36261,0.0007186623432966651,0.4528140426677021,1.7168925007727778,2,4176.442184254075
12,36273,0.0007176394318953414,0.45436711699900745,1.7294144809104093,2,4198.263909827803
12,36276,0.0007175049992012118,0.4524014018276207,1.7192381824536198,2,4167.801147293808
12,36308,0.0007186663632146769,0.39084958754829036,1.7760451935159203,2,4253.243528448315
12,36313,0.0007258715086954714,0.4043242342653216,1.8148397792817244,2,4369.841041436284
12,36409,0.0007270203843260303,0.5032690042648565,1.8241372428440503,2,4280.650066034099
12,36446,0.0007187345804654653,0.38533037852221674,1.7248850996048422,2,4358.742339150157
12,36461,0.000717577236370012,0.38491773768213533,1.727230781285684,2,4288.670756153372
12,36483,0.0007184735044301481,0.43351183351104516,1.7340568104595966,2,4165.087437321614
12,36498,0.0007173161603346948,0.43309919267096375,1.7364024921404384,2,4183.515023520453
12,36520,0.0007180715005140466,0.452915092576334,1.732384606983405,2,4142.81389263717
12,36535,0.0007169141564185933,0.4525024517362527,1.7347302886642468,2,4167.32959212889
12,36705,0.0007271537651121488,0.5032966920853875,1.8041748587313626,2,4306.552641712188
12,36742,0.0007181639393258943,0.45165760952802825,1.727657607827211,2,4166.18489263159
12,36754,0.0007171410279245706,0.4532106838593336,1.7401795879648425,2,4160.832529606989
12,36757,0.000717006595230441,0.45124496868794683,1.7300032895080528,2,4173.583203606115
12,36791,0.0007171792467713143,0.44712249433709816,1.7098712076396665,2,4140.825715782646
12,36794,0.0007170448140771847,0.4451567791657114,1.6996949091828768,2,4168.755450066195
12,36816,0.0007182297795324552,0.38785185806431743,1.7191561444337216,2,4307.215405442665
12,36831,0.0007170724354370019,0.38743921722423613,1.7215018261145636,2,4273.001628805699
12,36865,0.0007172132583831377,0.44787044043550517,1.7097030636207031,2,4156.44313030831
12,36868,0.0007170788256890081,0.4459047252641184,1.6995267651639134,2,4167.708656416355
12,36890,0.000727120808439581,0.5051912671261488,1.8175922230230428,2,4317.991350412506
12,36927,0.000718283678099443,0.45799604784172876,1.7024165236771598,2,4245.607630182449
12,36939,0.0007172607666981193,0.4595491221730341,1.7149385038147913,2,4234.268641442723
12,36942,0.0007171263340039897,0.45758340700164735,1.7047622053580016,2,4239.046747616513
12,36964,0.000718301836159433,0.45014905461699384,1.717880268616731,2,4181.529758665852
12,36976,0.0007172789247581093,0.4517021289482992,1.7304022487543624,2,4201.9286400255305
12,36979,0.0007171444920639797,0.4497364137769124,1.720225950297573,2,4155.102674899648
12,37001,0.0007183036971721143,0.43955194385667207,1.7188376014052056,2,4222.506433479786
12,37013,0.0007172807857707906,0.4411050181879774,1.731359581542837,2,4162.096062226532
12,37016,0.000717146353076661,0.43913930301659065,1.7211832830860476,2,4205.459226508817
12,37050,0.0007172826008520883,0.3823709309421315,1.7261443393724158,2,4331.893291675076
12,37053,0.0007171481681579587,0.3804052157707447,1.7159680409156264,2,4323.1401406129235
12,37075,0.0007271141108858603,0.41709076359920905,1.817680018757351,2,4364.2308894442185
12,37090,0.000725956766790407,0.41667812275912763,1.8200257004381928,2,4326.686230737841
12,37112,0.0007183239508761806,0.4371043849448307,1.730724048132492,2,4178.027694757914
12,37127,0.0007171666067807273,0.4366917441047494,1.733069729813334,2,4111.65395645297
12,37164,0.0007171800274502378,0.4170754831870632,1.7316622279786678,2,4119.81573067375
12,37186,0.0007183677402631324,0.39066192389564947,1.721074734818263,2,4301.308945820512
12,37223,0.0007183723763191387,0.42784156459971456,1.7269052563506138,2,4200.807434365878
12,37238,0.0007172150322236854,0.42742892375963315,1.7292509380314558,2,4143.857251583965
12,37260,0.0007271059900206633,0.49927249949977104,1.825831594710229,2,4224.0013048193805
12,37334,0.0007270862727008512,0.48609308694667286,1.818835531689176,2,4273.667809504723
12,37346,0.0007260633612995275,0.48764616127797833,1.8313575118268075,2,4221.719331911609
12,37349,0.0007259289286053979,0.48568044610659156,1.821181213370018,2,4249.343447941403
12,37371,0.0007164129174888532,0.44557482606104515,1.7053251192835954,2,4173.866748923914
12,37383,0.0007153900060875295,0.4471279003923506,1.717847099421227,2,4207.509713933014
12,37386,0.0007152555733933999,0.44516218522096385,1.7076708009644375,2,4187.189633931139
12,37408,0.0007174029318731969,0.4466999842886008,1.717370561907502,2,4184.429989653109
12,37420,0.0007163800204718732,0.44825305861990616,1.7298925420451334,2,4164.654663338654
12,37423,0.0007162455877777436,0.4462873434485194,1.719716243588344,2,4150.273934752254
12,37482,0.0007166228580058979,0.4425855272806858,1.6897927504589305,2,4243.698075053416
12,37494,0.0007155999466045742,0.44413860161199115,1.702314730596562,2,4147.272201419599
12,37497,0.0007154655139104446,0.4421728864406044,1.6921384321397726,2,4174.230846442626
12,37519,0.0007166299939121399,0.45270907074396516,1.7092476387650135,2,4168.031099451527
12,37531,0.0007156070825108162,0.45426214507527063,1.721769618902645,2,4186.395941001894
12,37534,0.0007154726498166866,0.45229642990388386,1.7115933204458555,2,4147.742199567579
12,37556,0.0007275552100412107,0.49172031830327667,1.8085472968172833,2,4285.169510841535
12,37568,0.000726532298639887,0.49327339263458214,1.8210692769549148,2,4290.220925401133
12,37571,0.0007263978659457574,0.49130767746319537,1.8108929784981254,2,4278.4841640417035
12,37593,0.0007275545683745256,0.4785700804203086,1.822512181666011,2,4256.603659663447
12,37605,0.0007265316569732018,0.48012315475161405,1.8350341618036425,2,4222.265394805892
12,37608,0.0007263972242790722,0.4781574395802273,1.824857863346853,2,4240.908959722845
12,37704,0.0007166618047215906,0.4489329057652669,1.6856666427856155,2,4193.388501378941
12,37716,0.0007156388933202669,0.45048598009657237,1.698188622923247,2,4195.355361956705
12,37719,0.0007155044606261373,0.4485202649251856,1.6880123244664575,2,4183.833277859933
12,37756,0.0007155072816763242,0.36870116184621116,1.7062512623288633,2,4290.212103743916
12,37761,0.0007085812475662881,0.3594195674199202,1.6747806782539156,2,4217.392178956757
12,37778,0.0007166671130438105,0.4510272771438172,1.7020155849578775,2,4206.278642884112
12,37790,0.0007156442016424868,0.45258035147512254,1.714537565095509,2,4155.156651319148
12,37793,0.0007155097689483572,0.45061463630373577,1.7043612666387193,2,4158.928608797632
12,37867,0.000715539163450415,0.3823511497211328,1.7489044319481633,2,4199.992035051289
12,37889,0.0007275399519041202,0.48324378700318427,1.8130871955222747,2,4266.79725976404
12,37901,0.0007265170405027965,0.48479686133448974,1.8256091756599062,2,4230.041659624146
12,37904,0.0007263826078086669,0.48283114616310296,1.8154328772031165,2,4254.992634625177
12,37926,0.0007167243895169626,0.4373531379349569,1.7117971427829808,2,4164.237026436101
12,37938,0.0007157014781156389,0.43890621226626225,1.7243191229206123,2,4156.863155588412
12,37941,0.0007155670454215093,0.4369404970948755,1.7141428244638226,2,4141.094473790362
12,37975,0.0007157374597784605,0.425775565417261,1.7133625719493955,2,4175.398520165236
12,37978,0.0007156030270843309,0.42380985024587425,1.7031862734926058,2,4154.172279324285
12,38000,0.0007275260043571718,0.48592615738688083,1.8145569719718124,2,4302.6578835485125
12,38012,0.0007265030929558481,0.4874792317181863,1.827078952109444,2,4242.595707664863
12,38015,0.0007263686602617185,0.48551351654679953,1.8169026536526542,2,4221.067400543436
12,38037,0.0007167681700690077,0.4351772920171454,1.7191843105977345,2,4135.826528156362
12,38052,0.0007156108259735544,0.4347646511770641,1.7215299922785763,2,4152.459766563936
12,38086,0.000715745437952625,0.4325777874462904,1.703871502713644,2,4193.887509985477
12,38089,0.0007156110052584954,0.4306120722749036,1.6936952042568543,2,4207.557406721565
12,38126,0.000715615812994633,0.37495950333920725,1.762405526639575,2,4217.769516362189
12,38148,0.0007167752568664458,0.4473127237040532,1.69635741121779,2,4222.313343093619
12,38160,0.0007157523454651221,0.44886579803535853,1.7088793913554214,2,4174.118369181844
12,38163,0.0007156179127709925,0.44690008286397176,1.6987030928986318,2,4206.148503093801
12,38222,0.0007167896392307118,0.45603088135323333,1.701556431073851,2,4235.361770602512
12,38259,0.0007166203377622898,0.44222423786381937,1.7158725838431392,2,4171.549684819369
12,38274,0.0007154629936668365,0.44181159702373796,1.718218265523981,2,4133.346489837464
12,38296,0.0007166156727340968,0.43806037308057844,1.7082167492143672,2,4152.457326080916
12,38308,0.0007155927613327731,0.4396134474118839,1.7207387293519987,2,4160.366344009431
12,38311,0.0007154583286386435,0.43764773224049713,1.710562430895209,2,4151.170176465525
12,38345,0.000726571068778585,0.49980805043418075,1.79646463246482,2,4330.221953607584
12,38348,0.0007264366360844554,0.497842335262794,1.7862883340080302,2,4331.967212422902
12,38382,0.0007154628316378359,0.4472861597917074,1.6820692140714064,2,4169.614648087624
12,38385,0.0007153283989437063,0.4453204446203206,1.671892915614617,2,4254.938377062294
12,38407,0.0007164883900150362,0.4433832082517972,1.7093177917567937,2,4180.10009857032
12,38419,0.0007154654786137124,0.4449362825831026,1.7218397718944252,2,4160.87825471022
12,38422,0.0007153310459195828,0.4429705674117158,1.7116634734376357,2,4144.658476636083
12,38444,0.0007165022408003035,0.44003032626035843,1.7169434501603287,2,4173.934505577355
12,38459,0.0007153448967048502,0.4396176854202771,1.7192891318411705,2,4172.763030448784
12,38496,0.0007264307356827329,0.41117284736569926,1.8810471194158318,2,4313.094326040665
12,38565,0.0007192233590921953,0.4697205295680418,1.7588507228603165,2,4216.5890825844945
12,38567,0.0007265629372671193,0.4851608914564598,1.80782160708291,2,4260.722376438479
12,38570,0.0007264285045729897,0.483195176285073,1.7976453086261206,2,4269.071947519429
12,38592,0.0007165120627764679,0.4416469913399401,1.6963494778365338,2,4244.525466647246
12,38604,0.0007154891513751442,0.4432000656712455,1.7088714579741653,2,4116.806378370152
12,38607,0.0007153547186810146,0.4412343504998587,1.6986951595173758,2,4185.732035828159
12,38629,0.0007165217915052148,0.4524187105858215,1.7106550266995297,2,4167.614198294773
12,38641,0.0007154988801038911,0.453971784917127,1.7231770068371612,2,4196.349404466384
12,38644,0.0007153644474097615,0.4520060697457402,1.7130007083803716,2,4162.447732200445
12,38678,0.0007155130748097282,0.37326094864960213,1.7067449232395149,2,4265.449428798918
12,38681,0.0007153786421155986,0.37129523347821536,1.6965686247827254,2,4294.114422029514
12,38715,0.000715518764690958,0.3769888360930109,1.7006120982456985,2,4299.957204428303
12,38718,0.0007153843319968284,0.37502312092162415,1.690435799788909,2,4320.607963800623
12,38740,0.0007165569267654259,0.4540372759052874,1.7115296778942892,2,4186.956658199
12,38792,0.0007154053041894391,0.3819309774396725,1.6890987313011394,2,4265.922619460367
12,38814,0.0007275711295859201,0.48802434916607085,1.8002743356179867,2,4270.944608537311
12,38826,0.0007265482181845964,0.4895774234973763,1.8127963157556182,2,4226.206305749903
12,38829,0.0007264137854904668,0.48761170832598955,1.8026200172988285,2,4257.00701890602
17,187,0.0007096387064786308,0.4143654037185781,1.6438659456643783,2,4113.869611627438
17,200,0.0007107324662794157,0.4136479074500203,1.6407011125622442,2,4149.318736723291
17,224,0.0007343718762105009,0.5264583502993725,1.8715532644639028,2,4388.116125788741
17,261,0.000734366670510482,0.5251654625522292,1.8680383960642815,2,4386.993552532492
17,298,0.0007096810068111301,0.4117048081617542,1.6307199563715218,2,4109.465218307399
17,409,0.0007097145361801438,0.42043215728555355,1.639595096266012,2,4106.608404887611
17,422,0.0007108082959809287,0.4197146610169957,1.6364302631638779,2,4164.961215235584
17,446,0.0007097292715115162,0.3935973156259458,1.640930051471355,2,4116.716898730359
17,557,0.0007097904584028403,0.35773107890394734,1.6399260124413815,2,4254.4997896355835
17,779,0.0007098674955801867,0.4156727228606211,1.6321325030106342,2,4141.424380319418
17,1075,0.0007093599577158043,0.40922935468687643,1.628411179113968,2,4113.172239429508
17,1186,0.0007094034984722668,0.41118081454361477,1.6335592052128447,2,4069.5512613476826
17,1371,0.0007094491595987584,0.4064085369321541,1.6374530105065206,2,4111.638505327713
17,1408,0.0007344115944366944,0.5242868034785839,1.87570570926061,2,4351.523015857109
17,1482,0.000709503973482128,0.3879753149276089,1.6446283065964382,2,4125.568143363962
17,1556,0.0008584390390310078,1.2813198223619624,3.6373195844888975,2,4988.896131997075
17,1569,0.0008595327988317928,1.2806023260934045,3.634154751386763,2,5015.597871849589
17,1630,0.0007092942703142678,0.3977189110878706,1.6435298006155457,2,4123.1297373946445
17,1741,0.0008643612225294604,1.374398962072528,3.700617982977505,2,5041.16632891811
17,1778,0.0007103441955678828,0.41053070203658,1.6469075500485386,2,4132.276345546088
17,2074,0.0007341906886719599,0.5260578130192113,1.901639911945969,2,4306.950111949529
17,2087,0.0007352844484727448,0.5253403167506534,1.898475078843835,2,4321.806424248227
17,2111,0.0007104949115276657,0.4151743245129128,1.6484722926566826,2,4096.378086928899
17,2124,0.0007115886713284507,0.414456828244355,1.6453074595545485,2,4218.544686177002
17,2148,0.0007105014285985026,0.4014521814736658,1.6484283828764315,2,4147.110181926175
17,2296,0.000710544363213633,0.4145793805556482,1.643967954504997,2,4120.378707666778
17,2333,0.0007341701202117517,0.5004443617022841,1.8944897262789362,2,4347.491190411969
17,2444,0.0007103301809637489,0.4184045761948714,1.6321163132611127,2,4162.76155528393
17,2703,0.0007099840038209368,0.41379377901896364,1.6319765005401623,2,4134.584869749985
17,2740,0.0007342936326859207,0.4332477853195026,1.895718368677141,2,4443.328822993385
17,2851,0.000710012845035529,0.4143969976448482,1.625425818978457,2,4206.889218204099
17,2888,0.0007100254203559284,0.3564441030934923,1.6343146328110976,2,4264.6917898687
17,2962,0.000734272575489272,0.5148925856508914,1.8790025361389637,2,4355.559112949188
17,3110,0.0007101340710106554,0.41746361137245525,1.6319734707204996,2,4162.690927933349
17,3147,0.0007342620249390582,0.5137961499455316,1.8775046916526845,2,4348.392022621932
17,3184,0.000734256980528298,0.5159274896434283,1.8936960455303287,2,4295.295742805931
17,3258,0.0008635216943217981,1.3112612926466676,3.704889567456265,2,5040.771241122912
17,3295,0.0007102577004921413,0.40775090758863336,1.6403056542726715,2,4121.550724175312
17,3369,0.000709265885631018,0.3579986265422639,1.6159198668631078,2,4273.390854317711
17,3517,0.0007346361408284046,0.5259076713590465,1.9061128287864033,2,4262.528771517269
17,3530,0.0007357299006291896,0.5251901750904886,1.9029479956842692,2,4375.631432811718
17,3554,0.0007084332846439276,0.4047674750951548,1.6316647918286113,2,4125.697182792516
17,3567,0.0007095270444447126,0.404049978826597,1.6284999587264772,2,4140.493684737211
17,3628,0.0007084546322501089,0.3977758476666112,1.6242265360556147,2,4140.533591035525
17,3665,0.0007346292248529791,0.5043138343992672,1.9078343480212947,2,4306.553686317701
17,3739,0.0007085158490734768,0.39936508317846325,1.6169889640197421,2,4134.914915742003
17,3776,0.0007085209314399034,0.3941483729499997,1.6288599676281086,2,4138.73677618348
17,3924,0.0007085454589456989,0.397582653312177,1.6242633083347415,2,4139.821145273824
17,3961,0.0007085472606291912,0.39252810576867986,1.633907196220235,2,4088.708780214872
17,4035,0.0007085745545997558,0.4039523845847561,1.625826861407986,2,4135.368235116983
17,4072,0.0007085765683936612,0.41647508221376517,1.6346419199668099,2,4113.70666388177
17,4085,0.0007096703281944461,0.41575758594520734,1.6314770868646757,2,4137.383765893671
17,4109,0.0007085888309787437,0.35539389311407854,1.6220854091508798,2,4273.6961923743165
17,4146,0.0007346498759501451,0.5260038767562909,1.892073085157019,2,4336.6258719756315
17,4159,0.0007357436357509301,0.525286380487733,1.888908252054885,2,4370.576831769554
17,4183,0.0007085906295950349,0.39534990760108657,1.6350226271365103,2,4101.1327982567245
17,4257,0.0007083307752747832,0.3986554533325387,1.629582419199551,2,4127.404809821828
17,4294,0.0007347379535317375,0.5266717049416113,1.88463898153055,2,4361.9616872187335
17,4368,0.0007347159260988227,0.5073239086282334,1.8977492000313452,2,4331.808059837954
17,4479,0.0007346957092886577,0.5174934666137216,1.8842567105420955,2,4342.156264489938
17,4553,0.0007082353803357271,0.3900996374455879,1.630302647576446,2,4105.260074900335
17,4664,0.0007082527712878963,0.40558134459082795,1.6322357453099354,2,4119.962360237394
17,4677,0.0007093465310886813,0.4048638483222701,1.6290709122078013,2,4131.1115796788845
17,4923,0.0007083174785148655,0.41152876243443204,1.6281087381416466,2,4129.389809448695
17,4936,0.0007094112383156505,0.4108112661658742,1.6249439050395125,2,4119.096618442614
17,4960,0.0007346587346508173,0.5273234370562878,1.909597860542619,2,4317.405227615033
17,4973,0.0007357524944516023,0.5266059407877299,1.9064330274404848,2,4321.292475944702
17,5034,0.0007092586322900381,0.4120309999245835,1.6298883240508257,2,4146.442984026715
17,5256,0.0007090192103145263,0.40641909926818287,1.643188422502716,2,4097.911003598906
17,5269,0.0007101129701153113,0.40570160299962504,1.640023589400582,2,4162.195279573589
17,5293,0.000709048992124517,0.4091820614101728,1.6328391271434008,2,4088.731750557655
17,5306,0.000710142751925302,0.408464565141615,1.6296742940412667,2,4197.2601236852315
17,5330,0.0007344940315903677,0.5255369747121513,1.9039976211736382,2,4285.33843819127
17,5343,0.0007355877913911527,0.5248194784435934,1.9008327880715041,2,4360.26489747351
17,5404,0.0007090810544008415,0.4148918328831179,1.623831241956659,2,4131.176302832052
17,5478,0.0007091023632794,0.4164639760099291,1.62982352924809,2,4120.185154855558
17,5491,0.000710196123080185,0.4157464797413713,1.626658696145956,2,4181.326049577411
17,5589,0.0007091552622599639,0.39806973007835444,1.6426003757496086,2,4073.810303947917
17,5663,0.0007091828332903591,0.3560204355710448,1.627396468745791,2,4248.453164263195
17,5700,0.0007092245350174805,0.41501384615222203,1.611980674002542,2,4187.509315224448
17,5737,0.0008556788029468036,1.24358292672309,3.597468924142578,2,5006.23186899379
17,5848,0.0007345232156735472,0.5238466424407378,1.8735736061012513,2,4385.0511359706725
17,5885,0.000734585875040461,0.5278474351455401,1.9001133573633509,2,4343.700115040929
17,5898,0.000735679634841246,0.5271299388769822,1.8969485242612167,2,4351.04027740088
17,5922,0.0007345250987795704,0.5320950784607852,1.8737495290050588,2,4400.720847830957
17,6033,0.0007086358454149162,0.411729598986676,1.6144818691864813,2,4126.655868235822
17,6070,0.0007086710341019679,0.4138056345249394,1.630420506271225,2,4120.382659437954
17,6083,0.0007097647939027529,0.4130881382563816,1.6272556731690908,2,4174.159485079604
17,6218,0.0007345667777335174,0.4442255713690297,1.8935038158158823,2,4443.183320592
17,6255,0.0007087243319046919,0.34935009211226775,1.6274717633182019,2,4245.183034337464
17,6329,0.0007087464875389687,0.4099707920229063,1.6253675176199256,2,4104.345320401956
17,6403,0.0007345532584099415,0.5322535357039542,1.8676997013788945,2,4359.184068767656
17,6588,0.0007345421845554182,0.5211699590261122,1.8752788592259717,2,4343.854159360665
17,6736,0.0007080376076466609,0.3940983705642707,1.6306673116400765,2,4094.919235606041
17,6847,0.0007121272002497204,0.42759335201836,1.6600062561173936,2,4127.420613719415
17,6860,0.0007132209600505053,0.4268758557498022,1.6568414230152595,2,4229.205255757174
17,6884,0.0007121414126146893,0.40817580031305295,1.6612636599020376,2,4139.009759514304
17,6921,0.0007121441300210991,0.4146881894768662,1.6747912766244635,2,4124.835613329283
17,6934,0.0007132378898218841,0.41397069320830837,1.6716264435223294,2,4163.88262442416
17,6995,0.0007121749146359674,0.42613804847968795,1.6733138993285017,2,4178.498941097794
17,7008,0.0007132686744367524,0.4254205522111301,1.6701490662263676,2,4110.440615543336
17,7069,0.000733797496644035,0.5119190614758676,1.8988881496377694,2,4284.962739520032
17,7082,0.00073489125644482,0.5112015652073097,1.8957233165356353,2,4371.7262530139415
17,7106,0.0007122036337225543,0.41292195562905776,1.6667824563040088,2,4183.696942735755
17,7291,0.0007122729232954704,0.36180069609863275,1.656227214878868,2,4292.510770221614
17,7328,0.000733784577125406,0.5163018761411658,1.9020576288430446,2,4322.187780665351
17,7341,0.000734878336926191,0.515584379872608,1.8988927957409105,2,4309.1406360979945
17,7365,0.0007122916550437638,0.4199943472514688,1.6495561185533405,2,4165.067412333596
17,7439,0.0007123103905038662,0.4226928356094758,1.6507772375665257,2,4193.629607718257
17,7587,0.0007123757652912594,0.4242952654515209,1.6677425993856327,2,4144.032770782179
17,7600,0.0007134695250920444,0.4235777691829631,1.6645777662834986,2,4213.956460145493
17,7661,0.0007338319253289972,0.5125173570067841,1.8733972284634748,2,4350.36299498019
17,7735,0.0007118642667736068,0.3632647751773422,1.64723562977029,2,4305.285848427194
17,7846,0.0007338810035194982,0.5117899656854566,1.876964291220303,2,4337.797740954135
17,7920,0.0007338753314644282,0.5172000076070933,1.9015690876605535,2,4319.636708630393
17,7933,0.0007349690912652132,0.5164825113385354,1.8984042545584194,2,4326.276654226394
17,7957,0.0007119650942973147,0.42518963965260087,1.6439615461322192,2,4181.728388023679
17,7994,0.0007119662618151898,0.4051160506865913,1.6643886802297343,2,4139.4038447089615
17,8068,0.0007338610347191975,0.5020546860766189,1.8805091126685747,2,4346.076497370394
17,8105,0.0007338592966401198,0.5007865385339338,1.8893633873053235,2,4326.038735470927
17,8142,0.0007119846929797319,0.42338721903805365,1.6559249916327188,2,4180.6251421601255
17,8216,0.0007120204101245182,0.41963743602081177,1.6735954202710468,2,4157.5084237117135
17,8229,0.0007131141699253031,0.41891993975225394,1.6704305871689127,2,4146.655817400178
17,8364,0.0007120374558293327,0.4096941517908317,1.6672948905502756,2,4106.157692931916
17,8438,0.0007118464993961465,0.4132823882668515,1.6678199692456823,2,4110.187104405222
17,8451,0.0007129402591969315,0.41256489199829366,1.6646551361435482,2,4163.01507582003
17,8512,0.0007124135950412695,0.3613653142248205,1.659169865344394,2,4292.73189503872
17,8549,0.0007128096373566533,0.4248617787042562,1.6724211101031503,2,4115.626107194957
17,8562,0.0007139033971574382,0.42414428243569835,1.6692562770010162,2,4182.49814110789
17,8586,0.0007128291073536787,0.4316484829222717,1.6528685221899078,2,4230.049601721554
17,8808,0.0007129003631046128,0.42781121276163575,1.6824271259792258,2,4165.374510933744
17,8821,0.0007139941229053978,0.4270937164930779,1.6792622928770917,2,4135.924857714561
17,8882,0.0007336551642014245,0.5083446225889953,1.8806650680263293,2,4309.531814015896
17,9030,0.0007129995068725711,0.4161952496587288,1.6637718868700464,2,4165.181044880366
17,9067,0.0007130087021280611,0.4305904464477078,1.673765837272913,2,4117.883238651489
17,9080,0.0007141024619288461,0.42987295017914995,1.6706010041707788,2,4207.4890340911825
17,9141,0.0008832312556239111,1.5757038057595176,4.007467008117816,2,5145.072960241159
17,9252,0.0007127730064366963,0.4168443594393073,1.6613878578745147,2,4155.780919567577
17,9326,0.0007127356542153988,0.42812673175494065,1.6583197650493315,2,4152.079763239029
17,9363,0.0007126758771364759,0.4291577705281684,1.675183024757589,2,4151.855225818457
17,9376,0.0007137696369372609,0.42844027425961057,1.6720181916554548,2,4158.742101611464
17,9511,0.0007124732214152552,0.41680091301852135,1.672403059300175,2,4129.087819487784
17,9548,0.0007124763300928344,0.40799639932474363,1.6646400037574092,2,4151.042238235631
17,9622,0.000733747991142518,0.4882234092681498,1.8988640940190766,2,4324.645155738242
17,9659,0.0007124923560731921,0.4306059319018081,1.6576750478270788,2,4171.157058567549
17,9696,0.0007125218906476393,0.41031151171097213,1.6620669450267833,2,4130.119684969351
17,9881,0.0007337159611322032,0.5199772002722348,1.8983315025872085,2,4253.493828364903
17,9894,0.0007348097209329882,0.5192597040036769,1.8951666694850744,2,4335.353098905299
17,9918,0.0007126235425134625,0.4157699854709947,1.6580523793134532,2,4143.425554106903
17,10103,0.0007127230029241898,0.36650585354165066,1.6623025282855877,2,4268.6688403903545
17,10177,0.0007118301893585579,0.4233065251316486,1.6417681657086702,2,4180.951448412044
17,10214,0.0008754459329911203,1.4287081210568238,3.921377442348684,2,5071.793366857016
17,10251,0.0007110527234439824,0.41282075891517256,1.6471622721256816,2,4158.104987452118
17,10288,0.0007110628998612251,0.4167447304500204,1.6577851603229055,2,4115.138114291614
17,10301,0.00071215665966201,0.4160272341814626,1.6546203272207713,2,4176.822667765057
17,10436,0.000711120077810374,0.41889289167021254,1.6446460600029256,2,4163.831976576196
17,10473,0.0007111369278402952,0.4220649833891362,1.657684206500269,2,4158.481367998902
17,10486,0.0007122306876410801,0.42134748712057835,1.654519373398135,2,4129.249286582273
17,10510,0.0007111453338314609,0.41735573135029813,1.6365178936326326,2,4173.477061252448
17,10547,0.0008702731260907446,1.4254701303767074,3.7992747364639516,2,5052.556884340976
17,10621,0.0007340363871827704,0.4424123714361821,1.949970015095186,2,4306.3507440768135
17,10658,0.0007111757018760694,0.4163337015266732,1.6545111781799233,2,4128.7109699627445
17,10732,0.0007112192253451471,0.3617248852456709,1.6504284742294244,2,4266.997807097259
17,10769,0.0007112338025679775,0.4245013340449556,1.6666445703101798,2,4148.924277857718
17,10782,0.0007123275623687625,0.4237838377763978,1.6634797372080457,2,4128.749568957245
17,10843,0.0007112652189548157,0.4109193229778736,1.6431972483285566,2,4155.2937242063535
17,10954,0.0007110223268123984,0.41076071859772606,1.6547260622176712,2,4087.45687714722
17,10991,0.0007113136337906306,0.4091133115638537,1.6571243538675702,2,4140.83994520524
17,11028,0.0007109880424862158,0.4125353501090734,1.6453200761157563,2,4182.322903148073
17,11065,0.0007109759951720255,0.3592510499261197,1.6455753749316826,2,4276.294865787462
17,11213,0.0007341330509842549,0.5190956243388303,1.881558506737335,2,4333.636094611648
17,11250,0.000734123311216379,0.515863147445595,1.8733284786790387,2,4336.636415816189
17,11287,0.0007107983760396802,0.4252885523327442,1.6611097992219663,2,4115.078347773983
17,11300,0.0007118921358404652,0.4245710560641864,1.6579449661198322,2,4178.436885087602
17,11324,0.0007108086247414201,0.4115391643057122,1.657699564836746,2,4101.048940636787
17,11337,0.0007119023845422051,0.41082166803715436,1.654534731734612,2,4204.196248112538
17,11361,0.000710814265489123,0.42312045428496226,1.6398039272498486,2,4174.275797418375
17,11509,0.0007108497967013424,0.42133626321183637,1.6550695540155755,2,4123.631169608214
17,11522,0.0007119435565021274,0.42061876694327854,1.6519047209134414,2,4144.5313174709745
17,11583,0.000710922613062544,0.4136528692105774,1.6405476729285609,2,4170.113320647124
17,11657,0.0008688430133497397,1.3517411576101355,3.8089949462761252,2,5036.025251464627
17,11694,0.0007109688064660808,0.4047806529690995,1.650891080790865,2,4148.920548446231
17,11768,0.0008690080829031515,1.4167074676802924,3.775357940223978,2,5052.346212697719
17,11879,0.0007113162209406518,0.42586440855671986,1.6465764166551335,2,4167.688335268707
17,11916,0.0007339960005375236,0.5142096307653302,1.890378876563312,2,4295.865237910646
17,11953,0.0007115890314615085,0.4164356593089929,1.6601580349505924,2,4154.144344958482
17,12027,0.0007339446165148718,0.4890408395882349,1.8965988928811632,2,4303.9144255493975
17,12175,0.0007339423221380341,0.5058927666872644,1.8946405922403502,2,4295.211102093198
17,12212,0.0007116302115564283,0.4148917942692589,1.6635900661061864,2,4114.8653322782675
17,12225,0.0007127239713572133,0.41417429800070105,1.6604252330040523,2,4217.091763789453
17,12286,0.000711640477540566,0.42009371220403974,1.645846154692199,2,4168.956743045563
17,12397,0.0007117039637040347,0.41413609997541784,1.6578337098838927,2,4132.086617550201
17,12545,0.0007117452225572183,0.43044428600800216,1.66215663941541,2,4161.43209904948
17,12558,0.0007128389823580032,0.42972678973944434,1.6589918063132758,2,4142.399423391964
17,12582,0.0008750204003207583,1.4382396452940416,3.8988798430119074,2,5098.446888878081
17,12656,0.0007115832559443775,0.41636204955996786,1.6520192643351483,2,4182.39406443529
17,12693,0.0007340085343123094,0.5166102411015565,1.8943482743702957,2,4324.111849583942
17,12706,0.0007351022941130944,0.5158927448329986,1.8911834412681616,2,4320.264416846362
17,12767,0.0007115339276897786,0.4269919224343115,1.6696339456473208,2,4144.243866918644
17,12780,0.0007126276874905636,0.4262744261657537,1.6664691125451867,2,4204.154940166266
17,13026,0.0007339846028037833,0.49810284882330735,1.8885297224244209,2,4321.649874561591
17,13063,0.0008721727065325616,1.4196505296990292,3.8492712486932597,2,5070.7921919400915
17,13137,0.0007114139361002644,0.4205232776148635,1.6515396996919358,2,4128.779720973032
17,13211,0.0007114273931113219,0.40827685360786925,1.6667276549520504,2,4089.4868441498047
17,13248,0.0007114304488569259,0.4205188015659255,1.6677945949928872,2,4064.5898480949545
17,13261,0.0007125242086577109,0.4198013052973677,1.664629761890753,2,4159.778070975184
17,13581,0.0007080230571523523,0.4131202959496797,1.6246970086328023,2,4118.015647746899
17,13594,0.0007091168169531373,0.41240279968112187,1.6215321755306682,2,4132.284292656668
17,13729,0.0007040889134158634,0.37265335149781104,1.5903781808565869,2,4071.8961817871163
17,13877,0.000704145478813093,0.3413788209539405,1.5835106637827596,2,4184.330884649399
17,14062,0.0007042034042301299,0.3932764750525202,1.5716787282909088,2,4142.849806758427
17,14099,0.0007042381608345947,0.3957770234178467,1.5909088861514786,2,4075.0376636118244
17,14112,0.0007053319206353797,0.3950595271492889,1.5877440530493445,2,4088.823403248315
17,14136,0.0007042539770144845,0.38178881641685414,1.5865177424283292,2,4040.1010394680043
17,14173,0.0008175288432219897,1.0107321731154755,2.953977129304234,2,4807.872981660471
17,14210,0.0007354991698684064,0.44460073982091547,1.9085391590406358,2,4449.7295494391865
17,14321,0.0007354985621297408,0.49465851716607506,1.916434587695159,2,4347.387521460274
17,14358,0.0007040533303717332,0.39411199149430504,1.5850638086017537,2,4085.8946534836086
17,14371,0.0007051470901725182,0.3933944952257472,1.5818989754996196,2,4132.011791154064
17,14395,0.0007043461894347287,0.39818748997025144,1.5925030919478447,2,4073.685810707733
17,14408,0.0007054399492355136,0.3974699937016936,1.5893382588457106,2,4130.503721685278
17,14469,0.0007355361205027967,0.5324390988820443,1.9089209214014529,2,4341.015022623788
17,14482,0.0007366298803035817,0.5317216026134864,1.9057560882993188,2,4370.920192840775
17,14506,0.0007037350700100221,0.39335899320090906,1.5680204018880008,2,4064.1993111704783
17,14617,0.0007037933160287045,0.378884670141101,1.574481436265022,2,4064.267246871992
17,14802,0.0007038632896951746,0.3788435844434215,1.5764577291253257,2,4061.3647106632557
17,14913,0.0007038990713586445,0.3972597838653243,1.5745201315917188,2,4110.165790891217
17,14950,0.0007038992137646387,0.38770798339799245,1.5712759225278068,2,4089.224733321486
17,15024,0.0007355595669189706,0.5204783034722157,1.9149076513797065,2,4312.375735705307
17,15037,0.0007366533267197556,0.5197608072036578,1.9117428182775724,2,4369.281072709878
17,15135,0.0007355405258416092,0.50456908070637,1.9136991336934328,2,4321.364855691058
17,15172,0.0007040304605686649,0.3981028224466862,1.5709168060738512,2,4106.957037049802
17,15209,0.0007040428316543579,0.3403759543335125,1.5774957880991822,2,4209.208156426979
17,15246,0.0008126008295548039,0.9936296188298332,2.8687001891346178,2,4817.207926176208
17,15283,0.0007354927343798082,0.5163041575664563,1.9179138274756578,2,4278.241686957373
17,15296,0.0007365864941805932,0.5155866612978984,1.9147489943735236,2,4334.54824401719
17,15320,0.0007043706108767195,0.3996377202969696,1.5952980830988854,2,4081.570101917739
17,15333,0.0007054643706775045,0.39892022402841176,1.5921332499967513,2,4101.090469631191
17,15542,0.0007354018407074609,0.5022690558330203,1.9134632357566916,2,4302.0046774033435
17,15616,0.0007048897213659132,0.3964513270274977,1.5964873005758307,2,4073.374042640612
17,15629,0.0007059834811666982,0.39573383075893986,1.5933224674736965,2,4117.714489306646
17,15690,0.0007049115298157542,0.33948499777749563,1.586079046839517,2,4219.335345752767
17,15764,0.0007049428981025336,0.3829951404799411,1.5884937555399834,2,4107.354537894468
17,15838,0.0007353826710220703,0.5212336372980344,1.8874577548036489,2,4346.4494549907295
17,15875,0.0007049902174965428,0.40333427511087444,1.5936770087208139,2,4110.607810078027
17,15888,0.0007060839772973277,0.4026167788423166,1.5905121756186797,2,4097.951794908654
17,16060,0.0007047272141331929,0.3952984226406716,1.586417585496062,2,4124.847504656481
17,16097,0.0007043609925110571,0.3421776742133646,1.5735562611845981,2,4229.999138357018
17,16208,0.0007044062953309567,0.3846345801604225,1.5765442535564471,2,4151.704282572204
17,16282,0.0007044862429361579,0.38928946455395846,1.5922377214911694,2,4086.1003972623153
17,16295,0.0007055800027369429,0.38857196828540064,1.5890728883890353,2,4143.5210987047685
17,16356,0.0007045027238120618,0.39800381588048145,1.598317689136253,2,4067.800468648997
17,16369,0.0007055964836128468,0.3972863196119236,1.5951528560341188,2,4090.076988729427
17,16393,0.0007354746885745605,0.533551989837374,1.9013730307799652,2,4361.595120418871
17,16406,0.0007365684483753455,0.5328344935688161,1.898208197677831,2,4389.985389978592
17,16430,0.0007354739861976458,0.5347108088881265,1.9076030407014868,2,4326.782898900143
17,16443,0.0007365677459984308,0.5339933126195686,1.9044382075993527,2,4379.066036194763
17,16504,0.0007354630655526091,0.5322329154649779,1.897180711241491,2,4322.850608331825
17,16541,0.0007045714461856088,0.38857609768575707,1.5884537921986195,2,4101.143014819134
17,16578,0.0007045788262868079,0.39318305054267383,1.5728812782034858,2,4167.621411340359
17,16652,0.0008205009929930764,1.0045834386341943,3.011443780745526,2,4817.840309499895
17,16689,0.0007045930073953919,0.39361233907531223,1.5913927215539223,2,4087.2810355616243
17,16702,0.0007056867671961769,0.3928948428067544,1.5882278884517882,2,4138.095499647725
17,16763,0.0007354523226108231,0.5032783906542617,1.9037166647640085,2,4344.587112907028
17,16800,0.0007354512282699137,0.536047882671601,1.8951586890045158,2,4365.62062156279
17,16813,0.0007365449880706987,0.5353303864030431,1.8919938559023817,2,4372.0780792833775
17,16948,0.0007050498887250254,0.3936259462767809,1.590340243715859,2,4078.5370932138735
17,16985,0.00070367960136036,0.39354481942299196,1.5621181299312357,2,4124.786017326894
17,17059,0.0007027637095383759,0.37231812347647814,1.5768539978175147,2,4020.583342135239
17,17318,0.0007028947898586914,0.33505819285729005,1.5677405849666655,2,4205.976417329365
17,17355,0.0007029279526646865,0.3851099597034856,1.5735300321467975,2,4086.3551310382027
17,17466,0.0007357566774770673,0.5328758004741897,1.8842395684690634,2,4389.876793938171
17,17503,0.000735754646933431,0.5269882046459875,1.8989801362122771,2,4339.428548716422
17,17577,0.0007029823036574223,0.38143909327328573,1.568775098180829,2,4052.534921171066
17,17614,0.0007029866067058294,0.3392052971009357,1.5688984251837634,2,4195.169517553809
17,17725,0.0007357387826177472,0.5261977339045405,1.9013969291026656,2,4354.836168944035
17,17799,0.0007030299025563855,0.38375285220773947,1.563136363460425,2,4127.819842263591
17,17873,0.0007026811573003257,0.385046871387774,1.5570971078373934,2,4093.3358732507486
17,17910,0.0007023294497099952,0.377772872343617,1.568992471730102,2,4069.726055272225
17,17947,0.0007023380595063899,0.3794290924419558,1.5562940273561399,2,4070.0689447854584
17,18021,0.0007023896133343484,0.389512524691352,1.5637373046093204,2,4076.1345073128823
17,18034,0.0007034833731351333,0.3887950284227942,1.5605724715071863,2,4137.7875972938655
17,18095,0.0007358604208105563,0.5241369887518543,1.892740628165448,2,4359.6992685576115
17,18132,0.0007024625033741171,0.38898359081162603,1.5733512530790386,2,4063.9818605248947
17,18145,0.000703556263174902,0.3882660945430682,1.5701864199769044,2,4083.1101117606095
17,18169,0.0007024796149487632,0.3701247584528799,1.5684551410853897,2,4081.3805780435055
17,18243,0.0008013276898786325,0.8711097586116857,2.7215216694232525,2,4735.63108499539
17,18280,0.0007358396196652301,0.5340161432122764,1.8994624279737051,2,4329.486916434436
17,18317,0.0007025463000505346,0.38175373092811626,1.575460606975241,2,4046.87775277532
17,18330,0.0007036400598513196,0.38103623465955844,1.572295773873107,2,4113.502351211936
17,18465,0.000702592484608295,0.38565603170923757,1.5562770441261782,2,4115.871722645537
17,18502,0.0008024914227827356,0.9051027178348132,2.7436895478646,2,4739.740220479472
17,18515,0.0008035851825835206,0.9043852215662553,2.740524714762466,2,4749.509870469408
17,18613,0.0008027283170488413,0.9246860582559777,2.7195365979346464,2,4765.32320109374
17,18650,0.0007036041156017035,0.39404346512110655,1.569463449933253,2,4090.923916268663
17,18687,0.0007030460791980842,0.38748373490020893,1.56562091006789,2,4088.058085462914
17,18761,0.0007356573121209526,0.5252299075090766,1.914483309107282,2,4325.568230971293
17,18774,0.0007367510719217376,0.5245124112405187,1.9113184760051478,2,4367.658654391356
17,18798,0.0007356567344359629,0.5082774774489199,1.9112503856628202,2,4305.605771306801
17,18835,0.0007356552605978659,0.5315044424713868,1.9092673383434522,2,4322.374549614483
17,18848,0.0007367490203986508,0.530786946202829,1.906102505241318,2,4373.958850254456
17,18872,0.0007356550002490159,0.53792183171117,1.9041861977090184,2,4347.555911421973
17,18885,0.0007367487600498008,0.5372043354426121,1.9010213646068843,2,4383.176115135167
17,18946,0.0007034107602155471,0.395819159019296,1.5707822156421567,2,4106.551528352162
17,18959,0.0007045045200163321,0.39510166275073816,1.5676173825400226,2,4102.349914843642
17,18983,0.0007034109059574965,0.34013876547247374,1.57629542845331,2,4219.492358501013
17,19020,0.0007034168762942128,0.38136241539358867,1.5836095242123873,2,4074.7702773204082
17,19057,0.0007356438717319131,0.5361524590969916,1.880546762007615,2,4349.714323016128
17,19094,0.0007034475859270274,0.3393042809281288,1.5612245325825576,2,4220.982563356106
17,19168,0.0007035185964909227,0.38889752075598005,1.5618184753519622,2,4114.924795037959
17,19279,0.0007035388299654834,0.3721511363417673,1.5835556738631087,2,4092.556703578548
17,19353,0.0007035607756760073,0.38479295646473577,1.5779565691928725,2,4061.6106779713505
17,19390,0.0007356239234607054,0.44435319776236937,1.9069131839185747,2,4436.314950749887
17,19464,0.0007033729201152765,0.3852948873368942,1.563435398544508,2,4127.910200654528
17,19501,0.0008075288891965758,0.907130501231395,2.816268215370268,2,4744.872143964801
17,19538,0.0007356604164804044,0.5318839816332017,1.9238742698837195,2,4331.586024615212
17,19551,0.0007367541762811894,0.5311664853646438,1.9207094367815853,2,4323.382654138464
17,19612,0.0007030724489391737,0.3896747296306572,1.5539681398040488,2,4106.9536035068095
17,19834,0.0007031211663264338,0.37245754871837167,1.5817408679333673,2,4058.87684581231
17,20019,0.0007032062744412343,0.3911830648021745,1.5529514750727136,2,4105.2753784112065
17,20241,0.0007032683650360593,0.39118526548247307,1.5723446160479302,2,4084.8612754460046
17,20315,0.0007033530547415968,0.38816437231816137,1.5738851202594264,2,4080.963231161081
17,20463,0.0007070217748879639,0.4051515713676259,1.6183970609983787,2,4112.732252042168
17,20476,0.0007081155346887488,0.4044340750990681,1.6152322278962445,2,4107.964627431289
17,20574,0.0007070635450181364,0.4051411424061535,1.6119852373987207,2,4104.237342351974
17,20587,0.0007081573048189214,0.4044236461375957,1.6088204042965866,2,4168.225779536459
17,20648,0.0007071142514156991,0.34398612364261566,1.612812153268476,2,4243.232786884693
17,20685,0.000707115669403906,0.4049974314133606,1.6223395506754381,2,4102.8826285491805
17,20698,0.000708209429204691,0.40427993514480276,1.619174717573304,2,4117.107523996225
17,20722,0.0007071361784909849,0.39202573595336415,1.618450394335308,2,4071.0909109735812
17,20759,0.0007071409379430583,0.35176783284671903,1.612023570495407,2,4228.690430762462
17,20907,0.0007072232887033651,0.34758466420103257,1.607690006663144,2,4221.250556280611
17,21129,0.0007073178500732095,0.3966234481849528,1.613081905659006,2,4113.89835907452
17,21277,0.0007349322989264439,0.4372571496352351,1.8996271834849783,2,4434.787379176207
17,21536,0.000734992211214712,0.5078687252532567,1.8987479850563271,2,4335.097864023951
17,21573,0.000734985818413703,0.5248634326284424,1.8974788277846968,2,4303.129554530047
17,21586,0.000736079578214488,0.5241459363598845,1.8943139946825627,2,4357.19929130947
17,21610,0.0007067689241551503,0.40432618585921504,1.6160396281792158,2,4109.982758993938
17,21623,0.0007078626839559353,0.4036086895906572,1.6128747950770816,2,4109.1126551634725
17,21647,0.0007349832263157753,0.4919430961942224,1.9130192825967351,2,4331.478204446658
17,21684,0.0007349702637264443,0.5331966899154897,1.8868893021459494,2,4381.118419825737
17,21943,0.0007069669359427242,0.40755601065217245,1.6138035087358367,2,4094.32524285381
17,21956,0.0007080606957435092,0.4068385143836146,1.6106386756337026,2,4147.323193707222
17,22017,0.0007069882988497271,0.3859936264164627,1.611871883168519,2,4085.683904515533
17,22091,0.0007348836455208222,0.5059550172252705,1.9138173682451325,2,4303.361864525136
17,22104,0.0007359774053216072,0.5052375209567126,1.9106525351429984,2,4352.704832420797
17,22128,0.0007073495693713401,0.4103225627435255,1.6065842725202717,2,4193.724549323448
17,22239,0.0007077355277179723,0.34895172585851414,1.6191825509121678,2,4219.310309684331
17,22350,0.0007347876835528399,0.5260821978783671,1.9055392959499402,2,4317.205617466364
17,22363,0.0007358814433536248,0.5253647016098092,1.902374462847806,2,4399.196212891034
17,22387,0.0007078202158111523,0.40097725283491337,1.6151450242479122,2,4120.931366973665
17,22424,0.0007347818769049554,0.5333024805768382,1.8920573220692714,2,4303.613750199438
17,22437,0.0007358756367057404,0.5325849843082803,1.8888924889671372,2,4375.523073473307
17,22535,0.0007079154583653081,0.4131491405658924,1.6334842030242207,2,4117.426018593446
17,22548,0.0007090092181660931,0.4124316442973346,1.6303193699220866,2,4127.910744677661
17,22572,0.0007079207197376326,0.4126823371739701,1.6221493909088944,2,4150.372196298822
17,22585,0.0007090144795384175,0.4119648409054123,1.6189845578067603,2,4150.9831579394495
17,22609,0.0007079478082775125,0.4057255003067204,1.6194676191789679,2,4088.715419831178
17,22683,0.0007079601423754194,0.4113453215260936,1.6228788168873123,2,4109.832875137533
17,22696,0.0007090539021762044,0.4106278252575358,1.6197139837851782,2,4159.824785045368
17,22720,0.0007347453278668115,0.509948978143398,1.8948295648834432,2,4350.826556728015
17,22757,0.0007079837513183433,0.40941142665245933,1.6160425427951417,2,4111.590934225278
17,22794,0.0007079840706786472,0.4094826649774835,1.6269844955387804,2,4155.128946337743
17,22807,0.0007090778304794322,0.40876516870892565,1.6238196624366463,2,4112.9876383566
17,22831,0.0007079906973825737,0.40720267038527574,1.606859359274808,2,4170.220929801889
17,22942,0.0007076371916425848,0.3840945319803897,1.6257647032027522,2,4088.1025062777176
17,22979,0.000707584525752376,0.4078349935102538,1.595126518795282,2,4144.8072852682835
17,23053,0.0007073542899921886,0.41136428571229133,1.6274803627089505,2,4103.7526970169165
17,23066,0.0007084480497929735,0.4106467894437335,1.6243155296068164,2,4126.830538439949
17,23090,0.0007348737226883536,0.5036364541830197,1.9068657340692114,2,4312.85140860655
17,23127,0.0007073813542109917,0.39311658624890755,1.6166831139362372,2,4097.577023375912
17,23201,0.0007348732873354104,0.5305333239804523,1.8939478270711034,2,4349.231910819243
17,23214,0.0007359670471361954,0.5298158277118944,1.8907829939689693,2,4362.18855561982
17,23275,0.0007074047230788508,0.40622254681412756,1.6078550602319595,2,4139.35920142343
17,23312,0.0007348697032742221,0.5104818020605716,1.9129575366995157,2,4299.460037926921
17,23325,0.0007359634630750071,0.5097643057920137,1.9097927035973816,2,4340.720269626421
17,23349,0.0007348652736937489,0.44546964733695094,1.893588432985226,2,4460.865522019314
17,23534,0.0007348500521454015,0.44081901754632863,1.8962554900412956,2,4447.63357781372
17,23608,0.0007075136433874435,0.40383655450071465,1.619216016929064,2,4074.3914758584488
17,23621,0.0007086074031882285,0.4031190582321568,1.6160511838269298,2,4155.6476483424485
17,23682,0.0007075822815395759,0.4029257228377468,1.6093999430675647,2,4112.769790893491
17,23941,0.0007056367586598852,0.3460841027724679,1.5999176932387476,2,4224.673846153722
17,23978,0.0007056825731247776,0.3928228594225589,1.5868333885267074,2,4170.970975326797
17,24052,0.0007056945384394303,0.39764133627264125,1.584119503950318,2,4150.177841092062
17,24089,0.0007056951129131973,0.3908516316514566,1.5967128491227776,2,4097.978059508022
17,24126,0.0007057003549797409,0.405262757496027,1.5970947360484546,2,4144.358249300174
17,24139,0.0007067941147805259,0.4045452612274692,1.5939299029463205,2,4127.167554485409
17,24200,0.000735211672605103,0.5361459933659654,1.8951090646623563,2,4329.102645257711
17,24213,0.0007363054324058879,0.5354284970974075,1.8919442315602222,2,4385.7221738438475
17,24237,0.0007352110971810119,0.5042725122455591,1.9174141592031586,2,4302.347430243532
17,24274,0.0007057746423319893,0.3783369831682631,1.6054871897696497,2,4070.8531033206723
17,24385,0.0007351902335115503,0.4443728852891928,1.9647881604601125,2,4371.946752177015
17,24422,0.000705860862119713,0.3989858380272813,1.5807247029661426,2,4188.865228058668
17,24459,0.0007351878005922342,0.5090853493489019,1.906055292365608,2,4317.445058346636
17,24496,0.0007351871890424668,0.5241214955455009,1.8933781392220064,2,4326.725862086386
17,24570,0.0007055247215821019,0.3979888382126246,1.5877700206474954,2,4120.8826736475285
17,24644,0.000705521064038662,0.3786801270090447,1.602499405288396,2,4117.549927128641
17,24681,0.0007054781004647993,0.4020111981465308,1.6043189298086522,2,4063.2441857474228
17,24694,0.0007065718602655843,0.401293701877973,1.601154096706518,2,4128.35972276619
17,24718,0.0007353366318376851,0.506774499222434,1.9158907977642192,2,4302.325257987475
17,24792,0.0007051499095328434,0.3914765362226604,1.595314504094972,2,4100.764148417559
17,24940,0.0007353187103469928,0.5207240367613966,1.886743390828991,2,4338.711819630605
17,25051,0.0008267917008119494,1.1109783347075284,3.067589735798095,2,4891.425597797365
17,25088,0.0007052922262474987,0.39894097013534646,1.5998424532114766,2,4078.5965063146004
17,25101,0.0007063859860482836,0.39822347386678864,1.5966776201093424,2,4118.757492665524
17,25125,0.0007353105737273809,0.5323872275501359,1.903230691691051,2,4310.820518347038
17,25138,0.0007364043335281659,0.531669731281578,1.900065858588917,2,4363.795463380993
17,25162,0.0007053387139621787,0.38759382164024714,1.588553421989275,2,4123.135969598189
17,25199,0.0007053463710123241,0.3850474845999614,1.5958093044433466,2,4082.909526720554
17,25532,0.0007059570707001021,0.3937437226934197,1.6049869388079014,2,4073.450274194045
17,25680,0.0007063816110881811,0.4042253243662852,1.5889160165156258,2,4151.177917979374
17,25717,0.0007063925386896303,0.4079655879640823,1.6094260897791108,2,4075.903322905756
17,25730,0.0007074862984904152,0.40724809169552445,1.6062612566769767,2,4123.525223924831
17,25754,0.0007350778855519881,0.5295678279270455,1.8754316444531391,2,4371.87918670751
17,25791,0.0007064142705263104,0.4005263179218648,1.599279620683403,2,4135.534799113537
17,25865,0.0007350633424340132,0.5032402181344461,1.906610970640348,2,4346.064923681526
17,25939,0.0007350619618557796,0.5060707518996821,1.9007386652840914,2,4331.56205723819
17,26087,0.0007065656763133401,0.401581251933169,1.6095919163473114,2,4065.882494882763
17,26100,0.0007076594361141251,0.4008637556646112,1.6064270832451772,2,4153.180663807455
17,26346,0.0007062934826642585,0.4023194183945055,1.5953783974351818,2,4104.547618323705
17,26383,0.0007351017869836315,0.5017198214479582,1.9034566100043588,2,4356.924810824324
17,26494,0.0007059965116268249,0.40236722006698894,1.5929367700236752,2,4095.9483013187632
17,26642,0.0007060167399096703,0.4002874160059844,1.5830367642523437,2,4130.39018786321
17,26790,0.0007060860449644327,0.40539879679638724,1.5908880541444377,2,4131.927845109491
17,26864,0.0007061257819693523,0.37899289956763255,1.6101239773266374,2,4067.207989166431
17,26938,0.0007351197417213144,0.5272231449384692,1.916289910272566,2,4289.568725525959
17,26951,0.0007362135015220993,0.5265056486699113,1.9131250771704318,2,4341.346807758642
17,27012,0.0007062032380462378,0.39128828079030503,1.5939967127321026,2,4141.475158707103
17,27086,0.0007351068262983051,0.5330197665167958,1.9091516028848452,2,4330.969133553876
17,27099,0.0007362005860990901,0.532302270248238,1.905986769782711,2,4358.8236275688405
17,27382,0.0007199143040483453,0.44306394518731934,1.7398361446883732,2,4198.787859225772
17,27419,0.0007199332952941633,0.4413367494643144,1.7395121028738458,2,4252.916234085695
17,27456,0.0007199471284170783,0.46096577884708634,1.7359558608063859,2,4227.849890501225
17,27469,0.0007210408882178632,0.4602482825785285,1.7327910277042518,2,4267.126638477434
17,27493,0.0007199618203876881,0.46177799332618086,1.7174939263870008,2,4232.533128691147
17,27567,0.0007320517491340506,0.5178235677920762,1.8581141140496211,2,4296.968125945607
17,27678,0.0007200061254601792,0.43944898686461514,1.7412912274137635,2,4249.546806503412
17,27863,0.0007200325471358128,0.4544273829225588,1.748339858244911,2,4209.587183455213
17,27876,0.0007211263069365978,0.45370988665400097,1.745175025142777,2,4271.534244205647
17,27900,0.0007200332910159566,0.4591623509132114,1.7247892027359695,2,4252.021129120302
17,28011,0.0007200420158110585,0.4608681288915688,1.7304297630756889,2,4247.490918362015
17,28159,0.0007195086885895443,0.4539095397713549,1.7488177615394371,2,4173.573571569658
17,28172,0.0007206024483903293,0.45319204350279707,1.745652928437303,2,4222.529573876593
17,28196,0.0007195177071662466,0.44596363631896674,1.751467785140529,2,4169.0253079982895
17,28209,0.0007206114669670316,0.4452461400504089,1.7483029520383948,2,4222.489394821059
17,28270,0.000719544954524037,0.4631875715696599,1.7317135146847351,2,4215.052071722423
17,28283,0.000720638714324822,0.46247007530110207,1.728548681582601,2,4290.797063413495
17,28344,0.0007195749709165963,0.44035653757283266,1.731693787937737,2,4277.694588993118
17,28381,0.0007196355948406455,0.45749722961954786,1.7412987647185318,2,4191.364633104548
17,28394,0.0007207293546414305,0.45677973335099004,1.7381339316163977,2,4263.418065876233
17,28492,0.0007321110129841152,0.5086395539347579,1.869588462946085,2,4319.004450631977
17,28505,0.0007332047727849002,0.5079220576662,1.866423629843951,2,4345.148620973664
17,28603,0.0007197218933513783,0.46099675474296126,1.7275065154526679,2,4251.371048538322
17,28862,0.0007194890910916463,0.4618942520718951,1.743303740667215,2,4208.251438368214
17,28875,0.0007205828508924313,0.4611767558033373,1.7401389075650808,2,4195.728918953445
17,28899,0.0007200434348335089,0.4590893047125073,1.7324282755774065,2,4189.792777225399
17,29047,0.0007319282027235802,0.4354093509457719,1.8833059999113928,2,4394.294725497122
17,29060,0.0007330219625243652,0.43469185467721405,1.8801411668092587,2,4401.321003396295
17,29084,0.0007204544000707349,0.46022689212080975,1.7421570291104014,2,4193.467450472522
17,29121,0.0007204603755644099,0.46591073363724594,1.7506773072608453,2,4240.723351497141
17,29134,0.0007215541353651949,0.4651932373686881,1.7475124741587111,2,4199.821916769477
17,29232,0.0007205103810310982,0.3878089716293074,1.7415105059626637,2,4330.79663588377
17,29454,0.0007318918276929629,0.5103800362933406,1.8750116110999002,2,4278.030406379212
17,29467,0.0007329855874937479,0.5096625400247827,1.871846777997766,2,4312.364048663691
17,29491,0.000720578678882313,0.38870277825875726,1.7427409727535272,2,4340.960331892534
17,29528,0.0007205800358929519,0.4628966947355213,1.723131681021354,2,4277.3113667222515
17,29602,0.0007318883772803096,0.4308397197199796,1.865770843813437,2,4419.460355489335
17,29676,0.0007203218767636481,0.44164281469266276,1.743156109155579,2,4234.532760487068
17,29713,0.0007200653802492877,0.4517289120699111,1.7405168385499201,2,4187.695547646769
17,29787,0.0007202959737863782,0.44383156684174124,1.7560798057694664,2,4250.920041539673
17,29824,0.0007200711718647057,0.4503373355990362,1.731408327485213,2,4235.3489429856945
17,29861,0.0007320233209287417,0.5190713661234859,1.8472191692875508,2,4314.798709812438
17,29972,0.0007201146567684328,0.4527561368844075,1.7500601829313789,2,4156.5365222695245
17,29985,0.0007212084165692178,0.4520386406158497,1.7468953498292448,2,4241.8619533408455
17,30083,0.0007201722343232813,0.45387424871572674,1.7590932801428543,2,4166.392463008181
17,30096,0.0007212659941240663,0.4531567524471689,1.7559284470407202,2,4199.893761547213
17,30157,0.0007201856000948368,0.44901354852409797,1.7465619535365717,2,4175.942009155228
17,30416,0.0007202622980354086,0.45515276150762946,1.7264831799382911,2,4273.71267632716
17,30564,0.0007206426173852004,0.44222925073804453,1.7547284106686378,2,4190.860180883171
17,30601,0.000719488640627759,0.45068517889403614,1.742585878006222,2,4171.081343469402
17,30614,0.0007205824004285439,0.4499676826254783,1.7394210449040879,2,4233.957671330937
17,30638,0.0007321820640219017,0.5042966956088348,1.8701398086301975,2,4291.6199955606035
17,30749,0.0007323594996167834,0.5055910784822095,1.8634824233332574,2,4343.1893308886065
17,30786,0.0007187265522522663,0.45622053704829896,1.7253414314927846,2,4210.851998616889
17,30799,0.0007198203120530513,0.45550304077974113,1.7221765983906505,2,4249.745970653916
17,30860,0.0007187439070469934,0.3882942618840502,1.7252316626400375,2,4349.864746060906
17,30897,0.0007187442334994325,0.4591847339299363,1.7190103015701153,2,4203.287380055375
17,30934,0.0007187469069820369,0.3890450682914156,1.716161777717941,2,4335.136023746893
17,30971,0.0007187553069791375,0.44842371805617454,1.7369850030906198,2,4171.697883660671
17,30984,0.0007198490667799225,0.4477062217876167,1.7338201699884856,2,4238.901069178779
17,31008,0.0007323425776560774,0.43525177840933493,1.933425977101337,2,4326.850915147576
17,31082,0.0007187977757311372,0.4495537486606891,1.7226471474776155,2,4236.23903662907
17,31230,0.0007188507937938536,0.4616343785598314,1.7340290434953218,2,4192.905373542702
17,31243,0.0007199445535946386,0.4609168822912736,1.7308642103931877,2,4241.925109814997
17,31304,0.0007188743316534703,0.44901382893252156,1.7342780235297235,2,4207.469052392154
17,31317,0.0007199680914542553,0.44829633266396374,1.7311131904275894,2,4245.782239379311
17,31341,0.0007188848707431132,0.4420409008884575,1.7312377081531751,2,4191.1431746757835
17,31378,0.000718700703745705,0.4439796922685443,1.7373186004700492,2,4207.428150188284
17,31391,0.00071979446354649,0.44326219599998645,1.734153767367915,2,4218.652073894069
17,31452,0.0007186958818393937,0.4531550795570836,1.7233774692588526,2,4158.375518030847
17,31489,0.0007186450164932692,0.44313314954489885,1.7280758125707658,2,4212.528776439274
17,31563,0.0007324502800155563,0.5193486250207718,1.869718120353331,2,4341.465829851133
17,31576,0.0007335440398163412,0.518631128752214,1.866553287251197,2,4352.221103398829
17,31674,0.0007184355925635518,0.44493483736420286,1.7336430949524921,2,4155.18730513294
17,31687,0.0007195293523643368,0.44421734109564504,1.730478261850358,2,4229.514222756963
17,31822,0.0007324113950344588,0.49150215065861735,1.877815180943457,2,4311.028429784923
17,31933,0.0007185375702949358,0.3880546315410996,1.7184509589567405,2,4336.738039090719
17,32007,0.0007323898660941522,0.5143413285567797,1.8599465863478808,2,4351.380502225863
17,32044,0.000718567429279853,0.43706369582276744,1.7250777150525822,2,4211.08455843349
17,32155,0.0007186158801477854,0.43416872109757737,1.7396174556710935,2,4177.117153617674
17,32192,0.00071863196512607,0.3815179480533096,1.7212633139797981,2,4332.892555359029
17,32266,0.000732177720818681,0.4846041996082271,1.873553473073079,2,4310.162837617852
17,32303,0.0007189048624504536,0.45711544163750983,1.71286447456683,2,4235.956130599226
17,32488,0.0007192638832518454,0.44974526522231,1.7481862971786915,2,4198.555973844519
17,32501,0.0007203576430526304,0.4490277689537522,1.7450214640765573,2,4220.039799176951
17,32525,0.0007192747076874454,0.46115539289034735,1.7272445816773272,2,4242.017122678129
17,32538,0.0007203684674882304,0.4604378966217895,1.724079748575193,2,4251.178936412768
17,32562,0.0007192923885527792,0.44287587170852294,1.7452972416683168,2,4174.545775536182
17,32575,0.0007203861483535642,0.4421583754399651,1.7421324085661827,2,4262.517305355338
17,32599,0.0007192978628218339,0.4308153337698971,1.7361792963231992,2,4189.586905930514
17,32636,0.0007192993056682651,0.3872695775487342,1.7365213882962038,2,4334.294721319618
17,32673,0.00071929958622868,0.4319455998342816,1.7462450151140936,2,4192.042007861488
17,32747,0.0007193341758261224,0.4614693162407529,1.7405384392912795,2,4225.066523508575
17,32760,0.0007204279356269074,0.46075181997219505,1.7373736061891454,2,4198.81844595246
17,32784,0.0007193370689936105,0.447471860702691,1.7496927416552734,2,4190.633807965247
17,32797,0.0007204308287943955,0.4467543644341332,1.7465279085531393,2,4179.712475243559
17,32858,0.000719390577340056,0.459750284961138,1.7277769795711317,2,4215.567173902432
17,32895,0.0007193979468141501,0.46232541414982703,1.7434747779046065,2,4193.965381169187
17,32908,0.000720491706614935,0.4616079178812692,1.7403099448024724,2,4225.5551940304285
17,33006,0.0007194585835819331,0.4592183405885156,1.7235564816327704,2,4224.778627757292
17,33043,0.0007194616556409544,0.38729057149962826,1.7310348976257302,2,4334.108127602285
17,33080,0.0007322650283052011,0.5176074860795398,1.8747915982810992,2,4306.013949107303
17,33093,0.0007333587881059861,0.5168899898109819,1.871626765178965,2,4346.646784884653
17,33154,0.0007191686774259865,0.44557862448853636,1.7400145994299048,2,4192.371736908087
17,33167,0.0007202624372267714,0.44486112821997853,1.7368497663277707,2,4211.806127887539
17,33265,0.0007189771210309028,0.43401070573673717,1.7425827710426516,2,4157.77019218443
17,33376,0.0007189990337806148,0.4562544776312972,1.7215534649301882,2,4228.249831077553
17,33450,0.0007190042549626289,0.4578626053081401,1.7281107160284637,2,4212.419361981691
17,33463,0.0007200980147634139,0.4571451090395823,1.7249458829263296,2,4212.941483714095
17,33561,0.0007190208295404628,0.4608516037213041,1.7464251192255866,2,4185.109838114224
17,33574,0.0007201145893412478,0.4601341074527463,1.7432602861234525,2,4188.762330143975
17,33635,0.0007322967701435631,0.5213627322858266,1.8630696903070896,2,4310.496150976599
17,33648,0.0007333905299443481,0.5206452360172688,1.8599048572049555,2,4354.119002344999
17,33672,0.0007190492163160983,0.4481877391820726,1.736344152116342,2,4155.5523818596475
17,33685,0.0007201429761168833,0.4474702429135148,1.733179319014208,2,4246.883690057533
17,33746,0.0007190712053823229,0.42452804506633873,1.7397086352205893,2,4221.201312753172
17,33820,0.0007190885152837837,0.43262033028696856,1.7326961276177741,2,4245.9168447524535
17,33931,0.0007191624566329655,0.4585804230359355,1.733558781724871,2,4175.47016766392
17,33944,0.0007202562164337504,0.45786292676737766,1.7303939486227369,2,4229.030626918592
17,33968,0.000718347436832115,0.45955866816239394,1.7336376255740158,2,4201.22273518877
17,33981,0.0007194411966329,0.4588411718938361,1.7304727924718817,2,4218.762878238441
17,34042,0.0007206887900316124,0.451564583479009,1.754462615568025,2,4188.9114501121
17,34079,0.0007220456266346669,0.4662701288117154,1.742135916408698,2,4221.8968597200965
17,34153,0.0007220646567254478,0.4616934093386412,1.7505600792126899,2,4271.548255288389
17,34190,0.0007314979894493195,0.48896736681593156,1.8675171473565069,2,4313.533544978258
17,34301,0.0007221075062014911,0.47322375107227244,1.7395911759306661,2,4293.562692115092
17,34338,0.0007221118143636027,0.45348830155404685,1.775315713205147,2,4181.576510594924
17,34351,0.0007232055741643877,0.452770805285489,1.7721508801030128,2,4246.606313035287
17,34375,0.0007221148830549674,0.47121692081849753,1.7405812168909276,2,4284.799855614508
17,34486,0.0007221632207236925,0.46315919992536175,1.7716539667691913,2,4224.123930671938
17,34499,0.0007232569805244775,0.4624417036568039,1.7684891336670572,2,4271.245130555872
17,34523,0.000722170024396585,0.45959410525097616,1.75127301721347,2,4230.618009074848
17,34597,0.0007222033214333253,0.44887201390597364,1.7756534726435773,2,4196.567809039261
17,34671,0.0007222276725897666,0.453976612588851,1.765371699696734,2,4176.709104576952
17,34745,0.0007222771749970515,0.39623339471074925,1.7646558617134658,2,4345.562203914918
17,34782,0.0007220275835528652,0.39095114046769425,1.7581617833411376,2,4372.724314291031
17,34819,0.0007314475934736564,0.48575109664722593,1.8626918899710567,2,4329.571059352413
17,34856,0.0007315101088462091,0.5187723944353135,1.8608561147426654,2,4306.593277584989
17,34869,0.000732603868646994,0.5180548981667557,1.8576912816405313,2,4377.380037802463
17,34893,0.0007315231614089693,0.49452905232997557,1.8672258188302053,2,4277.420414741911
17,35041,0.000721694478253331,0.4669686796655854,1.7404559409787346,2,4292.265899724556
17,35115,0.0007316138223553713,0.5094199047881734,1.8462406075191902,2,4344.463720604421
17,35300,0.0007218181304382082,0.46423439276295697,1.7516894185638385,2,4217.025676988634
17,35448,0.0007219074941642455,0.4634300048276928,1.7743492677620536,2,4228.892091526199
17,35461,0.0007230012539650305,0.462712508559135,1.7711844346599195,2,4250.718057831981
17,35485,0.0007219199550889688,0.3963850480669164,1.7556454122572986,2,4369.203716544969
17,35559,0.0007219396432264435,0.46636805792564084,1.772060584815659,2,4227.312895961672
17,35572,0.0007230334030272284,0.465650561657083,1.7688957517135249,2,4244.261403618365
17,35633,0.0007219840565396294,0.4674902838442514,1.76047950635917,2,4197.152476799773
17,35646,0.0007230778163404144,0.46677278757569357,1.757314673257036,2,4282.097368506955
17,35670,0.0007216711243801526,0.46718740036994494,1.7393488879266106,2,4295.194342513278
17,35781,0.000722747041265973,0.466682117183648,1.7853545573636151,2,4212.9091398763285
17,35794,0.000723840801066758,0.46596462091509017,1.782189724261481,2,4285.1617495109695
17,35892,0.0007227992228654331,0.4720269120030675,1.7694835313251551,2,4208.435412877873
17,35905,0.0007238929826662181,0.4713094157345097,1.766318698223021,2,4279.761074634465
17,36040,0.0007228257212171908,0.39105339748679274,1.771318584109209,2,4358.829449122955
17,36114,0.0007228638808311421,0.4748712887100372,1.7745115990985765,2,4269.3869643499365
17,36127,0.0007239576406319271,0.47415379244147937,1.7713467659964424,2,4253.948879213089
17,36151,0.0007228833162647666,0.4499615405626045,1.7706104979947699,2,4298.901296351515
17,36188,0.000731308573960988,0.48114685420420805,1.8636509105731838,2,4308.126770396768
17,36262,0.0007229295166391511,0.46229553791327466,1.7632159957310238,2,4268.275409959953
17,36336,0.0007312896591014844,0.5168039220717116,1.8487593147641683,2,4338.7694808624465
17,36410,0.0007312875576685164,0.5127504995104292,1.8704607378022964,2,4271.408571574865
17,36423,0.0007323813174693013,0.5120330032418713,1.8672959047001623,2,4304.383954628794
17,36447,0.0007230017538079513,0.3948118737677893,1.7712085945630882,2,4366.618138109125
17,36484,0.0007227406777726342,0.44299332875661773,1.7803803054178426,2,4203.938528401912
17,36521,0.0007223386738565326,0.4623965878219066,1.778708101941651,2,4221.420309073555
17,36534,0.0007234324336573176,0.4616790915533488,1.775543268839517,2,4235.491780277469
17,36706,0.0007314209384546348,0.5127781873309601,1.8504983536896087,2,4344.435738806787
17,36743,0.0007224311126683803,0.4611391047736008,1.773981102785457,2,4205.293989642665
17,36756,0.0007235248724691653,0.460421608505043,1.770816269683323,2,4279.318706842344
17,36817,0.0007224969528749413,0.39733335330989006,1.7654796393919676,2,4353.434879687709
17,36891,0.000731387981782067,0.5146727623717214,1.8639157179812889,2,4332.919784106864
17,36904,0.000732481741582852,0.5139552661031636,1.8607508848791547,2,4373.718885181621
17,36928,0.0007225508514419291,0.46747754308730133,1.7487400186354058,2,4234.492080288719
17,36965,0.000722569009501919,0.4596305498625664,1.764203763574977,2,4253.802411084043
17,37002,0.0007225708705146004,0.44903343910224464,1.7651610963634516,2,4259.096324265829
17,37076,0.0007313812842283464,0.4265722588447816,1.864003513715597,2,4419.201941601647
17,37113,0.0007225911242186667,0.44658588019040335,1.777047543090738,2,4234.62239088653
17,37187,0.0007226349136056185,0.40014341914122203,1.767398229776509,2,4385.522332154391
17,37261,0.0007313731633631494,0.5087539947453437,1.872155089668475,2,4269.521185319536
17,37274,0.0007324669231639344,0.5080364984767858,1.868990256566341,2,4301.846126278356
17,37298,0.000722672460013901,0.40201447585786676,1.7674192599637506,2,4315.840230691326
17,37335,0.0007313534460433373,0.4955745821922455,1.865159026647422,2,4312.419083617774
17,37372,0.0007206800908313392,0.4550563213066178,1.7516486142418415,2,4170.314203934716
17,37385,0.0007217738506321242,0.45433882503805995,1.7484837811397074,2,4253.401454840607
17,37409,0.000721670105215683,0.4561814795341734,1.763694056865748,2,4230.65302130268
17,37520,0.0007208971672546259,0.4621905659895378,1.7555711337232596,2,4196.9483232935
17,37533,0.0007219909270554109,0.46147306972097996,1.7524063006211255,2,4273.134021628764
17,37557,0.0007318223833836968,0.5012018135488493,1.8548707917755294,2,4329.18844886408
17,37594,0.0007318217417170116,0.4880515756658812,1.868835676624257,2,4322.366664798263
17,37705,0.0007209289780640767,0.4584144010108395,1.7319901377438616,2,4270.857006068365
17,37779,0.0007209342863862965,0.46050877238938975,1.7483390799161236,2,4215.3224782471425
17,37890,0.0007318071252466063,0.4927252822487569,1.8594106904805208,2,4325.537061329627
17,37927,0.0007209915628594486,0.44683463318052946,1.7581206377412268,2,4226.129924046235
17,38001,0.0007317931776996578,0.49540765263245345,1.8608804669300585,2,4333.991814177682
17,38038,0.0007210353434114938,0.444658787262718,1.7655078055559805,2,4191.781742128337
17,38149,0.0007210424302089318,0.45679421894962574,1.742680906176036,2,4252.5361579313285
17,38223,0.0007210568125731978,0.4655123765988059,1.747879926032097,2,4228.4302362768185
17,38236,0.0007221505723739828,0.4647948803302481,1.7447150929299629,2,4274.818888310285
17,38260,0.0007208875111047758,0.45170573310939194,1.7621960788013853,2,4165.105967272564
17,38273,0.0007219812709055608,0.4509882368408341,1.7590312456992512,2,4227.379276665895
17,38297,0.0007208828460765829,0.44754186832615106,1.7545402441726132,2,4195.834184072389
17,38408,0.0007207555633575222,0.4528647034973698,1.7556412867150397,2,4230.916437789296
17,38421,0.0007218493231583072,0.45214720722881196,1.7524764536129056,2,4227.5605492609675
17,38445,0.0007207694141427895,0.44951182150593105,1.7632669451185747,2,4207.366027318016
17,38458,0.0007218631739435745,0.4487943252373732,1.7601021120164406,2,4268.656075107861
17,38519,0.0007207716739938319,0.4658163193764308,1.7520813097320416,2,4255.338078876398
17,38532,0.0007218654337946169,0.465098823107873,1.7489164766299075,2,4208.736059105141
17,38593,0.000720779236118954,0.4511284865855127,1.7426729727947798,2,4267.479141936832
17,38630,0.0007207889648477009,0.46190020583139413,1.7569785216577758,2,4190.7492830872925
17,38643,0.0007218827246484858,0.4611827095628363,1.7538136885556417,2,4251.11589289254
17,38741,0.000720824100107912,0.46351877115086004,1.7578531728525353,2,4168.741236977098
17,38754,0.000721917859908697,0.4628012748823022,1.7546883397504012,2,4272.024324264634
18,15,0.0007050900292193608,0.34419722994910734,1.6047569259286718,2,4199.956117080164
18,52,0.000855322981891609,1.2767787654767393,3.5967467662331485,2,5007.558971759696
18,76,0.0007296333096700269,0.49559438871398936,1.8711396977509922,2,4211.385112095982
18,89,0.0007307270694708118,0.49487689244543154,1.867974864648858,2,4255.114981108876
18,150,0.0007048856245301965,0.39568425120203726,1.6071498657759116,2,4071.883766385812
18,163,0.0007059793843309815,0.39496675493347944,1.6039850326737775,2,4109.945715977015
18,237,0.0007307173377001058,0.52221783010987,1.8580516474667053,2,4278.828052337677
18,274,0.0007307121320000869,0.5209249423627267,1.854536779067084,2,4343.443806898008
18,311,0.000706026468300735,0.4074642879722517,1.6172183393743242,2,4071.4997113832123
18,520,0.000705019329446581,0.40392139382487013,1.6051732511514056,2,4107.957785809417
18,533,0.000706113089247366,0.4032038975563123,1.6020084180492715,2,4085.7415741640853
18,705,0.0007051099527931498,0.3972540789252909,1.6104001148596283,2,4069.819370287845
18,718,0.0007062037125939348,0.3965365826567331,1.6072352817574942,2,4123.329210768285
18,792,0.0007062129570697916,0.41143220267111863,1.6186308860134366,2,4120.296206929501
18,927,0.00070459546764906,0.39762058232291525,1.6047836754509854,2,4097.1362953214
18,940,0.000705689227449845,0.3969030860543574,1.6016188423488513,2,4073.448588731942
18,964,0.0007045972775552332,0.3999439795809973,1.6104409910594821,2,4084.425473965356
18,977,0.0007056910373560182,0.3992264833124395,1.607276157957348,2,4038.941672845884
18,1014,0.0008534509127912533,1.2459312418471933,3.5676831060108687,2,4904.270053000523
18,1038,0.0007046113625293983,0.40137289018393985,1.6034925423590274,2,4079.1132176949454
18,1051,0.0007057051223301832,0.400655393915382,1.6003277092568933,2,4107.51094409141
18,1088,0.0007057054192054093,0.40498883449737394,1.6149095621167704,2,4089.785534492381
18,1112,0.0007296971145574541,0.5114349875931681,1.8585736840284106,2,4268.096921467147
18,1125,0.0007307908743582391,0.5107174913246102,1.8554088509262765,2,4305.401460285745
18,1199,0.0007057489599618717,0.4069402943541123,1.6200575882156472,2,4050.438669894859
18,1260,0.0007296711513115039,0.5059550958438641,1.8684509364482094,2,4225.78909274557
18,1273,0.0007307649111122889,0.5052375995753062,1.8652861033460753,2,4246.978527518516
18,1334,0.0007296667494646411,0.5030487354382542,1.8657613932540869,2,4242.358362946397
18,1347,0.0007307605092654261,0.5023312391696964,1.8625965601519527,2,4301.8242793884365
18,1421,0.0007307570559262994,0.5200462832890814,1.8622040922634124,2,4242.457104613445
18,1667,0.0007295659641533526,0.5170465625645142,1.8429498371258255,2,4267.173190323927
18,1680,0.0007306597239541376,0.5163290662959563,1.8397850040236914,2,4297.346688929147
18,1902,0.0007067347795389946,0.39079577760000755,1.625485393058845,2,4065.572031965185
18,1976,0.0007067505616416146,0.4038912174821864,1.619304688925726,2,4102.629716486394
18,2198,0.0007068631304357597,0.3846735036622718,1.6278595683667585,2,4097.726532307323
18,2235,0.0007068822037269316,0.3539789166782537,1.6042635427855123,2,4202.605298398848
18,2309,0.0007068898247032379,0.4103388603661457,1.6304663375077995,2,4048.7452002653663
18,2383,0.0007069293471856029,0.39609714333478907,1.627976434474534,2,4100.985412530591
18,2457,0.0007066756424533538,0.41416405600536893,1.6186146962639152,2,4116.576597792776
18,2481,0.0007051363224383531,0.3964111572859793,1.6114664663378755,2,4088.9000662313747
18,2494,0.0007062300822391381,0.3956936610174215,1.6083016332357414,2,4101.353419866976
18,2531,0.0007066248300914957,0.35240379707247393,1.6027114707598018,2,4235.44354495972
18,2568,0.0007065555874085812,0.352485204503075,1.6017658197369935,2,4209.248990571523
18,2642,0.0007063137823937198,0.3474391127220972,1.6149419549171726,2,4189.384145099611
18,2679,0.0008582711228539728,1.2818435753253354,3.6653259413422674,2,4979.96544974618
18,2716,0.0007063294653105417,0.40955325882946114,1.6184748835429648,2,4127.819643799217
18,2777,0.0007295436400961284,0.5130753277328074,1.8485222683930163,2,4313.587851753544
18,2790,0.0007306373998969133,0.5123578314642495,1.8453574352908821,2,4309.415737190969
18,2827,0.0007306363810345553,0.49198816947191365,1.867655406258142,2,4283.691457272263
18,2864,0.0007063583065251339,0.4101564774553457,1.6119242019812594,2,4146.170357056783
18,2962,0.000729524277178092,0.5113695617299467,1.8686657522439003,2,4269.113038639599
18,2975,0.0007306180369788769,0.5106520654613889,1.8655009191417662,2,4267.873448539396
18,3049,0.000706451139067237,0.39959422236731607,1.61765748244055,2,4091.2029912222406
18,3086,0.0008593742976064679,1.3167089788765725,3.6610359683394997,2,5016.329804659823
18,3123,0.0007064795325002603,0.41322309118295275,1.618471853723302,2,4103.902153159736
18,3147,0.0007295137266278781,0.510273126024587,1.867167907757621,2,4227.593785059875
18,3160,0.0007306074864286631,0.5095556297560291,1.864003074655487,2,4268.0256135313775
18,3197,0.0007306024420179029,0.5116869694539258,1.8801944285331311,2,4270.123481038077
18,3221,0.0007054520984771378,0.4051153976445131,1.618100461554045,2,4035.3783577090444
18,3234,0.0007065458582779227,0.40439790137595527,1.614935628451911,2,4144.312753860104
18,3308,0.0007066031619817463,0.40351038739913087,1.626804037275474,2,4067.7762195670007
18,3443,0.0007298925608447431,0.5125135400428427,1.853198981239622,2,4291.947959029998
18,3456,0.0007309863206455281,0.5117960437742848,1.8500341481374878,2,4301.554150363539
18,3641,0.0007048000937397138,0.39353532747710873,1.6107249190584172,2,4080.227749130255
18,3752,0.0007048613105630817,0.39512456298896076,1.6034873470225446,2,4065.479063831375
18,3863,0.000847540513136567,1.1615791573339334,3.4788574423886423,2,4891.103808841329
18,3937,0.0007048909204353038,0.3933421331226745,1.610761691337544,2,4083.1939382874434
18,4011,0.0007049076409489452,0.40314713571732946,1.584838307789546,2,4134.037155885819
18,4048,0.0007049200160893607,0.3997118643952536,1.6123252444107885,2,4051.3874364866274
18,4159,0.00073099533743975,0.5217633565667884,1.8785714681598216,2,4293.535315405599
18,4307,0.0007310834150213424,0.5224311847521088,1.8711373645333524,2,4307.481524151696
18,4381,0.0007310613875884276,0.5030833884387309,1.8842475830341476,2,4276.9197636656145
18,4442,0.0007034224424134288,0.39464420189475613,1.5980228124150175,2,4044.4999993668116
18,4455,0.0007045162022142138,0.3939267056261983,1.5948579793128834,2,4067.375566322745
18,4492,0.0007310411707782626,0.5132529464242191,1.870755093544898,2,4260.149893289231
18,4529,0.0007045447679139803,0.34368298509412765,1.5957940406632738,2,4209.4051490788615
18,4714,0.0008456262060466711,1.2632720049964024,3.3846577855168944,2,4961.609613313395
18,4751,0.0007310124972872379,0.47878268983840094,1.879436074817166,2,4242.891981419811
18,4788,0.0007046450332084895,0.34627655474789293,1.5871219478103802,2,4207.649099573538
18,4812,0.0007035579133018851,0.40024190586386105,1.5833980431741574,2,4102.841991155346
18,4825,0.0007046516731026701,0.3995244095953032,1.5802332100720233,2,4088.4158551215096
18,5047,0.000705604093779643,0.407790479735081,1.6163867070536282,2,4112.379265125598
18,5121,0.0007049585246462081,0.3909837191694573,1.6044248882721255,2,4066.571755090098
18,5158,0.0007053440854576205,0.39312259451661286,1.6119737892256645,2,4047.900275055112
18,5195,0.0007053449375509257,0.3871793979415584,1.613791527133645,2,4039.377174059451
18,5219,0.0007042560837785703,0.4042611787760149,1.59467294391077,2,4080.0059433837496
18,5232,0.0007053498435793553,0.4035436825074571,1.591508110808636,2,4140.768441922565
18,5306,0.0007053944536141219,0.40494154122067033,1.6193375101462033,2,4053.6980795739137
18,5417,0.0007054265158904465,0.4106513126936154,1.6103296249594614,2,4078.5799733918757
18,5454,0.0007054437420677042,0.40760739095046955,1.584447664301553,2,4108.838061556357
18,5528,0.0007054874805505822,0.34574046869848246,1.6026219925449097,2,4197.279407746954
18,5565,0.0007308189571595252,0.4842373686645221,1.8763053295454195,2,4244.076288059018
18,5639,0.0007055259215604067,0.34715295231651905,1.6071388616204247,2,4189.94440132861
18,5787,0.0008521256214940594,1.1955138100204517,3.552082144216347,2,4943.007448344307
18,5811,0.0007297183400716647,0.516449890224905,1.8446253506991404,2,4333.074300588821
18,5824,0.0007308120998724497,0.5157323939563471,1.8414605175970062,2,4348.6364360908465
18,5861,0.0007308686771631521,0.5196061222512353,1.8600719891040538,2,4311.234651374311
18,5972,0.0008500885546826274,1.2909822868429266,3.4750848092424027,2,4932.942833821423
18,5996,0.0007038760004732718,0.3976079012947532,1.602000415731407,2,4073.248395737793
18,6009,0.0007049697602740568,0.3968904050261954,1.5988355826292728,2,4040.768242797984
18,6046,0.0007049813069045211,0.4074890787971735,1.6009802521892837,2,4091.745689636013
18,6120,0.0007050245647143522,0.37980200576941836,1.6070436552790346,2,4065.2505855417926
18,6144,0.0007039314651881629,0.3966595658871394,1.5985337668669386,2,4058.123539879728
18,6157,0.0007050252249889479,0.3959420696185816,1.5953689337648045,2,4066.3803228195375
18,6305,0.0007050731233180461,0.39431690758404336,1.6019450074139276,2,4109.375163647132
18,6342,0.0007050919490285736,0.4057302718334038,1.611865900622728,2,4116.084756842834
18,6477,0.0007297964410168655,0.5099546061622063,1.8691592896006288,2,4293.784320237347
18,6490,0.0007308902008176505,0.5092371098936485,1.8659944564984947,2,4252.102048508557
18,6601,0.0007308876460450231,0.5169294388366097,1.8617772422287742,2,4320.29987886765
18,6773,0.0007293998963838643,0.4909551600101966,1.8678556816874627,2,4255.581201032598
18,6786,0.0007304936561846493,0.4902376637416388,1.8646908485853286,2,4248.767813244579
18,6860,0.0007084726617393253,0.4233528318288575,1.646504639120196,2,4111.122975141514
18,6897,0.0007084868741042942,0.40393528012355046,1.64776204290484,2,4039.4151289780825
18,7193,0.0007085888715910978,0.40430650553074554,1.6436118762800667,2,4042.301325253699
18,7365,0.0007075433567325837,0.4164713233305241,1.639219334658277,2,4128.708153944218
18,7378,0.0007086371165333687,0.4157538270619663,1.636054501556143,2,4102.160737999356
18,7439,0.0007075620921926861,0.4191698116885311,1.6404404536714623,2,4066.9340635719664
18,7452,0.0007086558519934711,0.4184523154199733,1.6372756205693282,2,4152.1496296360065
18,7489,0.0007086560212088625,0.3992805189673826,1.6441934647825585,2,4085.1181809024033
18,7600,0.0007087212267808643,0.4200547452620184,1.6542409823884352,2,4101.519995788259
18,7637,0.0007084332088012912,0.41988381152309023,1.6143251854663132,2,4130.483488070753
18,7661,0.0007290836270178172,0.5089943330858395,1.8630604445684114,2,4244.2852802704565
18,7674,0.0007301773868186021,0.5082768368172816,1.8598956114662772,2,4263.481356168314
18,7711,0.0007302416297763883,0.48803877300417264,1.8684775116724737,2,4224.297997508371
18,7748,0.0007082097282632117,0.3590242549878397,1.6337340127730924,2,4230.546113676014
18,7785,0.0007302290323259374,0.4304475643219082,1.8643937775924833,2,4352.017574025067
18,7822,0.0008725117381731945,1.4917853928558147,3.841823654185391,2,5040.8731347978455
18,7846,0.0007291327052083181,0.508266941764512,1.8666275073252396,2,4252.585207585532
18,7859,0.0007302264650091031,0.5075494454959542,1.8634626742231055,2,4249.521629386728
18,7883,0.0007291279067799162,0.5068037123154315,1.8529954309492866,2,4270.601292742531
18,7896,0.0007302216665807012,0.5060862160468736,1.8498305978471525,2,4243.619900922454
18,7970,0.0007083105557869196,0.4209491194630984,1.6304599291350217,2,4093.732596928241
18,8031,0.0007072296925384231,0.40604586345905425,1.6286136018757884,2,4092.272883471747
18,8044,0.000708323452339208,0.4053283671904964,1.6254487687736543,2,4134.187081550392
18,8081,0.0007302064962088024,0.49781416588711636,1.8670074956713771,2,4216.20821952489
18,8118,0.0007302047581297247,0.4965460183444314,1.875861770308126,2,4249.1529197052605
18,8155,0.0007083301544693368,0.41914669884855116,1.6424233746355212,2,4123.757193375935
18,8266,0.0007301973567421566,0.5179904994044235,1.8487554018977375,2,4331.352195371401
18,8475,0.000707636329909804,0.4064486627206031,1.639114670328752,2,4044.9068477936985
18,8488,0.000708730089710589,0.40573116645204527,1.635949837226618,2,4129.127784471738
18,8845,0.0007081576021796491,0.4164034783334157,1.637078752623283,2,4135.7489738518225
18,8858,0.0007092513619804341,0.41568598206485785,1.633913919521149,2,4127.224365211678
18,8895,0.0007300006256910294,0.5041041023994928,1.8671634510291317,2,4252.603425492877
18,8932,0.0007299945330301106,0.515239644495211,1.84112550433093,2,4308.918621621581
18,9043,0.000709344968362176,0.4119547294692263,1.6502702698728489,2,4082.367813343941
18,9080,0.000709354163617666,0.4263499262582053,1.6602642202757154,2,4094.5428206241895
18,9265,0.0007091184679263012,0.4126038392498048,1.6478862408773172,2,4075.7734975115404
18,9289,0.000729011299304959,0.49880059902677776,1.8509559270829057,2,4246.5824413667315
18,9302,0.0007301050591057439,0.49808310275821993,1.8477910939807716,2,4307.215187999016
18,9339,0.0007090811157050037,0.42388621156543815,1.644818148052134,2,4098.128772968384
18,9400,0.0007290100306921564,0.5027701731398724,1.8637189537100523,2,4213.019533144655
18,9413,0.0007301037904929414,0.5020526768713145,1.8605541206079181,2,4270.48943269605
18,9487,0.0007088004469343026,0.35363790180223664,1.6353740514308066,2,4261.422696635687
18,9561,0.0007088217915824393,0.40375587913524114,1.6511383867602116,2,4114.398676437127
18,9709,0.0007088673521372442,0.40607099152146964,1.6485653280295858,2,4100.191683188941
18,9783,0.0007300683151871516,0.42466139499393984,1.860174881039435,2,4365.050801887965
18,9857,0.0007089555651637872,0.36120173984935966,1.6332395242870172,2,4237.977061359483
18,9931,0.0007089690040030675,0.4115294652814922,1.6445507623162556,2,4066.556785671336
18,9955,0.0007289666269803203,0.5069720844630907,1.8433567818233962,2,4266.5551457671245
18,9968,0.0007300603867811052,0.5062545881945328,1.8401919487212621,2,4311.075905226888
18,10005,0.0007089841714226614,0.4017803019449044,1.6499715836280233,2,4121.836016153425
18,10029,0.0007079046175021629,0.40894415259936934,1.641119455693956,2,4074.283101815822
18,10042,0.0007089983773029479,0.4082266563308115,1.6379546225918218,2,4125.15090754013
18,10066,0.0007289591983381522,0.5027091389640322,1.8530933057075416,2,4253.407677261921
18,10079,0.0007300529581389371,0.5019916426954744,1.8499284726054075,2,4268.6150146668415
18,10140,0.0007059086181287594,0.41253574805710497,1.6156929646773146,2,4082.2551780841627
18,10153,0.0007070023779295444,0.41181825178854714,1.6125281315751805,2,4135.179771682358
18,10190,0.0007081756508481628,0.41906600494214613,1.6282665487114727,2,4085.9285530147285
18,10264,0.0007073981849335874,0.40858023872567006,1.633660655128484,2,4096.239031191788
18,10325,0.0007293134550712028,0.5128908772385671,1.8417727690936898,2,4299.552670174612
18,10338,0.0007304072148719878,0.5121733809700092,1.8386079359915557,2,4316.877543892985
18,10449,0.0007074655392999789,0.41465237148071005,1.631144443005728,2,4154.237403258742
18,10510,0.0007063970355202808,0.41383270742935346,1.6261811097375691,2,4060.594149307594
18,10523,0.0007074907953210658,0.41311521116079564,1.623016276635435,2,4146.2709294773695
18,10671,0.0007075211633656743,0.4120931813371707,1.6410095611827258,2,4098.266162036055
18,10819,0.0007075936970075322,0.35278011551005267,1.6296446719362494,2,4180.508399860466
18,10856,0.0007076106804444207,0.4066788027883711,1.629695631331359,2,4083.3787300496742
18,10930,0.0007076505149459189,0.41631995590147375,1.6078175455665185,2,4124.329421350274
18,11041,0.0007073335039758207,0.4082948299195709,1.6318184591185587,2,4076.977413930425
18,11102,0.0007059460155515458,0.4078230773056068,1.6231678027942635,2,4045.735050127314
18,11115,0.0007070397753523308,0.40710558103704897,1.6200029696921294,2,4103.040360726485
18,11152,0.0007304833326085252,0.4862485682883682,1.8672819179520643,2,4245.52682194053
18,11189,0.0007070643122084568,0.3539909048751791,1.609535896583982,2,4219.582696473582
18,11226,0.0007304785124738598,0.5148551041493278,1.8680568897401375,2,4242.883071409002
18,11250,0.0007293750129051989,0.5123401235246504,1.8629916947839753,2,4281.266146607937
18,11263,0.0007304687727059839,0.5116226272560925,1.8598268616818412,2,4281.82819031443
18,11411,0.0007071611680013044,0.35179387636077863,1.62622558835839,2,4223.247528762778
18,11448,0.0007304624689958255,0.5146227813807817,1.8548907052053034,2,4288.135478356952
18,11485,0.0007071764586298625,0.395648565997098,1.6341950024269631,2,4084.0618454003707
18,11596,0.0007072680745521489,0.40941234902107493,1.6270460559313633,2,4093.9251363590934
18,11731,0.0007062274000761418,0.40430856426238376,1.6232977863017093,2,4068.7883637664695
18,11744,0.0007073211598769268,0.40359106799382594,1.6201329531995752,2,4070.5388529427023
18,11805,0.0007062355938659575,0.4020731772796764,1.620140227559516,2,4063.811120906994
18,11818,0.0007073293536667425,0.40135568101111857,1.616975394457382,2,4114.8358998152535
18,11929,0.0007303414620271285,0.5099691105758277,1.8768772595661145,2,4246.691686637196
18,11990,0.0007068433408311841,0.4086704832065678,1.6215578053127158,2,4085.6440186528066
18,12003,0.0007079371006319691,0.40795298693800996,1.6183929722105816,2,4118.890874766696
18,12077,0.0007079642435124904,0.35251454808532184,1.6286475271953906,2,4205.923427541023
18,12151,0.0007079722016235694,0.39809197240041716,1.6297315931150778,2,4139.603231680018
18,12286,0.000706892179229386,0.41657068828309507,1.6355093707971355,2,4105.311908694574
18,12299,0.000707985939030171,0.41585319201453724,1.6323445376950014,2,4158.774029105041
18,12373,0.0007080230539387986,0.4018029031824468,1.639919578705024,2,4043.6085654047297
18,12410,0.0007080494251936396,0.40989557978591534,1.6443320928866951,2,4071.5186175144186
18,12521,0.0007080838944047144,0.41851246138075326,1.6234306843331339,2,4070.68953669099
18,12669,0.0007079287174339824,0.41212152937046537,1.6385176473379508,2,4113.687902942731
18,12706,0.0007303539958019143,0.512369720912054,1.8808466573730982,2,4291.188295875059
18,12817,0.0007077180619305351,0.3944450109498401,1.629364459810857,2,4077.3875985349237
18,12841,0.000706635877104879,0.40518761010191734,1.6234846505114182,2,4099.493390670777
18,12854,0.000707729636905664,0.4044701138333595,1.620319817409284,2,4090.897169810615
18,12878,0.0007066371479376875,0.40891518769955365,1.6176416171112329,2,4070.4932676995963
18,12891,0.0007077309077384724,0.4081976914309958,1.6144767840090988,2,4132.411804689483
18,13002,0.0007077389206906879,0.35649765467319994,1.6168241972426316,2,4236.244851669419
18,13039,0.0007303300642933882,0.49386232863380486,1.8750281054272233,2,4252.295096259638
18,13150,0.0007077593975898693,0.416282757425361,1.6380380826947383,2,4150.512592200839
18,13396,0.0007067603410598048,0.40941311154251386,1.6204823766321312,2,4083.818243872336
18,13409,0.0007078541008605898,0.40869561527395604,1.6173175435299971,2,4115.389630852141
18,13631,0.0007310897656580295,0.520671726516975,1.8595734527774077,2,4297.352363317016
18,13840,0.0006993946932474345,0.3819857300923435,1.552605453645209,2,4034.5281280010777
18,13853,0.0007004884530482195,0.38126823382378566,1.5494406205430749,2,4091.9198190537327
18,13988,0.0006994174961714018,0.384626957610521,1.5445940213234124,2,4025.6721468784535
18,14001,0.0007005112559721868,0.3839094613419632,1.5414291882212783,2,4086.0388273419285
18,14038,0.0007005260091041448,0.3345975329981216,1.5475537061374682,2,4169.901366662285
18,14075,0.0007005488657197348,0.38903595486301773,1.5581771112937113,2,4066.8962962059845
18,14297,0.0007006368609251918,0.3651750018491533,1.5645621417062523,2,3997.71747892229
18,14519,0.000700080531499627,0.38911847301140656,1.5545187848908033,2,4052.9718982629743
18,14593,0.0007001322979952172,0.3854831248251987,1.5465781760510653,2,4084.6419307208557
18,14630,0.0007001387775183094,0.3746441499515985,1.5609798192678244,2,4040.5385810576404
18,14654,0.0008087027676150513,0.9167473068373692,2.8754530872601936,2,4709.666136314307
18,14667,0.0008097965274158363,0.9160298105688113,2.872288254158059,2,4765.128410986222
18,14691,0.0007308344466927006,0.5039409253607631,1.879238002682667,2,4270.1690845060675
18,14704,0.0007319282064934856,0.5032234290922052,1.8760731695805328,2,4253.3557564269995
18,14741,0.0007001560202045449,0.37059978540590655,1.5629139456452965,2,4029.0897658863487
18,14815,0.0007002087511847795,0.374603064253919,1.5629561121281281,2,4043.781580650022
18,14963,0.0007002446752542436,0.38346746320848996,1.5577743055306092,2,4019.346453255741
18,15000,0.0007002677049259636,0.3692950880505852,1.5629614065165376,2,4033.433288101708
18,15074,0.0008113201417853172,0.9554168166110218,2.8844914818643197,2,4774.912216882966
18,15111,0.0008121133525504871,1.0157342327325896,2.8697395071482705,2,4799.076771777623
18,15407,0.0007010999138788897,0.3362988085810691,1.5579610140118887,2,4174.629943700718
18,15444,0.0008183706842446911,1.0505907653293411,2.96174756316393,2,4818.861784049547
18,15481,0.0007011633347171472,0.3919045293289012,1.5552626145529074,2,4058.125190520694
18,15518,0.00073175514388379,0.5223999222929386,1.8531612070553296,2,4349.4617304422845
18,15666,0.0007317398314333635,0.5257564347785998,1.8472425130272607,2,4336.374231650045
18,15740,0.0007317363137665618,0.4937870753354778,1.888295109770344,2,4248.445635465078
18,15777,0.0007012883595921385,0.3787546202904386,1.5749921385427859,2,4012.553922556283
18,15814,0.0007317284117454799,0.5026907998575546,1.881614125265751,2,4245.360563597557
18,15838,0.0007306343727108902,0.5177106133770898,1.8771209709085854,2,4288.239408143223
18,15851,0.0007317281325116752,0.5169931171085319,1.8739561378064513,2,4286.852324889995
18,15925,0.000701361951556471,0.37862640528862995,1.56914011080298,2,4024.751343275613
18,15949,0.0007002715192660008,0.37950851133697383,1.5657514356255435,2,4043.3134747313743
18,15962,0.0007013652790667858,0.378791015068416,1.5625866025234094,2,4068.3930502526405
18,16073,0.0007010726756227978,0.3910579024511691,1.5729159684988645,2,4091.851471389225
18,16171,0.0006999309620923218,0.38149917981051773,1.5550107289862556,2,4073.0737645848594
18,16184,0.0007010247218931068,0.3807816835419599,1.5518458958841215,2,4064.9994176373298
18,16221,0.0007007517568205616,0.38039405997092,1.5630426365592496,2,4044.894496408797
18,16245,0.0006997345846094153,0.38290738323416523,1.5560023544973882,2,4013.835354558863
18,16258,0.0007008283444102002,0.3821898869656074,1.552837521395254,2,4092.8626784765065
18,16332,0.0007008447620432642,0.3311599126782936,1.5578562418469608,2,4158.90149128903
18,16591,0.0007009242877764128,0.38894253035317133,1.5593796612062882,2,4082.576201708666
18,16776,0.000731797784100428,0.4990378704647592,1.890215047766811,2,4274.083430726173
18,16837,0.0006999079412756444,0.3793100239766881,1.5603178263838746,2,4040.782919143595
18,16850,0.0007010017010764294,0.3785925277081303,1.5571529932817405,2,4068.6414940877744
18,16961,0.0007013953502146304,0.3893854260872784,1.5768386267186614,2,4036.706976136453
18,17035,0.0006999413405939562,0.37807164507176905,1.5502757432207028,2,4047.993034672266
18,17133,0.000698032285009502,0.3807079520471043,1.539815426265521,2,4034.718332818654
18,17146,0.000699126044810287,0.37999045577854645,1.536650593163387,2,4037.9433265177618
18,17170,0.0007310469741886254,0.5227595827938949,1.8701485783894674,2,4321.744178655998
18,17183,0.0007321407339894104,0.522042086525337,1.8669837452873332,2,4327.167736065035
18,17220,0.000699136225485999,0.3698553337411151,1.5435926323577351,2,4031.8759031381464
18,17392,0.0008004846172364379,0.8671453732704294,2.7564919850280205,2,4697.080636904965
18,17405,0.0008015783770372229,0.8664278770018715,2.753327151925886,2,4701.6000839767
18,17442,0.0006992891082938351,0.367592660797899,1.545347992177304,2,4044.8782997601124
18,17479,0.0007321021389666723,0.5286352802846872,1.8707379514718658,2,4281.169198822356
18,17516,0.0007321001084230359,0.522747684456485,1.8854785192150796,2,4250.612984159429
18,17553,0.0007320937417905944,0.4384644681976251,1.8784401263318107,2,4386.571759384467
18,17590,0.0006993277651470272,0.37719857308378324,1.5552734811836315,2,4045.4294977452982
18,17738,0.0007320842441073521,0.521957213715038,1.887895312105468,2,4257.083438737876
18,17812,0.0006993753640459904,0.379512332018237,1.5496347464632274,2,4064.1621088910065
18,17849,0.0006990407700856297,0.38370395953285596,1.5356651733391928,2,4068.94050449419
18,17886,0.0006990266187899306,0.3808063511982715,1.5435954908401959,2,4049.2377789380075
18,17960,0.0006986835209959948,0.3751885722524533,1.5427924103589423,2,4093.141550254706
18,17997,0.0006987292663647425,0.3680265208229204,1.537617823710436,2,4016.1925850381704
18,18071,0.0007322108918667309,0.5278106432096733,1.869973769079101,2,4292.614523055621
18,18095,0.0007311121224993762,0.5206139648309097,1.8824038442703845,2,4293.638403250612
18,18108,0.0007322058823001612,0.5198964685623518,1.8792390111682504,2,4323.114134698342
18,18206,0.0007963796486489508,0.872821272585917,2.680711468407036,2,4629.687512132602
18,18219,0.0007974734084497358,0.8721037763173592,2.6775466353049016,2,4638.370516594276
18,18256,0.0007976731513682374,0.8668692384221833,2.7080200524260545,2,4708.499897960593
18,18391,0.0007310824574682135,0.5125624498765907,1.8707213522954296,2,4266.445982570631
18,18404,0.0007321762172689984,0.5118449536080328,1.8675565191932955,2,4283.81644880594
18,18478,0.0006989379460979,0.3814155115197351,1.5427754271289806,2,4089.086149970984
18,18539,0.0007310674521489146,0.5129000493356801,1.8697389693540676,2,4271.320269059843
18,18552,0.0007321612119496996,0.5121825530671222,1.8665741362519335,2,4284.949712575957
18,18576,0.0006979084389892859,0.377912138224535,1.5421882516743914,2,4017.5349953730365
18,18589,0.0006990021987900709,0.3771946419559772,1.5390234185722573,2,4064.335795578032
18,18700,0.0006993915406876891,0.38324321471070644,1.5521192930706924,2,4061.189220932475
18,18724,0.0006983196869123748,0.37053088324735545,1.5452642247663908,2,4044.0993929100596
18,18737,0.0006994134467131598,0.3698133869787976,1.5420993916642567,2,4032.513883889023
18,19144,0.0008075191468049725,0.9625770396729926,2.82341379720613,2,4768.247997791996
18,19181,0.0006998640579805276,0.38465700056647756,1.5483168583547646,2,4082.3654906675392
18,19218,0.0006998743931479633,0.37248379650647656,1.5489000072548578,2,4033.437475379001
18,19477,0.0006997183816048814,0.3810543671473917,1.5499337815473104,2,4058.273502339903
18,19514,0.0008038743506861807,0.9028899810418926,2.80276659837307,2,4709.515182371072
18,19588,0.0006996806895037213,0.3318125538825252,1.5393724821171209,2,4186.879821027652
18,19625,0.0006994179104287786,0.3854342094411547,1.5404665228068513,2,4034.622487810816
18,19649,0.0008030065245867233,0.8809580787546919,2.7970249556701585,2,4671.693909132848
18,19662,0.0008041002843875083,0.880240582486134,2.793860122568024,2,4701.989788878306
18,19773,0.0006994634233039362,0.38420799867237587,1.5401896558314006,2,4067.654312359354
18,19810,0.0006994643930701105,0.37552372191081695,1.546358634030436,2,4027.9514051592355
18,19921,0.0006994891153668705,0.3316527118708861,1.5346480986497957,2,4185.272418345081
18,20106,0.0008056639369381626,0.868176750618504,2.8360586010447895,2,4679.167859207089
18,20130,0.0008046731394617399,0.8965045115346002,2.827318320260443,2,4680.901479073422
18,20143,0.0008057668992625249,0.8957870152660424,2.8241534871583087,2,4688.947139520773
18,20180,0.0006995813069250887,0.38194796758421223,1.5300491500540139,2,4074.676014008736
18,20254,0.0006996138265256642,0.38694474529297057,1.5588429990507326,2,4037.4018832334446
18,20278,0.0006985380071706839,0.3738956902489964,1.5467153208315727,2,4026.35307790768
18,20291,0.0006996317669714689,0.37317819398043856,1.5435504877294386,2,4049.0422909083395
18,20328,0.0006996985162312017,0.38392385212865887,1.5603835032622289,2,4054.6654548707465
18,20365,0.0007043561991867474,0.3876839707325605,1.5960414406793337,2,4051.5609184355644
18,20439,0.0007014398695836382,0.3700043966553902,1.5689610128556415,2,4059.28775525181
18,20500,0.0007022994896240054,0.39552113575233555,1.5731558196336914,2,4079.4587826499805
18,20513,0.0007033932494247904,0.3948036394837777,1.5699909865315573,2,4064.3492786616684
18,20550,0.0007034017083255329,0.3433731041940445,1.5691718316786656,2,4220.939057816321
18,20587,0.0007034090065077413,0.400900622216651,1.5984836204015231,2,4110.939725234838
18,20883,0.0007035532371685583,0.3413716558373842,1.5831662719366153,2,4184.889679747565
18,20994,0.0008376758963794462,1.1148907327084812,3.310608473840964,2,4886.822453179257
18,21031,0.0007035984575928676,0.34026490166441514,1.5841600364093575,2,4177.351614288616
18,21142,0.0007036633115628144,0.3923829279954503,1.5995802886618085,2,4023.3233404536204
18,21203,0.00070259407207758,0.39440024876235535,1.5830582015335262,2,4057.8212482659765
18,21216,0.000703687831878365,0.3936827524937975,1.579893368431392,2,4095.92287182732
18,21314,0.0007302500000930088,0.5079770028547851,1.8724180969803033,2,4243.49997084222
18,21327,0.0007313437598937938,0.5072595065862272,1.8692532638781691,2,4282.353515872654
18,21401,0.0007313422996638331,0.4998170842419253,1.8786178093764143,2,4278.852090667221
18,21549,0.0007313376727043169,0.5036282050637542,1.8852463680591296,2,4237.9561848740805
18,21586,0.0007313312799033079,0.5206229124389399,1.8839772107874992,2,4298.439564223217
18,21721,0.0007302194853273387,0.510235908619944,1.875091533321227,2,4278.796789453171
18,21734,0.0007313132451281237,0.5095184123513861,1.871926700219093,2,4269.716303692305
18,21758,0.0007302121080012883,0.502994363805609,1.8736846480918554,2,4269.059083865468
18,21771,0.0007313058678020733,0.5022768675370511,1.8705198149897213,2,4263.054108935846
18,21808,0.000703229166221943,0.37470434450103246,1.5894419897264485,2,4059.58430586282
18,21919,0.0007032990267680424,0.3419333386578323,1.5832119642454563,2,4162.677652381623
18,21993,0.0007033225382964477,0.3417237097314964,1.576579181304032,2,4178.5934604076565
18,22313,0.0007030572788116132,0.39971739460545713,1.5802991323872357,2,4064.985049590466
18,22326,0.0007041510386123982,0.3989998983368993,1.5771342992851016,2,4118.9128753195155
18,22400,0.0007041656773007572,0.3967367326454109,1.6016434072507146,2,4075.0613961006043
18,22461,0.0007031232899503099,0.4012702601167635,1.5877349987706315,2,4100.816410693769
18,22474,0.0007042170497510949,0.40055276384820565,1.5845701656684974,2,4147.461625012903
18,22511,0.0008427084214945223,1.2451678949794984,3.331216453898808,2,4956.1943103044705
18,22622,0.0007042932697671174,0.4014849801172179,1.6059660021817703,2,4030.182636988563
18,22659,0.0007311035987528004,0.49375528347690906,1.8739519697791702,2,4255.5829648940025
18,22733,0.0007310907893564164,0.5057084579538955,1.8813279478862457,2,4253.514437826836
18,22770,0.0007043292128079482,0.40517090646295684,1.6025409257979442,2,4096.209919064442
18,22844,0.0007043361588721786,0.40296215019577325,1.5933577422776104,2,4114.984323473023
18,22905,0.0007025970361484553,0.3954335311075849,1.5897074557380668,2,4053.434335766391
18,22918,0.0007036907959492403,0.39471603483902706,1.5865426226359327,2,4075.406872175619
18,23016,0.0007301327399235319,0.5171186493704835,1.8667082954668515,2,4253.4565537274775
18,23029,0.0007312264997243169,0.5164011531019256,1.8635434623647174,2,4258.323211011238
18,23177,0.0007037275060731842,0.3992342793854684,1.578067909583898,2,4103.353218289799
18,23288,0.0007037501845684557,0.40198202662462507,1.594353443234762,2,4083.5277102900063
18,23399,0.000703771958914868,0.38672992291344654,1.5888968177597114,2,4061.709116753437
18,23473,0.0007038258959750192,0.34496956128384215,1.587575167903511,2,4183.124846246683
18,23497,0.0007301020010370946,0.5181380175101924,1.856910359565945,2,4274.762020001546
18,23510,0.0007311957608378796,0.5174205212416345,1.853745526463811,2,4288.604255530543
18,23658,0.0007038636860347403,0.38927902909200734,1.5906819169339634,2,4115.860892714709
18,23695,0.0007039277430291809,0.3986852026482443,1.5958983260703672,2,4049.834627872577
18,23732,0.0008400607543498638,1.1704222687622747,3.3185570302384293,2,4875.478635883644
18,23769,0.0007014333195353564,0.3364903200011294,1.561337779619447,2,4184.572583283226
18,23830,0.0007302571875857368,0.5099608748423299,1.8710814387998789,2,4263.544343181162
18,23843,0.0007313509473865217,0.509243378573772,1.8679166056977448,2,4269.141044358275
18,23991,0.0007020280346143825,0.3885823392330564,1.5733317715295099,2,4077.079452956832
18,24065,0.0007020399999290352,0.39340081608313876,1.5706178869531204,2,4076.5457541518304
18,24102,0.0007020405744028023,0.3866111114619541,1.58321123212558,2,4028.49846377427
18,24361,0.0007021675735158348,0.3741567296135177,1.5820009825637409,2,4038.5189666157557
18,24435,0.0007022063236093179,0.39474531783777883,1.567223085968945,2,4043.5262100676127
18,24509,0.0007315326505320717,0.5198809753559984,1.8798765222248088,2,4249.647763963791
18,24546,0.0007022439710843553,0.3393908256045353,1.5628470101251186,2,4200.722823839753
18,24583,0.0007018701830717068,0.3937483180231221,1.5742684036502979,2,4103.787832317676
18,24620,0.0007022634238548221,0.3822360212692358,1.580104064625635,2,4044.810099413558
18,24842,0.0007015283609760476,0.37316977535633605,1.57722937968796,2,4027.1758234916992
18,24866,0.0007004363049155898,0.3789433317166741,1.565611529643184,2,4073.051043096709
18,24879,0.0007015300647163747,0.3782258354481163,1.56244669654105,2,4044.790951736517
18,24916,0.0007015543144300384,0.3822984237078941,1.566259303843047,2,4060.0332449163266
18,24940,0.0007305704120358127,0.517201012840452,1.8764066069339276,2,4291.887076917537
18,24953,0.0007316641718365977,0.5164835165718941,1.8732417738317935,2,4295.004724938771
18,25027,0.000701598844675097,0.3769095697345262,1.5767745004182994,2,4025.0780407160473
18,25175,0.0007016841754517836,0.38335330145074464,1.5750518049920774,2,4076.8980965201636
18,25286,0.000701739097987238,0.33292421575834535,1.567874203621474,2,4164.113031369659
18,25421,0.0007007590484935406,0.37777519781451113,1.5707845144883874,2,3993.4389641381204
18,25434,0.0007018528082943256,0.3770577015459533,1.5676196813862533,2,4075.9552159524633
18,25458,0.0007019552517880562,0.3938438794854879,1.570339892583634,2,4095.2687915215097
18,25471,0.0007030490115888412,0.39312638321693005,1.5671750594815,2,4061.007541317158
18,25619,0.0007314332040850399,0.49043568866892073,1.8782531165410286,2,4251.410041350497
18,25767,0.000731423347041593,0.525327307737543,1.8619300274559416,2,4285.054701136937
18,25804,0.0007027597320159153,0.39628579773236233,1.5857780036862055,2,4085.149882146811
18,25952,0.0007314074233453845,0.5018302317101796,1.8872370482868939,2,4249.509962598866
18,25989,0.000702841929406254,0.3416782113476746,1.575535342170359,2,4169.722154147425
18,26137,0.0008329982789308581,1.1280182247220385,3.209097314171393,2,4845.018488011253
18,26174,0.0007029525770610501,0.37542654324505925,1.5851704336744168,2,4078.285082138217
18,26248,0.000731355885790826,0.42855331232754984,1.8744412908822934,2,4377.860037741375
18,26359,0.0007026389441538634,0.39807889820500303,1.5818767804379843,2,4075.193256502469
18,26396,0.0007314472484732364,0.49747930125845574,1.8899549930071613,2,4238.032531920942
18,26420,0.0007304197728777971,0.5197044032480985,1.8529817075470572,2,4290.123376672763
18,26433,0.0007315135326785821,0.5189869069795406,1.849816874444923,2,4330.3575747673885
18,26470,0.0007023145616309886,0.3932580456955763,1.55833721810627,2,4087.2950896840757
18,26507,0.0007023419731164298,0.39812669987748645,1.5794351530264776,2,4074.0717707536924
18,26531,0.0007012496012192202,0.3904219388871273,1.5652925999390679,2,4067.675977699289
18,26544,0.0007023433610200051,0.38970444261856946,1.5621277668369338,2,4058.578431169732
18,26581,0.0008289598309858207,1.0967549790316022,3.138107194452465,2,4920.308656857125
18,26655,0.0007023622013992752,0.3960468958164819,1.5695351472551462,2,4078.5147425573787
18,26692,0.0007023741940958868,0.39577906737377794,1.5611279681130172,2,4072.338293351332
18,26716,0.0007012823865851505,0.3878611188737234,1.5707595125873626,2,4044.186249859252
18,26729,0.0007023761463859355,0.38714362260516555,1.5675946794852285,2,4094.334746320254
18,26753,0.0007013151712546466,0.39208356882962525,1.5725669763112218,2,4105.293747506834
18,26766,0.0007024089310554316,0.3913660725610674,1.5694021432090877,2,4011.9034802378196
18,26914,0.0007024885011953972,0.3383577365630037,1.5680555108687564,2,4192.284750719663
18,26988,0.0007025436230276173,0.3389435995124308,1.5739247143638797,2,4200.908743229796
18,27025,0.0007025486995358427,0.38704776060080254,1.580495095734905,2,4029.848491178453
18,27136,0.0007026071661871186,0.3764947486672216,1.579227741612089,2,4049.621879324184
18,27173,0.0008798533868613582,1.5129551893534492,4.013181441317423,2,5057.854465751068
18,27321,0.000716216503443526,0.4289827511047095,1.7213520784728122,2,4173.7085911455415
18,27395,0.0007162597655379502,0.43882342499781685,1.7263345276911757,2,4132.628919177112
18,27432,0.0007162787567837682,0.4370962292748119,1.7260104858766483,2,4167.924526083558
18,27469,0.0007162925899066832,0.45672525865758384,1.7224542438091883,2,4209.150777563435
18,27543,0.0007163079343736087,0.43077175492144293,1.7201838306303374,2,4148.302670069203
18,27604,0.0007273019327171871,0.5002437194771635,1.8234122491996214,2,4237.750566924861
18,27617,0.0007283956925179721,0.4995262232086056,1.8202474160974873,2,4340.92531181874
18,27654,0.0007163320460255058,0.4543322733119997,1.698486611107321,2,4211.74807129172
18,27691,0.0007163515869497841,0.43520846667511265,1.727789610416566,2,4137.879459520037
18,27826,0.0007272871376464655,0.48819416343099237,1.8371289272106515,2,4265.096134794907
18,27839,0.0007283808974472505,0.48747666716243454,1.8339640941085174,2,4264.493606623084
18,27913,0.0007163787525055615,0.4549218307237089,1.711287585738772,2,4200.039825140616
18,27950,0.0007163818512579904,0.41956162202915565,1.725654821008637,2,4115.77970569564
18,28024,0.0007163874773006634,0.4566276087020663,1.7169281460784913,2,4164.310815156045
18,28320,0.0007158907518015409,0.44987720038634055,1.6907668181755067,2,4200.18621317193
18,28357,0.0007159204324062012,0.43611601738333017,1.7181921709405394,2,4117.025375730493
18,28394,0.0007159810563302504,0.45325670943004537,1.7277971477213343,2,4139.774235287852
18,28431,0.0007284686314063554,0.506905570176532,1.8152302688231654,2,4313.749567324456
18,28455,0.000714922056215848,0.4430054694470677,1.7061711972155011,2,4150.981395311267
18,28468,0.000716015816016633,0.4422879731785099,1.703006364113367,2,4135.452342256383
18,28505,0.0007284564744737201,0.5043990337452554,1.8560868459488875,2,4256.847262355555
18,28542,0.0007160383291164107,0.3848538667336699,1.762892573718984,2,4242.6029961765835
18,28653,0.0007160998438445626,0.37573601560269015,1.710584291757097,2,4274.223467492747
18,28838,0.0007161397672297414,0.42845295831409874,1.7186685909332584,2,4165.912187948699
18,28912,0.0007163888963231138,0.4548487845230048,1.718926658580209,2,4180.575159367852
18,28936,0.0007272832711511224,0.49593512849678095,1.8355629502322965,2,4252.539784297263
18,28949,0.0007283770309519074,0.4952176322282231,1.8323981171301624,2,4268.168542510306
18,28986,0.0007166876725786391,0.4238075099724299,1.7240012908437157,2,4165.076926771681
18,29097,0.0007167998615603398,0.45598637193130725,1.7286554121132038,2,4113.819935567983
18,29269,0.0007157663973569701,0.44605108945641075,1.7071086958788908,2,4200.094917439757
18,29282,0.0007168601571577551,0.4453335931878529,1.7039438627767567,2,4142.202252859441
18,29306,0.000715782203272412,0.43471502041269305,1.718455049115,2,4139.761250992827
18,29319,0.000716875963073197,0.4339975241441352,1.7152902160128658,2,4161.369354575758
18,29578,0.0007169451222253844,0.4558056037508287,1.7115853230726639,2,4181.559915640471
18,29689,0.000716667338253253,0.43740229450316026,1.7296544921583814,2,4179.021084291164
18,29726,0.0007164108417388926,0.4474883918804086,1.7270152215527226,2,4134.929119274384
18,29750,0.0007272091663652247,0.4822539105244296,1.8427236362015122,2,4256.303269753976
18,29763,0.0007283029261660097,0.4815364142558718,1.8395588030993781,2,4255.973855249562
18,29824,0.0007153228735535256,0.44681431167809155,1.7210715435901496,2,4178.96503853311
18,29837,0.0007164166333543106,0.4460968154095337,1.7179067104880155,2,4141.275516009958
18,29911,0.0007164461218219776,0.42967261397485607,1.72899288842931,2,4179.789962031618
18,30022,0.0007164709699214422,0.380659013599959,1.715907349342726,2,4284.929290969678
18,30120,0.000727243128379115,0.5048021789521128,1.8336526123048205,2,4280.833042144804
18,30133,0.0007283368881799,0.5040846826835549,1.8304877792026863,2,4270.317381629977
18,30170,0.0007165310615844417,0.4447730283345955,1.7330603365393742,2,4178.861217998269
18,30244,0.0007165664572723105,0.3790688250517818,1.7137572924466027,2,4322.7019941358685
18,30355,0.0007165999427812145,0.4284230779843873,1.719298029961316,2,4146.9036584232335
18,30392,0.0007166070620294762,0.438488079330228,1.7230161592678404,2,4129.8123585463445
18,30416,0.0007155139997242285,0.4516297375866848,1.7161463960432277,2,4128.015066209344
18,30429,0.0007166077595250135,0.45091224131812696,1.7129815629410936,2,4202.179054615974
18,30503,0.0007166147918449701,0.38459570585079333,1.712413874834219,2,4270.0741085787395
18,30540,0.0007166418855483074,0.4526475736947873,1.6978283477322198,2,4190.295204867614
18,30651,0.0007285275255115066,0.5000561754193323,1.856638191633,2,4230.429542142215
18,30675,0.0007139546733202849,0.4394236908601398,1.6946748288360667,2,4178.247484643391
18,30688,0.0007150484331210699,0.438706194591582,1.6915099957339326,2,4148.937088399425
18,30762,0.0007287049611063883,0.501350558292707,1.8499808063360599,2,4238.404028117828
18,30799,0.0007150720137418712,0.45198001685879646,1.711839814495587,2,4182.327448331694
18,30836,0.0007287008525214161,0.5116125951391767,1.818825353544654,2,4277.013886979104
18,31058,0.0007151361261979575,0.3807076071863245,1.6957177934837842,2,4272.288567221341
18,31095,0.0007151432372207421,0.4453132284711866,1.709145530480418,2,4173.595448822411
18,31132,0.0007286808216182937,0.48927945248766164,1.8478530969821694,2,4263.479704967705
18,31169,0.0007151845440024272,0.3765073258742884,1.7048606987400847,2,4270.883698040851
18,31280,0.0007152181481375431,0.37959110433012727,1.6956495256504254,2,4275.4444156953095
18,31317,0.0007152197931430752,0.44477330874301907,1.720776406532526,2,4135.911647336428
18,31354,0.0007152303322327181,0.437800380698955,1.7177360911559776,2,4167.342112360518
18,31428,0.0007152400776615184,0.4241694104347968,1.715867677052311,2,4150.404041508683
18,31465,0.0007150413433289986,0.4489145593675811,1.709875852261655,2,4140.362336991238
18,31502,0.0007149904779828741,0.43889262935539636,1.7145741955735683,2,4188.900290739388
18,31650,0.0007147368248075694,0.4159991730607936,1.7064166859284355,2,4141.053593909791
18,31761,0.0007148070447449857,0.4285701971055751,1.7025531008813626,2,4163.475902908485
18,32020,0.0007287353275837571,0.5101008083672772,1.8464449693506833,2,4228.946297895214
18,32057,0.0007149128907694579,0.43282317563326494,1.7115760980553847,2,4140.292475165275
18,32242,0.0007150224305850184,0.4181673177428021,1.7098854588758392,2,4138.636805911648
18,32464,0.0007156088393900034,0.41700638992183636,1.716647007962338,2,4118.317478788114
18,32982,0.0007285424668130819,0.5090237543829778,1.8265176515212365,2,4297.242094684283
18,33130,0.0007152840580620642,0.37598342970461107,1.6955368770871158,2,4275.3081787071405
18,33228,0.0007141984102420582,0.44200150464428495,1.6946809543768755,2,4181.280697377724
18,33241,0.0007152921700428432,0.4412840083757271,1.6915161212747414,2,4179.957486886201
18,33302,0.0007142414216285421,0.43850200448644916,1.7074096109031547,2,4117.034556460519
18,33315,0.0007153351814293271,0.43778450821789133,1.7042447778010206,2,4213.893865177077
18,33389,0.0007153444952702197,0.4520139574417947,1.7080518479329907,2,4157.496280901695
18,33500,0.0007153498567700386,0.4201082739838654,1.717439750989719,2,4113.726237419693
18,33524,0.0007142718275457882,0.4409848239283557,1.7005344576169694,2,4150.901862855734
18,33537,0.0007153655873465732,0.44026732765979787,1.6973696245148353,2,4144.085027613132
18,33783,0.0007143396629173382,0.44508439627442997,1.688862806117096,2,4193.802263452147
18,33796,0.0007154334227181232,0.44436690000587215,1.685697973014962,2,4214.421109005408
18,33833,0.0007154339767733886,0.42837981009746606,1.7191945106205766,2,4145.858487014501
18,33870,0.00071545577139809,0.42223977508042543,1.7136940822106692,2,4137.933739623038
18,33907,0.0007154931240356388,0.37451386426556327,1.7003688958958498,2,4287.481821113871
18,34005,0.0007159083935192995,0.44630436924254485,1.7254352807442945,2,4159.348215240342
18,34018,0.0007170021533200845,0.445586872973987,1.7222704476421604,2,4215.547097266146
18,34092,0.0007183910881242719,0.46202960862221293,1.7286342994115005,2,4184.12758298898
18,34153,0.0007173163584142677,0.45817038541769656,1.7402232953176264,2,4180.885335967367
18,34166,0.0007184101182150527,0.45745288914913873,1.7370584622154923,2,4170.720890073891
18,34277,0.0007184431070859394,0.46338913127640896,1.7201440620352766,2,4206.788083186994
18,34412,0.000726729750388041,0.4954102810409923,1.835574984380367,2,4282.257539406807
18,34425,0.000727823510188826,0.49469278477243445,1.832410151278233,2,4237.235310690601
18,34523,0.0007174217260854049,0.4560710813300315,1.7409362333184066,2,4169.083350661385
18,34536,0.0007185154858861899,0.45535358506147366,1.7377714002162725,2,4165.521665499613
18,34647,0.0007185577597008585,0.46418594639384797,1.715620773124692,2,4234.491263000289
18,34684,0.0007185731340793715,0.44973609239934853,1.7518700826995364,2,4202.147325763943
18,34721,0.0007186070018205876,0.4637159335921951,1.7272239986072158,2,4203.219954538574
18,34832,0.0007277930549632613,0.48151057645772344,1.8491902729738592,2,4244.545972325932
18,35054,0.0007180399397429359,0.4627281594760829,1.726954323981537,2,4250.635705783017
18,35078,0.0007268743291717221,0.4945759590838354,1.8238637339994597,2,4292.258848986008
18,35091,0.000727968088972507,0.49385846281527757,1.8206989008973256,2,4292.039009807234
18,35128,0.0007279592838449762,0.505179384598671,1.8327389905219926,2,4273.205317568663
18,35313,0.0007181635919278131,0.4599938725734545,1.738187801566641,2,4216.170872103244
18,35374,0.000726805169963296,0.49358225261801625,1.8317063706950567,2,4256.399050117947
18,35387,0.000727898929764081,0.4928647563494584,1.8285415375929226,2,4261.759270500941
18,35646,0.0007183295180292343,0.4632497636547489,1.7469778893619725,2,4197.920612265543
18,35683,0.0007180165858697575,0.46294688018044244,1.725847270929413,2,4235.456621857104
18,35720,0.0007186562018803191,0.39120333164361026,1.73779477955592,2,4286.703242502123
18,35757,0.0007187034332295312,0.44042984727221046,1.7499127318404657,2,4161.673273426592
18,35868,0.0007276795760872064,0.5055968428320844,1.821106768523564,2,4293.267311993177
18,35905,0.000719144684355038,0.467786391813565,1.7559819143279576,2,4193.972456788488
18,35942,0.0007191604381498311,0.4339296445023445,1.7484419962986786,2,4150.84526052692
18,36016,0.0007276607145812162,0.48621903434664465,1.8393871703689884,2,4210.494540463755
18,36164,0.0007192287777543715,0.445721020373102,1.7571088809975723,2,4139.032147174039
18,36275,0.000719274978128756,0.45805501772377216,1.7497143787338263,2,4175.308009982678
18,36645,0.0007187064257181749,0.4616423529536645,1.7186985993408612,2,4200.685563492788
18,36780,0.000717721033203944,0.4515278913304207,1.7333359385652176,2,4147.6569914079255
18,36793,0.000718814793004729,0.4508103950618629,1.7301711054630835,2,4204.748359298233
18,36854,0.0007177550448157674,0.4522758374288277,1.7331677945462542,2,4177.88481159849
18,36867,0.0007188488046165523,0.4515583411602699,1.7300029614441201,2,4205.064349715048
18,36941,0.000718896312931534,0.46323702289779883,1.7352384016382083,2,4195.946616597659
18,36978,0.000718914470991524,0.4553900296730639,1.7507021465777794,2,4177.594781134388
18,37015,0.0007189163320042053,0.44479291891274214,1.751659479366254,2,4154.186386511574
18,37385,0.0007170255523209441,0.4508158011171153,1.738146997244644,2,4155.853756220507
18,37483,0.0007161417330372039,0.4485439986053137,1.7257794615221131,2,4167.70447436927
18,37496,0.0007172354928379888,0.44782650233675586,1.722614628419979,2,4163.891122581926
18,37533,0.0007172426287442308,0.4579500458000353,1.742069516726062,2,4183.552245628089
18,37557,0.0007270740850725167,0.4976787896279046,1.844534007880466,2,4272.407882205565
18,37570,0.0007281678448733017,0.4969612933593468,1.8413691747783318,2,4242.674364727659
18,37705,0.0007161806797528966,0.45489137708989485,1.7216533538487981,2,4172.337874516161
18,37718,0.0007172744395536816,0.45417388082133703,1.718488520746664,2,4204.171689115935
18,37792,0.0007172797478759014,0.45626825219988726,1.734837462918926,2,4210.959107939873
18,37903,0.0007281525867362112,0.4884847620592544,1.8459090734833232,2,4218.3490288747425
18,37977,0.0007173730060118751,0.42946346614202574,1.7336624697728125,2,4157.572855471017
18,38014,0.0007281386391892627,0.49116713244295096,1.847378849932861,2,4273.120504435466
18,38075,0.0007162872243852546,0.43698318443961287,1.727336233639195,2,4159.221064869573
18,38088,0.0007173809841860396,0.43626568817105504,1.724171400537061,2,4161.364052840454
18,38149,0.0007162941318977518,0.4532711950286811,1.7323441222809726,2,4188.796707849389
18,38162,0.0007173878916985367,0.45255369876012325,1.7291792891788385,2,4201.388142831264
18,38236,0.0007174022740628027,0.4612718564093034,1.7343783090348994,2,4213.653575864783
18,38334,0.0007271128552112147,0.5042134474275033,1.819929363390371,2,4343.680093148211
18,38347,0.0007282066150119997,0.5034959511589454,1.816764530288237,2,4296.710344520471
18,38371,0.0007160046180704656,0.4516915567850299,1.7055339449969575,2,4191.439789257233
18,38384,0.0007170983778712506,0.4509740605164721,1.7023691118948234,2,4233.896007716103
18,38556,0.000727104723699749,0.4895662884497823,1.8312863380084612,2,4250.979979103288
18,38569,0.000728198483500534,0.48884879218122446,1.828121504906327,2,4278.036863999097
18,38606,0.0007171246976085589,0.4468879663960102,1.7291713557975823,2,4192.615982653212
18,38717,0.0007171543109243726,0.3806767368177756,1.7209119960691155,2,4309.549419594403
18,38791,0.0007171752831169833,0.387584593335824,1.719574927581346,2,4264.27405491566
18,38815,0.0007270900046172261,0.4939828204906988,1.8362610466811693,2,4210.0249484154
18,38828,0.0007281837644180111,0.493265324222141,1.8330962135790352,2,4251.951637735796
19,187,0.0007111513299549347,0.4151587941041191,1.6480774108801164,2,4172.411988174023
19,409,0.0007112271596564477,0.42122554767109455,1.64380656148175,2,4168.571644669524
19,1186,0.0007109161219485707,0.41197420492915576,1.6377706704285828,2,4188.190473513083
19,1556,0.0008599516625073118,1.2821132127475035,3.6415310497046356,2,5025.956803806865
19,1778,0.0007118568190441867,0.411324092422121,1.6511190152642767,2,4186.489276371525
19,2074,0.0007357033121482638,0.5268512034047523,1.9058513771617072,2,4311.780655955194
19,2111,0.0007120075350039697,0.4159677148984538,1.6526837578724207,2,4194.352670312424
19,3184,0.0007357696040046019,0.5167208800289693,1.8979075107460668,2,4346.629902368445
19,3517,0.0007361487643047086,0.5267010617445875,1.9103242940021414,2,4375.083692947639
19,3554,0.0007099459081202316,0.4055608654806958,1.6358762570443495,2,4128.76202299407
19,3665,0.0007361418483292831,0.5051072247848083,1.9120458132370328,2,4356.081328703461
19,3826,0.0007111411993264327,0.35725308360612335,1.6603786160094611,2,4262.0736771822185
19,4072,0.0007100891918699651,0.41726847259930616,1.638853385182548,2,4149.491799525841
19,4085,0.0007111829516707501,0.41655097633074833,1.6356885520804139,2,4172.481196634328
19,4146,0.000736162499426449,0.526797267141832,1.8962845503727572,2,4401.58426538746
19,4664,0.0007097653947642003,0.40637473497636895,1.6364472105256735,2,4096.913771061619
19,4923,0.0007098301019911695,0.41232215281997303,1.6323202033573847,2,4100.90280673451
19,4960,0.0007361713581271213,0.5281168274418289,1.913809325758357,2,4342.228095746276
19,4973,0.0007372651179279062,0.527399331173271,1.910644492656223,2,4392.488109237093
19,5034,0.000710771255766342,0.41282439031012447,1.6340997892665639,2,4180.6251444289965
19,5256,0.0007105318337908302,0.40721248965372386,1.6473998877184541,2,4149.12021684527
19,5293,0.0007105616156008209,0.4099754517957138,1.637050592359139,2,4185.268471136302
19,5330,0.0007360066550666717,0.5263303650976923,1.9082090863893764,2,4358.177197508528
19,5478,0.000710614986755704,0.4172573663954701,1.6340349944638282,2,4182.21800930781
19,5885,0.000736098498516765,0.528640825531081,1.904324822579089,2,4347.389687620687
19,6070,0.0007101836575782719,0.4145990249104804,1.634631971486963,2,4141.619773174905
19,6329,0.0007102591110152727,0.4107641824084473,1.6295789828356637,2,4173.08758090388
19,6847,0.0007136398237260243,0.428386742403901,1.6642177213331317,2,4221.10113386983
19,6921,0.000713656753497403,0.4154815798624072,1.6790027418402016,2,4156.141625734114
19,6995,0.0007136875381122714,0.42693143886522894,1.6775253645442398,2,4119.196473525387
19,7069,0.000735310120120339,0.5127124518614086,1.9030996148535075,2,4353.571755787578
19,7328,0.0007352972006017099,0.5170952665267068,1.9062690940587828,2,4317.762361453457
19,7587,0.0007138883887675634,0.4250886558370619,1.6719540646013709,2,4180.5113451152165
19,7920,0.0007353879549407322,0.5179933979926343,1.9057805528762917,2,4311.3070876877155
19,8216,0.0007135330336008221,0.42043082640635276,1.677806885486785,2,4137.37529577742
19,8438,0.0007133591228724505,0.4140757786523925,1.6720314344614204,2,4161.340089727891
19,8549,0.0007143222608329572,0.42565516908979717,1.6766325753188884,2,4210.267428938408
19,8808,0.0007144129865809168,0.42860460314717674,1.686638591194964,2,4157.427635104376
19,9067,0.0007145213256043651,0.43138383683324877,1.677977302488651,2,4167.956923124192
19,9363,0.0007141885006127799,0.4299511609137094,1.679394489973327,2,4160.321202641831
19,9511,0.0007139858448915592,0.41759430340406234,1.6766145245159132,2,4204.166961275244
19,9598,0.0007150867247485394,0.3671533374726257,1.7037948901306395,2,4277.881284278006
19,9659,0.0007140049795494961,0.4313993222873491,1.6618865130428169,2,4207.437001868689
19,9881,0.0007352285846085072,0.5207705906577758,1.9025429678029466,2,4320.092083167054
19,10288,0.000712575523337529,0.4175381208355614,1.6619966255386436,2,4163.492582900735
19,10473,0.0007126495513165991,0.42285837377467717,1.6618956717160072,2,4118.151328613011
19,10658,0.0007126883253523734,0.4171270919122142,1.6587226433956614,2,4188.757596287143
19,10769,0.0007127464260442814,0.4252947244304966,1.6708560355259179,2,4108.682003122757
19,10782,0.0007138401858450664,0.42457722816193877,1.6676912024237838,2,4171.897825881897
19,11287,0.0007123109995159842,0.4260819427182852,1.6653212644377045,2,4207.111955021872
19,11300,0.0007134047593167691,0.4253644464497274,1.6621564313355703,2,4157.784920873133
19,11324,0.0007123212482177241,0.4123325546912532,1.6619110300524842,2,4162.127621568208
19,11509,0.0007123624201776464,0.42212965359737736,1.6592810192313137,2,4118.407781708063
19,11879,0.0007128288444169557,0.42665779894226086,1.6507878818708717,2,4196.3303069356425
19,11916,0.0007355086240138275,0.5150030211508712,1.8945903417790502,2,4366.86996614485
19,11953,0.0007131016549378125,0.4172290496945339,1.6643695001663306,2,4145.993749465305
19,12212,0.0007131428350327322,0.41568518465479987,1.6678015313219245,2,4183.207584630182
19,12545,0.0007132578460335222,0.43123767639354316,1.666368104631148,2,4152.6674715452955
19,12693,0.0007355211577886134,0.5174036314870976,1.8985597395860339,2,4319.306121945596
19,12767,0.0007130465511660826,0.4277853128198525,1.673845410863059,2,4215.465474874471
19,12780,0.0007141403109668675,0.42706781655129467,1.6706805777609248,2,4195.960540248206
19,13137,0.0007129265595765684,0.4213166680004045,1.655751164907674,2,4179.44850025317
19,13211,0.0007129400165876258,0.40907024399341024,1.6709391201677886,2,4162.1133070162105
19,13248,0.0007129430723332299,0.4213121919514665,1.6720060602086253,2,4174.931784247922
19,13581,0.0007095356806286563,0.4139136863352207,1.6289084738485404,2,4142.505770601131
19,14099,0.0007057507843108987,0.3965704138033877,1.5951203513672167,2,4088.645432861265
19,14358,0.0007055659538480371,0.39490538187984603,1.5892752738174918,2,4119.136954108723
19,14395,0.0007058588129110326,0.39898088035579243,1.5967145571635828,2,4115.847336648253
19,14445,0.0007066562986764198,0.3402308379205995,1.6161323989703018,2,4218.372545015481
19,14469,0.0007370487439791007,0.5332324892675853,1.913132386617191,2,4362.109729868395
19,14913,0.0007054116948349484,0.3980531742508653,1.578731596807457,2,4120.903589072786
19,15024,0.0007370721903952746,0.5212716938577566,1.9191191165954447,2,4375.76320655666
19,15283,0.0007370053578561121,0.5170975479519972,1.9221252926913959,2,4362.573407677777
19,15320,0.0007058832343530235,0.4004311106825106,1.5995095483146236,2,4105.651985436661
19,15333,0.0007069769941538084,0.39971361441395276,1.5963447152124894,2,4131.109109271667
19,15616,0.0007064023448422171,0.3972447174130387,1.6006987657915688,2,4137.023468907681
19,15875,0.0007065028409728467,0.40412766549641543,1.597888473936552,2,4098.3291656447045
19,16060,0.0007062398376094968,0.3960918130262126,1.5906290507118002,2,4142.124833468987
19,16282,0.0007059988664124618,0.39008285493949946,1.5964491867069075,2,4104.530814693465
19,16356,0.0007060153472883658,0.39879720626602244,1.602529154351991,2,4079.3180909101857
19,16369,0.0007071091070891507,0.3980797099974646,1.599364321249857,2,4183.082687019257
19,16393,0.0007369873120508645,0.534345380222915,1.9055844959957033,2,4376.882342091634
19,16430,0.0007369866096739498,0.5355041992736675,1.911814505917225,2,4358.991796321511
19,16480,0.0007071166915348272,0.34099127243967825,1.6228985162465517,2,4213.5031130805155
19,16504,0.0007369756890289131,0.5330263058505189,1.901392176457229,2,4353.694582197433
19,16689,0.0007061056308716959,0.3944057294608532,1.5956041867696604,2,4144.752571547257
19,16800,0.0007369638517462177,0.5368412730571419,1.899370154220254,2,4397.5389069980565
19,17109,0.0007053760125989527,0.33859234345977934,1.6017340221050202,2,4209.330408957329
19,17355,0.0007044405761409905,0.3859033500890266,1.5777414973625357,2,4068.0233057465125
19,18021,0.0007039022368106523,0.390305915076893,1.5679487698250585,2,4134.759831152125
19,18132,0.000703975126850421,0.389776981197167,1.5775627182947767,2,4073.9822101528316
19,18317,0.0007040589235268386,0.38254712131365726,1.5796720721909792,2,4100.826290944517
19,18367,0.000705169903852652,0.3365039175832146,1.5995317751380382,2,4224.383850665301
19,18441,0.000705195047321967,0.338804131654147,1.6019020927112355,2,4226.036996273765
19,18502,0.0008040040462590395,0.9058961082203543,2.7479010130803383,2,4754.844027381106
19,18761,0.0007371699355972565,0.5260232978946175,1.91869477432302,2,4360.928928573497
19,18835,0.0007371678840741698,0.5322978328569279,1.9134788035591903,2,4382.24381174427
19,18872,0.0007371676237253198,0.5387152220967111,1.9083976629247565,2,4375.358852658155
19,18946,0.0007049233836918511,0.396612549404837,1.5749936808578948,2,4100.8927846292945
19,18983,0.0007049235294338005,0.34093215585801473,1.580506893669048,2,4229.864537921272
19,19020,0.0007049294997705167,0.38215580577912966,1.5878209894281254,2,4119.503655922776
19,19538,0.0007371730399567083,0.5326773720187428,1.9280857350994576,2,4340.813860602786
19,19551,0.0007382667997574933,0.5319598757501849,1.9249209019973235,2,4386.305935315515
19,20241,0.0007047809885123632,0.39197865586801406,1.5765560812636683,2,4105.588943480242
19,20315,0.0007048656782179007,0.38895776270370236,1.5780965854751645,2,4125.8396661728275
19,20463,0.0007085343983642678,0.4059449617531669,1.6226085262141168,2,4145.221425350899
19,20574,0.0007085761684944403,0.4059345327916945,1.6161967026144588,2,4127.9632278320905
19,20685,0.00070862829288021,0.4057908217989016,1.6265510158911762,2,4113.930508809334
19,20759,0.0007086535614193622,0.35256122323226,1.616235035711145,2,4262.170984281966
19,21364,0.0007376045371392682,0.4465031924787314,1.9398973724710529,2,4407.220975301877
19,21475,0.0007093430205043732,0.34918864684487677,1.64390806086047,2,4265.92105687019
19,21573,0.0007364984418900069,0.5256568230139833,1.901690293000435,2,4358.746846134371
19,21610,0.0007082815476314542,0.40511957624475603,1.6202510933949539,2,4132.289013994692
19,21943,0.0007084795594190282,0.40834940103771344,1.6180149739515748,2,4121.610009847605
19,22091,0.0007363962689971262,0.5067484076108115,1.9180288334608706,2,4354.60036733277
19,22128,0.0007088621928476441,0.4111159531290665,1.6107957377360098,2,4161.369665822362
19,22350,0.0007363003070291438,0.526875588263908,1.9097507611656783,2,4377.477291383953
19,22424,0.0007362945003812594,0.5340958709623791,1.8962687872850095,2,4376.80034110102
19,22535,0.0007094280818416121,0.4139425309514334,1.6376956682399588,2,4132.147735245363
19,22548,0.000710521841642397,0.4132250346828756,1.6345308351378247,2,4158.417004922871
19,22572,0.0007094333432139365,0.4134757275595111,1.6263608561246325,2,4162.054215728309
19,22609,0.0007094604317538165,0.4065188906922614,1.623679084394706,2,4165.640563566337
19,22683,0.0007094727658517233,0.4121387119116346,1.6270902821030504,2,4136.463771970978
19,22757,0.0007094963747946472,0.4102048170380003,1.6202540080108798,2,4168.51004351776
19,22794,0.0007094966941549512,0.41027605536302447,1.6311959607545186,2,4122.33439638032
19,23053,0.0007088669134684925,0.4121576760978323,1.6316918279246886,2,4133.712566217565
19,23066,0.0007099606732692775,0.4114401798292745,1.6285269948225545,2,4152.973773466337
19,23201,0.0007363859108117143,0.5313267143659932,1.8981592922868415,2,4365.782093447089
19,23312,0.0007363823267505261,0.5112751924461125,1.9171690019152539,2,4331.708173618307
19,23608,0.0007090262668637474,0.40462994488625564,1.623427482144802,2,4166.63034229286
19,23941,0.0007071493821361891,0.3468774931580089,1.6041291584544857,2,4248.529681717673
19,24126,0.0007072129784560448,0.406056147881568,1.6013062012641928,2,4115.949530277315
19,24200,0.0007367242960814069,0.5369393837515064,1.8993205298780944,2,4370.841872015376
19,24237,0.0007367237206573158,0.5050659026311002,1.9216256244188967,2,4343.593832895047
19,24681,0.0007069907239411033,0.4028045885320718,1.6085303950243903,2,4105.311893743673
19,24792,0.0007066625330091474,0.39226992660820137,1.5995259693107102,2,4146.283854575293
19,25088,0.0007068048497238026,0.39973436052088746,1.6040539184272147,2,4104.071551090725
19,25125,0.0007368231972036849,0.5331806179356768,1.9074421569067892,2,4378.105102150231
19,25532,0.0007074696941764061,0.39453711307896067,1.6091984040236396,2,4127.235178373339
19,25582,0.0007089317134622351,0.3489942802565735,1.6357788765239971,2,4228.285092739909
19,25717,0.0007079051621659342,0.40875897834962327,1.613637554994849,2,4113.000236625679
19,26087,0.0007080782997896441,0.40237464231871,1.6138033815630495,2,4156.114372763688
19,26938,0.0007366323651976183,0.5280165353240103,1.920501375488304,2,4345.88211328864
19,26951,0.0007377261249984033,0.5272990390554524,1.91733654238617,2,4324.128486219118
19,27086,0.000736619449774609,0.5338131569023368,1.9133630681005833,2,4343.121963262163
19,27456,0.0007214597518933822,0.46175916923262733,1.740167326022124,2,4263.494659051667
19,27567,0.0007335643726103546,0.5186169581776172,1.8623255792653592,2,4356.339697807453
19,27863,0.0007215451706121168,0.4552207733080998,1.7525513234606491,2,4259.488863829964
19,28159,0.0007210213120658483,0.4547029301568959,1.7530292267551753,2,4225.666358509496
19,28196,0.0007210303306425506,0.44675702670450773,1.755679250356267,2,4232.012167814015
19,28270,0.0007210575780003409,0.4639809619552009,1.7359249799004732,2,4279.330833897082
19,28381,0.0007211482183169495,0.45829062000508886,1.74551022993427,2,4254.618014612269
19,28492,0.0007336236364604192,0.509432944320299,1.8737999281618232,2,4332.151498098765
19,28542,0.0007222992509038947,0.38917028104015555,1.7774408228297855,2,4325.867440956024
19,28862,0.0007210017145679503,0.4626876424574361,1.747515205882953,2,4196.0596657389
19,29047,0.0007334408261998841,0.43620274133131287,1.887517465127131,2,4429.191162320437
19,29084,0.0007219670235470389,0.46102028250635074,1.7463684943261395,2,4291.915508271382
19,29121,0.0007219729990407138,0.46670412402278694,1.7548887724765834,2,4217.659221550831
19,29454,0.0007334044511692669,0.5111734266788817,1.8792230763156383,2,4300.491121807312
19,29787,0.0007218085972626821,0.44462495722728224,1.7602912709852045,2,4215.242573470824
19,29972,0.0007216272802447368,0.4535495272699485,1.754271648147117,2,4234.288095689679
19,30083,0.0007216848577995853,0.45466763910126773,1.7633047453585924,2,4204.118864354962
19,30601,0.0007210012641040629,0.45147856927957714,1.7467973432219601,2,4233.530638443404
19,30786,0.0007202391757285703,0.45701392743383995,1.7295528967085227,2,4249.895074965824
19,30897,0.0007202568569757364,0.4599781243154773,1.7232217667858534,2,4253.014692980471
19,30971,0.0007202679304554414,0.44921710844171553,1.7411964683063579,2,4228.08627707305
19,31230,0.0007203634172701576,0.4624277689453724,1.73824050871106,2,4236.423970455394
19,31304,0.0007203869551297743,0.44980721931806256,1.7384894887454616,2,4268.500360130152
19,31378,0.000720213327222009,0.44477308265408527,1.7415300656857873,2,4202.742941927146
19,31452,0.0007202085053156977,0.4539484699426246,1.7275889344745907,2,4271.212915497252
19,31563,0.0007339629034918602,0.5201420154063128,1.8739295855690692,2,4356.497361490858
19,31674,0.0007199482160398558,0.44572822774974385,1.7378545601682303,2,4224.394239323557
19,32155,0.0007201285036240894,0.43496211148311836,1.7438289208868316,2,4247.554922760725
19,32488,0.0007207765067281494,0.450538655607851,1.7523977623944296,2,4186.641028921293
19,32525,0.0007207873311637494,0.46194878327588834,1.7314560468930653,2,4235.231045175923
19,32562,0.0007208050120290832,0.44366926209406393,1.749508706884055,2,4226.413898091279
19,32747,0.0007208467993024264,0.4622627066262939,1.7447499045070176,2,4205.355457766136
19,32784,0.0007208496924699145,0.448265251088232,1.7539042068710116,2,4184.1401658779805
19,32858,0.0007209032008163599,0.460543675346679,1.7319884447868699,2,4223.240802594945
19,32895,0.000720910570290454,0.463118804535368,1.7476862431203446,2,4184.336521316017
19,32908,0.000722004330091239,0.4624013082668102,1.7445214100182105,2,4272.299539853507
19,32945,0.000722012071907409,0.3917066528420423,1.774653802341757,2,4345.813763118103
19,33080,0.0007337776517815051,0.5184008764650807,1.8790030634968373,2,4328.091861671674
19,33154,0.0007206813009022904,0.44637201487407735,1.744226064645643,2,4236.086312640257
19,33426,0.0007216103405488376,0.3895021502248762,1.7692866411241448,2,4337.593913631357
19,33450,0.0007205168784389329,0.4586559956936811,1.7323221812442018,2,4235.8167304447425
19,33561,0.0007205334530167668,0.4616449941068451,1.7506365844413248,2,4148.6381148341925
19,33574,0.0007216272128175517,0.4609274978382873,1.7474717513391906,2,4272.770096100664
19,33635,0.000733809393619867,0.5221561226713676,1.8672811555228277,2,4355.841345481479
19,33672,0.0007205618397924023,0.4489811295676136,1.7405556173320802,2,4211.320649635277
19,33931,0.0007206750801092694,0.4593738134214765,1.737770246940609,2,4237.69949281333
19,33968,0.000719860060308419,0.46035205854793493,1.737849090789754,2,4221.129914580639
19,33981,0.0007209538201092039,0.4596345622793771,1.7346842576876198,2,4270.009976240558
19,34042,0.0007222014135079164,0.45235797386455,1.758674080783763,2,4214.107178204785
19,34338,0.0007236244378399067,0.45428169193958784,1.779527178420885,2,4247.848510726247
19,34486,0.0007236758441999965,0.46395259031090275,1.7758654319849294,2,4270.407489230809
19,34856,0.000733022732322513,0.5195657848208546,1.8650675799584036,2,4353.585514528719
19,34980,0.0007242916615988772,0.3989201400529212,1.7974484607537646,2,4351.017992806104
19,35448,0.0007234201176405494,0.4642233952132338,1.7785607329777917,2,4270.912342080316
19,35559,0.0007234522667027474,0.46716144831118184,1.776272050031397,2,4240.760121095126
19,35633,0.0007234966800159333,0.4682836742297924,1.7646909715749082,2,4287.7335742219275
19,35781,0.000724259664742277,0.467475507569189,1.7895660225793533,2,4254.58250954203
19,35892,0.0007243118463417371,0.4728203023886085,1.7736949965408932,2,4282.18413460035
19,36114,0.0007243765043074461,0.4756646790955782,1.7787230643143146,2,4257.4342454321195
19,36336,0.0007328022825777884,0.5175973124572526,1.8529707799799064,2,4338.906981372138
19,36410,0.0007328001811448203,0.5135438898959701,1.8746722030180345,2,4279.950657839839
19,36423,0.0007338939409456053,0.5128263936274123,1.8715073699159004,2,4363.775768926868
19,36521,0.0007238512973328366,0.4631899782074476,1.7829195671573892,2,4214.126921200038
19,36743,0.0007239437361446843,0.4619324951591418,1.7781925680011952,2,4288.734341954973
19,36891,0.000732900605258371,0.5154661527572624,1.868127183197027,2,4352.457925464179
19,37261,0.0007328857868394534,0.5095473851308847,1.8763665548842132,2,4291.30048384901
19,37372,0.0007221927143076432,0.45584971169215877,1.7558600794575796,2,4242.200664399077
19,37409,0.0007231827286919869,0.45697486991971437,1.767905522081486,2,4236.140641197705
19,37520,0.0007224097907309299,0.4629839563750788,1.7597825989389977,2,4242.8507471350285
19,37779,0.0007224469098626005,0.46130216277493075,1.7525505451318617,2,4250.794752905076
19,38038,0.0007225479668877977,0.445452177648259,1.7697192707717186,2,4258.454824537472
19,38223,0.0007225694360495018,0.4663057669843469,1.752091391247835,2,4281.513764599062
19,38260,0.0007224001345810798,0.45249912349493293,1.7664075440171234,2,4241.782817557331
19,38408,0.0007222681868338262,0.4536580938829108,1.7598527519307778,2,4227.231712100182
19,38445,0.0007222820376190935,0.45030521189147205,1.7674784103343129,2,4229.510626664551
19,38519,0.0007222842974701359,0.4666097097619718,1.7562927749477797,2,4215.767004920899
19,38630,0.0007223015883240048,0.4626935962169351,1.761189986873514,2,4252.95406146472
19,38741,0.0007223367235842159,0.46431216153640104,1.7620646380682734,2,4241.77386454606
20,75,0.0007254380274368355,0.486402702213077,1.8206330357740965,2,4208.449977437975
20,149,0.0007006903422970051,0.3864925647011249,1.5566432037990159,2,4077.6399238085155
20,164,0.0006995329982015518,0.38607992386104356,1.558988885479858,2,4052.0101179287913
20,704,0.0007009146705599584,0.38806239242437857,1.5598934528827326,2,4082.680630689522
20,719,0.0006997573264645051,0.3876497515842972,1.5622391345635747,2,4022.048460980621
20,926,0.0007004001854158686,0.3884288958220029,1.5542770134740898,2,4038.758512341159
20,963,0.0007004019953220418,0.39075229308008497,1.5599343290825864,2,4090.471092645251
20,1259,0.0007254758690783125,0.4967634093429517,1.8179442744713137,2,4244.887759652901
20,1333,0.0007254714672314497,0.49385704893734184,1.8152547312771912,2,4237.325212634659
20,1888,0.0007014457375050183,0.38232158736765304,1.5781435641840835,2,4064.4248088391364
20,2369,0.0007016403051516265,0.38762295310243455,1.5806346055997724,2,4070.863125891089
20,2480,0.0007009410402051617,0.38721947078506697,1.5609598043609798,2,4048.4920562683456
20,2495,0.0006997836961097084,0.3868068299449856,1.5633054860418218,2,4051.536876752785
20,2813,0.0007253473390005789,0.48351397923955913,1.8203135773833805,2,4253.592874496636
20,3035,0.0007011620970332606,0.39112003213496155,1.5703156535657885,2,4095.0201457199373
20,3738,0.0006995722685291054,0.38665037275660624,1.556145518147783,2,4023.2798434956985
20,4441,0.0006992271601802374,0.3854525153938438,1.5475161504381219,2,4020.326604177995
20,5107,0.0006996694826122317,0.38250952893710277,1.557083059397364,2,4026.4397548811476
20,5144,0.0007000550434236441,0.38464840428425834,1.564631960350903,2,4035.5860414526574
20,5381,0.0006989739875626627,0.33065656237223784,1.5714996053285846,2,4125.572095632742
20,6106,0.0006997355226803758,0.37132781553706384,1.559701826404273,2,4022.150089180335
20,6143,0.0006997361829549715,0.38746787938622707,1.548027104890043,2,4057.9041355342615
20,6291,0.0006997840812840697,0.38584271735168885,1.554603178539166,2,4080.8818963025933
20,6772,0.0007252046141506729,0.4817634735092843,1.817349019710567,2,4236.3313979778395
20,7179,0.0007032998295571215,0.395832315298391,1.596270047405305,2,4067.3776690228797
20,7475,0.0007033669791748861,0.3908063287350281,1.5968516359077969,2,4031.464611090051
20,7697,0.000724952587742412,0.4795645827718181,1.821135682797712,2,4218.767109528573
20,8030,0.0007030344103052317,0.3968541769581419,1.5781069398988927,2,4108.148813289634
20,8045,0.0007018770662097784,0.39644153611806054,1.5804526215797348,2,4053.0281313488913
20,8067,0.0007249174541748261,0.48933997565476184,1.8196656667966156,2,4218.538389332828
20,8412,0.0007020889583781973,0.34115263996594203,1.6120912569577752,2,4171.166241958025
20,8415,0.0007019545256840677,0.33918692479455526,1.6019149585009858,2,4148.738256173079
20,8474,0.0007034410476766126,0.39725697621969075,1.5886080083518563,2,4068.7251163465967
20,9029,0.0007040559263281997,0.40348053923687177,1.6029284409980873,2,4110.470868832483
20,9251,0.0007038294258923249,0.4041296490174503,1.6005444120025556,2,4109.854995615205
20,9288,0.0007248160170717676,0.4896089125258654,1.80044926510601,2,4218.593114088388
20,9303,0.0007236586729763143,0.48919627168578406,1.8027949467868518,2,4218.535399397246
20,9399,0.000724814748458965,0.49357848663896,1.8132122917331566,2,4207.637306298221
20,9695,0.0007035783101032679,0.3975968012891151,1.6012234991548242,2,4059.500682898804
20,9917,0.0007036799619690911,0.4030552750491377,1.597208933441494,2,4079.5310370795114
20,10028,0.0007037093352689715,0.399752466098457,1.5906127937170602,2,4123.875791903201
20,10065,0.0007247639161049608,0.49351745246311984,1.802586643730646,2,4272.677306465441
20,10842,0.0007023216384104443,0.3982046125560166,1.5823538024565975,2,4082.379663313877
20,11138,0.0007251942905745489,0.4777743780560137,1.8199400890773028,2,4212.048716618475
20,11730,0.0007020321178429505,0.3951168777614714,1.5727911243248136,2,4039.330977293461
20,11804,0.0007020403116327662,0.39288149077876405,1.5696335655826203,2,4071.381985877682
20,11819,0.0007008829675373129,0.3924688499386827,1.5719792472634622,2,4034.6699119177074
20,12137,0.000702683159589593,0.38961778216806264,1.5823897642403162,2,4045.7884433608647
20,12359,0.0007027340119048223,0.3933287129500923,1.5925777498302625,2,4051.6300481407516
20,12803,0.0007024290198965588,0.38597082071748556,1.5820226309360954,2,4097.215488905728
20,12840,0.0007024405948716876,0.395995923601005,1.5729779885345225,2,4086.2576484115884
20,13333,0.0007014920315317987,0.33939248053491894,1.6042108622920357,2,4151.532539967236
20,13444,0.0007015522514225661,0.3389659530933834,1.6083319897978405,2,4148.781713695262
20,13447,0.0007014178187284365,0.3370002379219966,1.598155691341051,2,4168.443225180822
20,14690,0.0007266391644595092,0.49474923885985067,1.8287313407057713,2,4241.866598933787
20,15800,0.0007264393697115035,0.4942166096252001,1.8342722963909894,2,4299.721974563604
20,15911,0.0006960729095224947,0.37015221505627544,1.5217982819282185,2,4014.250798141489
20,15948,0.0006960762370328094,0.3703168248360615,1.5152447736486478,2,4020.2401466355477
20,16207,0.0006954627147865853,0.3719198697385655,1.515700807684488,2,4031.8741627336212
20,16836,0.000695712659042453,0.37011833747577577,1.509811164406979,2,4015.9026831845226
20,17206,0.0006938471834520226,0.3613811435087606,1.4962508034829736,2,4014.2530021004322
20,17428,0.0006940000662598588,0.35911847056554447,1.4980061633025423,2,4010.761912229723
20,17983,0.0006934402243307661,0.3595523305905659,1.4902759948356745,2,4010.485810861295
20,18390,0.0007268871752350221,0.5033707633756783,1.820214690318534,2,4317.521970517566
20,18538,0.0007268721699157232,0.5037083628347677,1.819232307377172,2,4307.244282840206
20,18723,0.0006941244046791835,0.3613391967464431,1.4947575627894951,2,4025.099967336089
20,19204,0.0006945853511139869,0.36400960627412204,1.5015581783800962,2,4009.4202893006986
20,19796,0.0006941753510361342,0.36704953167846244,1.4990168051556745,2,4007.173635848627
20,20277,0.0006943427249374926,0.36470400374808404,1.496208658854677,2,4018.857861270628
20,20351,0.0006990671571527711,0.379209780500206,1.5486996118045722,2,4033.076374021062
20,20425,0.0006961508275496618,0.3615302064230357,1.52161918398088,2,4004.0586379816486
20,21313,0.0007260547178598174,0.4987853163538727,1.8219114350034076,2,4228.858673141499
20,21387,0.0007260532576298567,0.49134289400957076,1.8312759805016527,2,4231.651269704604
20,21757,0.0007260168257680969,0.4938026773046966,1.8231779861149597,2,4253.219588801246
20,21794,0.0006979401241879666,0.36623015426867794,1.5421001608516869,2,4002.56932519973
20,22065,0.0007250319384843637,0.41463622522409166,1.8533297616060074,2,4226.186404178233
20,22068,0.0007248975057902341,0.4126705100527049,1.843153463149218,2,4309.7633248918455
20,22645,0.000725814556718824,0.48528109324455454,1.8266101409044087,2,4271.190329887535
20,23385,0.0006984829168808917,0.378255732681092,1.5415549888849498,2,4004.281162189537
20,23434,0.0007248938799146884,0.41458991324331285,1.8442748448975659,2,4209.070519598094
20,23644,0.0006985746440007639,0.3808048388596528,1.5433400880592019,2,4049.6761903413308
20,24606,0.0006969743818208457,0.37376183103688126,1.5327622357508734,2,4024.2959003280685
20,24865,0.0006962410226823984,0.36975164521576176,1.5151048676662884,2,3991.3410350275
20,24902,0.000696265272396062,0.37382423347553956,1.5189174749682854,2,4022.6669709143234
20,25161,0.0006963951334178072,0.3748791112183901,1.5277099761173158,2,4053.1538755921088
20,25420,0.0006965637662603492,0.3685835113135988,1.5202778525114917,2,4051.193971377097
20,25605,0.0007261441620510635,0.4819614984365662,1.830911287666267,2,4237.42745125945
20,26160,0.0006976635350270737,0.36695235301270474,1.5378286047996552,2,4011.0832095562923
20,27011,0.0006972596575018663,0.378573570368448,1.5331532668601435,2,4005.882100362348
20,27122,0.0006973181241531422,0.3680205584348671,1.5318859127373274,2,4004.849131445173
20,27307,0.0007109274614095497,0.420508560872355,1.6740102495980507,2,4074.1366890222616
20,27529,0.0007110188923396323,0.4222975646890884,1.6728420017555758,2,4176.548375333257
20,27825,0.0007230918554132741,0.47900247693008,1.7866222652337558,2,4233.832606591661
20,27840,0.0007219345113178208,0.47858983608999867,1.7889679469145976,2,4205.4782303063375
20,28343,0.0007106313903722249,0.42764182715097565,1.6708503420657779,2,4116.364978892924
20,28639,0.0007108108018105862,0.36726182537033564,1.6632424628823355,2,4222.486295468293
20,28824,0.000710850725195765,0.4199787680817442,1.6713267620584968,2,4076.707506505462
20,28935,0.000723087988917931,0.4867434419958686,1.7850562882554009,2,4273.063614734014
20,28972,0.0007113986305446627,0.41533331974007537,1.676659461968954,2,4080.335738986224
20,29305,0.0007115869210392206,0.4255233339117807,1.6679483871381042,2,4141.044110508284
20,29320,0.0007104295769437673,0.42511069307169935,1.670294068818946,2,4106.065112717226
20,29749,0.0007230138841320333,0.4730622240235173,1.7922169742246166,2,4224.036572692419
20,30341,0.0007113109007472381,0.41994888775203276,1.6719562010865545,2,4101.098789114342
20,30378,0.0007113180199954999,0.43001388909787347,1.6756743303930788,2,4134.478375824874
20,31118,0.0007233917795843173,0.4808052622553071,1.8005112681074078,2,4201.09921858542
20,31747,0.0007095180027110094,0.4200960068732206,1.655211272006601,2,4086.2302829069185
20,32129,0.0007086386527843274,0.36099149498089317,1.6736967182768356,2,4118.013208239361
20,33301,0.0007100461393953507,0.4293103179855368,1.656902948926259,2,4103.731985331101
20,33856,0.0007101667293641136,0.4137655848480709,1.6663522533359076,2,4094.969998013618
20,34004,0.0007117131112861081,0.4371126827416325,1.6749286187673988,2,4173.584696626954
20,35373,0.0007226098877301046,0.4843905661171039,1.781199708718161,2,4269.821721740493
20,35928,0.0007138713961158548,0.42545545426999,1.701100167423917,2,4150.153591770871
20,36002,0.0007223716725472399,0.47774484411429013,1.7920453414942268,2,4248.292441300243
20,36779,0.0007135257509707526,0.44233620482950836,1.682829276588322,2,4164.401581387043
20,36853,0.000713559762582576,0.44308415092791537,1.6826611325693586,2,4148.856246304989
20,37753,0.0007109653071685684,0.3674336618413135,1.7019076098719397,2,4173.22277648113
20,37889,0.0007228635447022348,0.4800105718268999,1.7985672446085617,2,4229.390754690869
20,37963,0.0007120839639778988,0.4209892759096712,1.686320640898051,2,4104.147228223288
20,38000,0.0007228495971552864,0.48269294221059644,1.8000370210580994,2,4251.3315159514705
20,38074,0.0007120919421520633,0.4277914979387005,1.6768295716622994,2,4142.663760394032
20,38555,0.0007229094414665576,0.48037460194886994,1.7807796760315655,2,4236.779161380218
20,38570,0.0007217520973711043,0.4799619611087886,1.7831253577124075,2,4204.292535869178
20,38814,0.0007228947223840347,0.48479113398978646,1.7857543847042736,2,4274.523246005633
21,75,0.0007254389939570544,0.4837909528966733,1.822951992835472,2,4274.546853723825
21,149,0.000700691308817224,0.3838808153847212,1.5589621608603914,2,4053.5973320849453
21,704,0.0007009156370801773,0.38545064310797483,1.5622124099441081,2,4016.4249843686184
21,926,0.0007004011519360875,0.3858171465055992,1.5565959705354653,2,4078.094018639864
21,963,0.0007004029618422607,0.38814054376368123,1.562253286143962,2,4085.074081394211
21,1037,0.0007004170468164258,0.38956945436662377,1.5553048374435072,2,4057.865925869812
21,1259,0.0007254768355985314,0.494151660026548,1.8202632315326892,2,4222.73573576888
21,1333,0.0007254724337516686,0.4912452996209381,1.8175736883385667,2,4239.288230268322
21,1962,0.0007014624861278572,0.3928052779334282,1.57428181711234,2,4091.4786932884294
21,2480,0.0007009420067253806,0.38460772146866323,1.5632787614223553,2,4061.815758721858
21,2813,0.0007253483055207978,0.4809022299231554,1.822632534444756,2,4209.930020098502
21,3035,0.0007011630635534795,0.3885082828185578,1.572634610627164,2,4043.1478358538325
21,3220,0.0007012577827641653,0.393311961827197,1.569912756638525,2,4065.3587674104742
21,3738,0.0006995732350493243,0.3840386234402025,1.5584644752091585,2,4037.889087927693
21,4441,0.0006992281267004563,0.38284076607744005,1.5498351074994974,2,4052.650384838659
21,4863,0.0006982115438353176,0.32886112725503236,1.5674705516579563,2,4134.476387108083
21,5107,0.0006996704491324506,0.37989777962069904,1.5594020164587394,2,4076.7712849375116
21,5378,0.0006991093867770112,0.3300105282272209,1.5839948608467498,2,4149.155983731805
21,5995,0.0006996816847602993,0.38580446547743713,1.5538127108158868,2,4073.6090961825143
21,6143,0.0006997371494751904,0.38485613006982333,1.5503460619514184,2,4063.587982815499
21,6291,0.0006997850478042886,0.3832309680352851,1.5569221356005416,2,4034.3304616264722
21,6772,0.0007252055806708918,0.47915172419288055,1.8196679767719426,2,4245.537551987875
21,7265,0.0007238191638366208,0.4091189073215169,1.8319653743121966,2,4320.10783036209
21,7882,0.0007249335910669437,0.4950002764981154,1.8048077260337665,2,4233.998331642638
21,8030,0.0007030353768254506,0.39424242764173817,1.5804258969602683,2,4044.7217124445674
21,8045,0.0007018780327299973,0.3938297868016568,1.5827715786411103,2,4083.500826647274
21,8067,0.000724918420695045,0.4867282263383581,1.821984623857991,2,4222.7646678452165
21,8412,0.0007020899248984162,0.3385408906495383,1.6144102140191507,2,4148.393318342685
21,8474,0.0007034420141968315,0.394645226903287,1.5909269654132319,2,4062.1151341628674
21,9029,0.0007040568928484186,0.40086878992046804,1.6052473980594628,2,4043.3673344750014
21,9251,0.0007038303924125438,0.40151789970104657,1.6028633690639311,2,4100.563437756689
21,9288,0.0007248169835919865,0.4869971632094617,1.8027682221673855,2,4242.619344917874
21,9303,0.0007236596394965332,0.4865845223693803,1.8051139038482273,2,4216.116577294273
21,9399,0.0007248157149791839,0.49096673732255625,1.815531248794532,2,4218.220134220407
21,9917,0.00070368092848931,0.40044352573273395,1.5995278905028696,2,4076.32409276397
21,10028,0.0007037103017891904,0.39714071678205326,1.5929317507784357,2,4060.017167916478
21,10065,0.0007247648826251797,0.4909057031467161,1.8049056007920214,2,4231.729030330077
21,10842,0.0007023226049306632,0.39559286323961285,1.584672759517973,2,4097.636681699994
21,11101,0.0007017516998385733,0.3960196414882907,1.5749800978787434,2,4075.9796179984155
21,11138,0.0007251952570947678,0.47516262873960996,1.8222590461386783,2,4212.218559713885
21,11631,0.0007241285274388666,0.4124110765891472,1.8428408646802446,2,4215.190757113974
21,11634,0.000723994094744737,0.41044536141776045,1.832664566223455,2,4325.278568816861
21,11730,0.0007020330843631694,0.3925051284450677,1.5751100813861891,2,4060.6118338461697
21,11804,0.0007020412781529851,0.3902697414623603,1.5719525226439959,2,4026.853088180262
21,11819,0.0007008839340575318,0.38985710062227896,1.5742982043248377,2,4049.512055136701
21,11989,0.0007026490251182116,0.3968670473892517,1.5733701003971956,2,4043.0310795937817
21,12137,0.0007026841261098119,0.3870060328516589,1.5847087213016917,2,4084.283704059238
21,12803,0.0007024299864167777,0.38335907140108183,1.584341587997471,2,4020.824033563434
21,12840,0.0007024415613919065,0.39338417428460126,1.575296945595898,2,4095.990012256291
21,12855,0.0007012842172964532,0.3929715334445199,1.5776426272767399,2,4044.655178526088
21,12877,0.000702442832224715,0.3971117518822376,1.5694539121957127,2,4087.977084072924
21,13333,0.0007014929980520176,0.3367807312185152,1.6065298193534112,2,4132.736265814571
21,13395,0.0007025660253468323,0.3976096757251978,1.572294671716611,2,4085.179882598495
21,13447,0.0007014187852486554,0.3343884886055929,1.6004746484024266,2,4131.72808660417
21,13706,0.0006939864039259998,0.3167232962522949,1.5231856732145643,2,4045.825301794751
21,13839,0.000695200377534462,0.3701822942750274,1.5044177487296888,2,4022.7724516109065
21,14690,0.0007266401309797281,0.49213748954344694,1.8310502977671468,2,4223.52310095308
21,15800,0.0007264403362317224,0.49160486030879635,1.836591253452365,2,4194.027130237476
21,15911,0.0006960738760427136,0.3675404657398717,1.524117238989594,2,4054.516109910297
21,15948,0.0006960772035530283,0.36770507551965775,1.5175637307100234,2,4050.970710545459
21,16170,0.0006957366463793493,0.36969574399320165,1.5068230240707354,2,4019.4785741801397
21,16185,0.000694579302283896,0.3692831031531203,1.5091687057515775,2,4018.508054838607
21,16207,0.0006954636813068042,0.36930812042216177,1.5180197647458635,2,4041.3235726083753
21,16244,0.0006955402688964428,0.37110394741684916,1.507814649581868,2,4024.7712772568593
21,16836,0.0006957136255626719,0.36750658815937204,1.5121301214683545,2,4013.4323698418602
21,17021,0.0006946532650801987,0.3669857055230108,1.5052528714073168,2,4026.0865996068865
21,17206,0.0006938481499722415,0.35876939419235687,1.498569760544349,2,4021.1245113347154
21,17428,0.0006940010327800777,0.35650672124914073,1.5003251203639179,2,3974.21380743985
21,17946,0.0006933954454822373,0.36410263270369503,1.4977695385455563,2,4008.357536959845
21,17983,0.000693441190850985,0.35694058127416217,1.49259495189705,2,4023.311872703447
21,18390,0.000726888141755241,0.5007590140592746,1.8225336473799094,2,4277.534725667084
21,18538,0.0007268731364359421,0.501096613518364,1.8215512644385474,2,4277.1172043695315
21,18723,0.0006941253711994024,0.35872744743003937,1.4970765198508706,2,4008.8926149708814
21,19204,0.0006945863176342058,0.3613978569577183,1.5038771354414717,2,4011.9728468816315
21,19796,0.0006941763175563531,0.3644377823620587,1.50133576221705,2,4006.6043980232052
21,20277,0.0006943436914577114,0.3620922544316803,1.4985276159160525,2,4006.0330684715
21,20351,0.00069906812367299,0.37659803118380225,1.5510185688659477,2,4024.155999642914
21,20425,0.0006961517940698807,0.35891845710663195,1.5239381410422554,2,4038.0425841579186
21,21313,0.0007260556843800363,0.49617356703746895,1.824230392064783,2,4225.624666081181
21,21387,0.0007260542241500756,0.48873114469316703,1.8335949375630283,2,4225.79349035417
21,21720,0.0007260251696143662,0.4984324728026278,1.8269038284057069,2,4205.065885998714
21,21757,0.0007260177922883158,0.4911909279882929,1.8254969431763353,2,4265.930306239413
21,22065,0.0007250329050045826,0.4120244759076879,1.855648718667383,2,4292.10331769466
21,22645,0.0007258155232390429,0.4826693439281508,1.8289290979657842,2,4219.062070287641
21,23385,0.0006984838834011106,0.3756439833646883,1.5438739459463253,2,4046.232212413288
21,23434,0.0007248948464349073,0.4119781639269091,1.8465938019589414,2,4319.643165451057
21,23644,0.0006985756105209828,0.3781930895432491,1.5456590451205774,2,4006.4116089816607
21,23829,0.0007260628718727643,0.49815743902501375,1.8228937338843587,2,4213.120486070133
21,24865,0.0006962419892026173,0.367139895899358,1.517423824727664,2,4056.945301380415
21,24902,0.0006962662389162809,0.3712124841591358,1.521236432029661,2,4024.2130053036194
21,25321,0.0007253177047491734,0.4153990244640268,1.8521771934285929,2,4263.98917088228
21,25420,0.0006965647327805681,0.36597176199719506,1.5225968095728672,2,4021.429149361997
21,25605,0.0007261451285712824,0.4793497491201625,1.8332302447276425,2,4201.175858039225
21,26715,0.000697088070872178,0.3760576830564073,1.5225718076718424,2,4035.3376857951093
21,27011,0.0006972606240220852,0.3759618210520443,1.535472223921519,2,4020.3927896695304
21,27122,0.0006973190906733611,0.36540880911846335,1.534204869798703,2,4025.7117285666554
21,27529,0.0007110198588598512,0.4196858153726847,1.6751609588169514,2,4072.774042149077
21,27825,0.000723092821933493,0.4763907276136763,1.7889412222951313,2,4223.021445969204
21,27840,0.0007219354778380397,0.47597808677359493,1.7912869039759731,2,4224.164218149486
21,28343,0.0007106323568924438,0.4250300778345719,1.6731692991271534,2,4131.766341483442
21,28454,0.0007107277405028756,0.4312020336297516,1.657983492299981,2,4144.72942205692
21,28824,0.0007108516917159839,0.4173670187653405,1.6736457191198724,2,4110.548660546274
21,28935,0.0007230889554381499,0.4841316926794649,1.7873752453167764,2,4234.36491102028
21,29268,0.0007115720816439976,0.4342476536390947,1.6589209909633706,2,4140.083089595914
21,29305,0.0007115878875594395,0.422911584595377,1.6702673441994798,2,4134.324264425944
21,29428,0.0007106030525590854,0.3664297591189344,1.6996206097017268,2,4115.285644004588
21,29431,0.0007104686198649558,0.3644640439475476,1.6894443112449373,2,4193.3898547599965
21,29749,0.0007230148506522522,0.47045047470711354,1.794535931285992,2,4181.116721004371
21,29823,0.0007111285578405532,0.43501087586077547,1.6728838386746294,2,4080.769817723051
21,30341,0.000711311867267457,0.41733713843562903,1.67427515814793,2,4109.765431893901
21,30378,0.0007113189865157188,0.42740213978146974,1.6779932874544543,2,4133.26874657582
21,30674,0.0007097603576073124,0.42762025504282375,1.6464871239205465,2,4125.410118584787
21,31118,0.0007233927461045362,0.4781935129389034,1.8028302251687833,2,4190.387277637589
21,31747,0.0007095189692312283,0.41748425755681684,1.6575302290679765,2,4119.550998256883
21,32129,0.0007086396193045463,0.35837974566448944,1.6760156753382112,2,4171.22938461123
21,33301,0.0007100471059155696,0.4266985686691331,1.6592219059876345,2,4124.2185930841815
21,33523,0.0007100775118328158,0.4291813881110396,1.6523467527014493,2,4126.289735699117
21,33893,0.0007102050485218814,0.363427924716805,1.6553460240824638,2,4240.724247950568
21,34004,0.000711714077806327,0.4345009334252288,1.6772475758287744,2,4110.327610145723
21,34411,0.0007225354346750686,0.4836068452236762,1.7873872794648469,2,4233.265780720777
21,35077,0.0007226800134587496,0.4827725232665193,1.7756760290839395,2,4237.543870859603
21,35351,0.0007117706363631887,0.3707192698607448,1.706066995855724,2,4135.169417244668
21,35373,0.0007226108542503235,0.48177881680070017,1.7835186657795365,2,4224.204442816026
21,35928,0.0007138723626360737,0.42284370495358625,1.7034191244852925,2,4152.491041441868
21,36002,0.0007223726390674588,0.4751330947978864,1.7943642985556023,2,4223.471714584953
21,36261,0.0007139869026149986,0.4469690781750139,1.7046915069204402,2,4150.873816876824
21,36310,0.0007213305007079345,0.4004449849440202,1.8128150838861763,2,4295.111623958518
21,36779,0.0007135267174909715,0.43972445551310463,1.6851482336496975,2,4156.1165423885905
21,36794,0.0007123693733955182,0.43931181467302327,1.6874939153305393,2,4112.130175951159
21,36853,0.0007135607291027949,0.44047240161151163,1.684980089630734,2,4153.306228806627
21,36868,0.0007124033850073416,0.4400597607714303,1.687325771311576,2,4111.155919508868
21,37482,0.0007119474173242314,0.4367405627879976,1.677591756606593,2,4133.692870671509
21,37753,0.0007109662736887873,0.36482191252490975,1.7042265669333152,2,4157.0745359524835
21,38074,0.0007120929086722822,0.4251797486222968,1.679148528723675,2,4129.883776204574
21,38555,0.0007229104079867765,0.4777628526324662,1.783098633092941,2,4229.903518171872
21,38570,0.0007217530638913232,0.47735021179238485,1.785444314773783,2,4214.663262314493
21,38592,0.0007118366220948014,0.43580202684725194,1.6841484839841963,2,4121.57911686771
21,38678,0.0007108376341280617,0.367415984156914,1.6945439293871774,2,4181.632443487988
21,38814,0.0007228956889042536,0.4821793846733827,1.7880733417656491,2,4219.605796041492
23,149,0.0007001454290757892,0.38249806811314246,1.5583522489297412,2,4061.591033777374
23,704,0.0007003697573387426,0.3840678958363961,1.561602498013458,2,4029.9235515029695
23,926,0.0006998552721946528,0.38443439923402045,1.555986058604815,2,4054.5002143297415
23,963,0.0006998570821008259,0.3867577964921025,1.5616433742133118,2,4082.3335059748974
23,1037,0.000699871167074991,0.388186707095045,1.554694925512857,2,4032.0592308388664
23,1259,0.0007249309558570966,0.49276891275496926,1.819653319602039,2,4208.598479767787
23,1333,0.0007249265540102338,0.4898625523493594,1.8169637764079165,2,4226.097889921796
23,1962,0.0007009166063864224,0.3914225306618494,1.5736719051816899,2,4043.747861979214
23,2480,0.0007003961269839459,0.38322497419708446,1.5626688494917051,2,4055.155778030765
23,3220,0.0007007119030227305,0.39192921455561824,1.5693028447078747,2,4038.220526944969
23,4441,0.0006986822469590215,0.3814580188058613,1.5492251955688472,2,4049.5230721510306
23,4863,0.0006976656640938828,0.32747837998345364,1.5668606397273062,2,4095.1670378641784
23,5381,0.0006984290743414468,0.3266620657842554,1.57320865045931,2,4118.22285381847
23,5995,0.0006991358050188645,0.38442171820585835,1.5532027988852366,2,4069.903758545875
23,6143,0.0006991912697337557,0.3834733827982446,1.5497361500207683,2,4064.3004256041963
23,6291,0.0006992391680628538,0.3818482207637064,1.5563122236698914,2,4023.3224784777185
23,7265,0.000723273284095186,0.4077361600499382,1.8313554623815465,2,4281.997247117814
23,8030,0.0007024894970840158,0.3928596803701594,1.579815985029618,2,4071.4551821593063
23,8415,0.0007014096124628519,0.3351924282065728,1.603624003631711,2,4154.520011663275
23,8474,0.0007028961344553967,0.39326247963170824,1.5903170534825817,2,4036.2892587168058
23,9288,0.0007242711038505517,0.4856144159378829,1.8021583102367353,2,4216.834962384686
23,10028,0.0007031644220477556,0.3957579695104745,1.5923218388477856,2,4055.924839889034
23,10065,0.0007242190028837449,0.4895229558751374,1.8042956888613713,2,4181.105309403498
23,11101,0.0007012058200971385,0.394636894216712,1.5743701859480932,2,4098.35151230285
23,11634,0.0007234482150033022,0.4090626141461817,1.832054654292805,2,4247.165669371285
23,11730,0.0007014872046217346,0.39112238117348896,1.574500169455539,2,4069.066033741428
23,11804,0.0007014953984115503,0.38888699419078154,1.5713426107133457,2,4050.0312947216116
23,11989,0.0007021031453767768,0.395484300117673,1.5727601884665454,2,4055.9941700930626
23,12137,0.0007021382463683771,0.3856232855800802,1.5840988093710415,2,4077.0213745494857
23,12840,0.0007018956816504718,0.39200142701302254,1.5746870336652479,2,4064.8980637738996
23,12877,0.0007018969524832802,0.39572900461065885,1.5688440002650625,2,4066.896438321396
23,13336,0.0007008126856164532,0.33343226877554966,1.5957436089659713,2,4131.504231125952
23,13395,0.0007020201456053976,0.39622692845361906,1.571684759785961,2,4070.506269633229
23,13447,0.0007008729055072206,0.33300574133401417,1.5998647364717764,2,4122.8529700447425
23,13706,0.000693440524184565,0.3153405489807162,1.5225757612839141,2,4042.863347806762
23,13839,0.0006946544977930272,0.36879954700344864,1.5038078367990386,2,4013.488152913411
23,14690,0.0007260942512382933,0.4907547422718682,1.8304403858364966,2,4191.678319405388
23,14890,0.0006932433534880823,0.3147256648780463,1.51503196837301,2,4057.166094301604
23,15948,0.0006955313238115935,0.366322328248079,1.5169538187793732,2,4048.9390802649673
23,16170,0.0006951907666379145,0.3683129967216229,1.5062131121400852,2,4034.1449078983696
23,16244,0.000694994389155008,0.36972120014527043,1.5072047376512179,2,4012.870819832581
23,16836,0.0006951677458212371,0.36612384088779326,1.5115202095377043,2,3997.581790416346
23,17021,0.000694107385338764,0.3656029582514321,1.5046429594766666,2,4003.671568708502
23,17983,0.0006928953111095502,0.35555783400258345,1.4919850399663999,2,4011.9320293648375
23,18390,0.0007263422620138062,0.49937626678769587,1.8219237354492592,2,4202.160156260898
23,18538,0.0007263272566945074,0.49971386624678527,1.8209413525078972,2,4198.14539450929
23,18723,0.0006935794914579676,0.35734470015846065,1.4964666079202205,2,3999.63676895442
23,19204,0.000694040437892771,0.3600151096861396,1.5032672235108215,2,4029.5745732541814
23,19796,0.0006936304378149183,0.36305503509048,1.5007258502863998,2,4041.0283400954177
23,20277,0.0006937978117162767,0.36070950716010153,1.4979177039854024,2,4008.9950412720377
23,21313,0.0007255098046386016,0.49479081976589023,1.823620480134133,2,4224.698138797658
23,21757,0.000725471912546881,0.48980818071671417,1.824887031245685,2,4281.124455106086
23,22065,0.0007244870252631478,0.41064172863610915,1.8550388067367327,2,4271.25752063388
23,22068,0.0007243525925690182,0.4086760134647224,1.8448625082799432,2,4273.92959034073
23,23385,0.0006979380036596758,0.3742612360931096,1.5432640340156751,2,4068.225982796596
23,23434,0.0007243489666934725,0.4105954166553304,1.8459838900282912,2,4309.663420876297
23,23644,0.0006980297307795481,0.3768103422716703,1.5450491331899272,2,4002.455615386266
23,23829,0.0007255169921313295,0.496774691753435,1.8222838219537085,2,4190.59639884084
23,24865,0.0006956961094611825,0.3657571486277793,1.5168139127970137,2,4066.4210109395717
23,24902,0.0006957203591748462,0.36982973688755705,1.5206265200990108,2,4038.9736500292834
23,25321,0.0007247718250077386,0.41401627719244805,1.8515672814979427,2,4219.891644878713
23,25324,0.000724637392313609,0.4120505620210613,1.8413909830411532,2,4336.668859612061
23,25420,0.0006960188530391333,0.36458901472561633,1.521986897642217,2,3980.6458103837244
23,26715,0.0006965421911307433,0.3746749357848286,1.5219618957411922,2,4022.2477641316227
23,27825,0.0007225469421920582,0.47500798034209757,1.7883313103644811,2,4217.2564630737525
23,28454,0.0007101818607614408,0.4298192863581729,1.6573735803693308,2,4115.330863012016
23,28935,0.0007225430756967151,0.48274894540788615,1.7867653333861262,2,4196.780422659498
23,29268,0.0007110262019025628,0.43286490636751596,1.6583110790327205,2,4133.917725090783
23,29305,0.0007110420078180048,0.4215288373237982,1.6696574322688296,2,4114.6480934694655
23,29431,0.000709922740123521,0.3630812966759689,1.6888343993142871,2,4222.685395789607
23,29749,0.0007224689709108174,0.4690677274355348,1.793926019355342,2,4185.823087021155
23,32129,0.0007080937395631115,0.35699699839291066,1.675405763407561,2,4214.033024696771
23,32132,0.0007079593068689819,0.3550312832215239,1.6652294649507715,2,4173.504057630468
23,33301,0.0007095012261741348,0.4253158213975543,1.6586119940569843,2,4105.604955632629
23,34004,0.0007111681980648923,0.43311818615365005,1.6766376638981242,2,4094.261673198183
23,35077,0.0007221341337173148,0.4813897759949406,1.7750661171532893,2,4302.723138314866
23,35351,0.000711224756621754,0.36933652258916605,1.7054570839250738,2,4194.742672398144
23,35373,0.0007220649745088887,0.4803960695291214,1.7829087538488864,2,4204.971622991595
23,36310,0.0007207846209664997,0.3990622376724414,1.812205171955526,2,4269.277767859654
23,36313,0.0007206501882723701,0.39709652250105465,1.8020288734987366,2,4239.859824891031
23,36779,0.0007129808377495367,0.43834170824152585,1.6845383217190473,2,4149.396986978946
23,36853,0.0007130148493613601,0.43908965433993286,1.684370177700084,2,4148.345854103521
23,37482,0.0007114015375827966,0.43535781551641883,1.6769818446759428,2,4098.760369382067
23,37753,0.0007104203939473525,0.363439165253331,1.703616655002665,2,4180.9320961733
23,37756,0.0007102859612532229,0.3614734500819442,1.6934403565458755,2,4194.601814473294
23,38074,0.0007115470289308474,0.42379700135071807,1.6785386167930247,2,4152.680514357214
23,38555,0.0007223645282453418,0.4763801053608875,1.7824887211622908,2,4217.477921076611
23,38678,0.0007102917543866269,0.3660332368853353,1.6939340174565272,2,4140.460496094145
23,38814,0.0007223498091628188,0.480796637401804,1.787463429834999,2,4206.170453651318
28,89,0.0007297629844753915,0.49397228099020346,1.8669492434131623,2,4260.226306464588
28,163,0.0007050152993355611,0.39406214347825136,1.6029594114380816,2,4120.250592496711
28,311,0.0007050623833053147,0.4065596765170236,1.6161927181386284,2,4108.3884266087125
28,520,0.0007040552444511607,0.40301678236964206,1.6041476299157098,2,4104.19650532325
28,533,0.0007051490042519457,0.40229928610108423,1.6009827968135757,2,4091.1889414131347
28,718,0.0007052396275985145,0.395631971201505,1.6062096605217984,2,4073.4806362073336
28,792,0.0007052488720743713,0.41052759121589055,1.6176052647777408,2,4005.8540688202834
28,940,0.0007047251424544247,0.39599847459912935,1.6005932211131555,2,4045.486889429631
28,977,0.0007047269523605979,0.3983218718572114,1.6062505367216522,2,4091.781240273782
28,1014,0.000852486827795833,1.2450266303919653,3.566657484775173,2,4924.111834080134
28,1038,0.000703647277533978,0.40046827872871177,1.6024669211233316,2,4098.439564800628
28,1051,0.0007047410373347629,0.39975078246015394,1.5993020880211974,2,4063.449963666592
28,1112,0.0007287330295620338,0.51053037613794,1.8575480627927148,2,4260.557377299375
28,1125,0.0007298267893628187,0.5098128798693821,1.8543832296905807,2,4280.698992065578
28,1273,0.0007298008261168686,0.5043329881200781,1.8642604821103794,2,4247.723925383235
28,1347,0.0007297964242700057,0.5014266277144682,1.861570938916257,2,4247.743590722033
28,1680,0.0007296956389587172,0.5154244548407282,1.8387593827879956,2,4315.629321511793
28,1976,0.0007057864766461943,0.40298660602695835,1.6182790676900303,2,4062.0394444194767
28,2494,0.0007052659972437178,0.3947890495621934,1.6072760120000456,2,4100.390330238789
28,2716,0.0007053653803151214,0.40864864737423306,1.617449262307269,2,4129.455757322776
28,2790,0.000729673314901493,0.5114532200090214,1.8443318140551863,2,4271.7183701923
28,2827,0.0007296722960391349,0.4910835580166856,1.8666297850224463,2,4264.474841781382
28,2864,0.0007053942215297135,0.40925186600011765,1.6108985807455636,2,4103.023329468209
28,2975,0.0007296539519834566,0.5097474540061607,1.8644752979060704,2,4262.347306644536
28,3049,0.0007054870540718167,0.398689610912088,1.6166318612048542,2,4020.12615355574
28,3160,0.0007296434014332427,0.508651018300801,1.8629774534197912,2,4326.830058794683
28,3234,0.0007055817732825024,0.4034932899207272,1.6139100072162151,2,4099.34164024203
28,3443,0.0007289284758493228,0.5116089285876145,1.852173360003926,2,4280.769533103891
28,3456,0.0007300222356501078,0.5108914323190566,1.849008526901792,2,4266.225540109149
28,3752,0.0007038972255676614,0.3942199515337327,1.6024617257868488,2,4060.5687053363963
28,4011,0.0007039435559535249,0.4022425242621014,1.5838126865538502,2,4091.9549751643567
28,4455,0.0007035521172187935,0.3930220941709702,1.5938323580771876,2,4086.6207888932668
28,4492,0.0007300770857828423,0.512348334968991,1.8697294723092022,2,4246.898578576863
28,4812,0.0007025938283064648,0.39933729440863297,1.5823724219384616,2,4093.3299777549078
28,4825,0.0007036875881072498,0.39861979814007514,1.5792075888363275,2,4134.7998295580555
28,4849,0.0007025991186483231,0.3401725924572017,1.6122869536569389,2,4161.256648163004
28,5121,0.0007039944396507878,0.3900791077142292,1.6033992670364297,2,4043.7041058422287
28,5232,0.000704385758583935,0.402639071052229,1.5904824895729401,2,4106.14895924784
28,5824,0.0007298480148770294,0.5148277825011189,1.8404348963613104,2,4314.29237941629
28,6009,0.0007040056752786365,0.3959857935709673,1.597809961393577,2,4078.5384134999877
28,6157,0.0007040611399935276,0.3950374581633535,1.5943433125291087,2,4090.4514283136195
28,6305,0.0007041090383226257,0.3934122961288153,1.6009193861782318,2,4058.1255858921163
28,6490,0.0007299261158222302,0.5083324984384203,1.8649688352627989,2,4238.220644620771
28,6601,0.0007299235610496028,0.5160248273813816,1.8607516209930783,2,4294.046060536309
28,6786,0.000729529571189229,0.4893330522864107,1.8636652273496328,2,4245.794040819478
28,7378,0.0007076730315379484,0.4148492156067382,1.6350288803204471,2,4135.203405892624
28,7452,0.0007076917669980508,0.4175477039647452,1.6362499993336324,2,4119.015159078934
28,7674,0.0007292133018231818,0.5073722253620535,1.8588699902305814,2,4307.426624052118
28,7859,0.0007292623800136828,0.506644834040726,1.8624370529874097,2,4327.282934138917
28,7883,0.0007281638217844959,0.5058991008602034,1.8519698097135908,2,4274.593437718665
28,7896,0.0007292575815852809,0.5051816045916455,1.8488049766114567,2,4287.947495994863
28,8031,0.0007062656075430028,0.40514125200382617,1.6275879806400926,2,4083.908519868368
28,8044,0.0007073593673437877,0.40442375573526834,1.6244231475379585,2,4055.6645458563953
28,8081,0.0007292424112133821,0.4969095544318883,1.8659818744356813,2,4252.71303473148
28,8488,0.0007077660047151687,0.4048265549968172,1.634924215990922,2,4100.609474513277
28,8845,0.0007071935171842288,0.4154988668781876,1.6360531313875872,2,4119.217552286845
28,8858,0.0007082872769850137,0.4147813706096298,1.6328882982854531,2,4123.069316580263
28,8895,0.0007290365406956091,0.5031994909442646,1.866137829793436,2,4200.605580961578
28,8932,0.0007290304480346903,0.5143350330399828,1.8400998830952342,2,4239.806948026734
28,9043,0.0007083808833667557,0.4110501180139982,1.649244648637153,2,4053.387332503587
28,9265,0.0007081543829308809,0.41169922779457674,1.6468606196416213,2,4104.252426152713
28,9289,0.0007280472143095387,0.4978959875715497,1.8499303058472099,2,4233.449819084902
28,9302,0.0007291409741103236,0.49717849130299185,1.8467654727450757,2,4266.321998169268
28,9413,0.000729139705497521,0.5011480654160864,1.8595284993722223,2,4243.101418280592
28,9733,0.0007068445474616728,0.35446216885625187,1.6559644184348938,2,4230.160294403408
28,9931,0.0007080049190076471,0.4106248538262641,1.6435251410805598,2,4106.613768728492
28,9955,0.0007280025419848999,0.5060674730078626,1.8423311605877004,2,4238.640939642133
28,9968,0.0007290963017856849,0.5053499767393047,1.8391663274855663,2,4287.4466335080515
28,10042,0.0007080342923075275,0.40732204487558343,1.636929001356126,2,4060.328727523353
28,10066,0.0007279951133427318,0.5018045275088041,1.8520676844718458,2,4275.013884149764
28,10079,0.0007290888731435168,0.5010870312402462,1.8489028513697117,2,4235.574683894222
28,10153,0.0007060382929341241,0.41091364033331906,1.6115025103394847,2,4084.3270843206074
28,10338,0.0007294431298765675,0.5112687695147811,1.8375823147558599,2,4330.179932785426
28,10449,0.0007065014543045586,0.41374776002548197,1.6301188217700322,2,4083.3353295408647
28,10523,0.0007065267103256455,0.41221059970556756,1.6219906553997392,2,4123.775239586565
28,10856,0.0007066465954490003,0.405774191333143,1.6286700100956633,2,4068.7937196923635
28,11115,0.0007060756903569104,0.4062009695818209,1.6189773484564336,2,4098.433199983601
28,11152,0.0007295192476131049,0.48534395683314013,1.8662562967163685,2,4206.764347355493
28,11263,0.0007295046877105636,0.5107180158008644,1.8588012404461454,2,4225.861564329097
28,11448,0.0007294983840004052,0.5137181699255535,1.8538650839696076,2,4237.152567322844
28,11596,0.0007063039895567286,0.40850773756584685,1.6260204346956675,2,4049.2345282071074
28,11744,0.0007063570748815065,0.40268645653859786,1.6191073319638793,2,4103.178828684404
28,11818,0.0007063652686713222,0.4004510695558905,1.615949773221686,2,4046.3891673528396
28,11990,0.0007058792558357638,0.4077658717513397,1.62053218407702,2,4076.983097305692
28,12003,0.0007069730156365488,0.4070483754827819,1.6173673509748858,2,4119.012141138871
28,12151,0.000707008116628149,0.3971873609451891,1.628705971879382,2,4091.618237194399
28,12299,0.0007070218540347506,0.41494858055930917,1.6313189164593056,2,4099.947564544786
28,12817,0.0007067539769351148,0.393540399494612,1.6283388385751612,2,4085.032119932768
28,12854,0.0007067655519102437,0.40356550237813144,1.6192941961735883,2,4074.362275197509
28,12878,0.0007056730629422672,0.4080105762443256,1.616615995875537,2,4112.0946598837645
28,12891,0.0007067668227430521,0.40729307997576775,1.613451162773403,2,4106.2877564582295
28,13396,0.0007057962560643845,0.4085085000872858,1.6194567553964354,2,4103.76337305039
28,13409,0.0007068900158651695,0.40779100381872796,1.6162919222943013,2,4075.637861875431
28,13692,0.0006983739787390053,0.32803476145446425,1.5680020752135466,2,4077.9224085159112
28,13853,0.0006995243680527992,0.3803636223685576,1.548414999307379,2,4055.6254605475897
28,14001,0.0006995471709767665,0.3830048498867351,1.5404035669855825,2,4078.4535136448626
28,14075,0.0006995847807243145,0.38813134340778965,1.5571514900580155,2,4053.7228691828705
28,14593,0.0006991682129997968,0.3845785133699706,1.5455525548153695,2,4051.8860213707208
28,14667,0.000808832442420416,0.9151251991135831,2.8712626329223636,2,4756.822236738731
28,14704,0.0007309641214980653,0.502318817636977,1.875047548344837,2,4255.6386387821585
28,14963,0.0006992805902588233,0.3825628517532619,1.5567486842949134,2,4040.79658571741
28,15074,0.0008103560567898969,0.9545122051557937,2.883465860628624,2,4740.040963604132
28,15357,0.0006990381042264049,0.33120726324384026,1.571202673609646,2,4130.911261508368
28,15518,0.0007307910588883697,0.5214953108377105,1.8521355858196338,2,4356.7230778738485
28,15814,0.0007307643267500596,0.5017861884023265,1.8805885040300552,2,4270.561916145373
28,15851,0.0007307640475162549,0.5160885056533038,1.8729305165707555,2,4242.8387331180065
28,15962,0.0007004011940713654,0.3778864036131879,1.5615609812877136,2,4070.9632323740575
28,15986,0.0006993089115478519,0.33246608137148775,1.580387238252332,2,4070.198807970153
28,16171,0.0006989668770969015,0.38059456835528965,1.5539851077505598,2,4012.691219226922
28,16184,0.0007000606368976865,0.3798770720867318,1.5508202746484256,2,4095.3078611599985
28,16221,0.0006997876718251413,0.37948944851569194,1.5620170153235537,2,4043.218151328486
28,16258,0.0006998642594147799,0.38128527551037933,1.5518119001595583,2,4070.023543270502
28,16591,0.0006999602027809925,0.38803791889794326,1.5583540399705924,2,4040.917559154567
28,16850,0.000700037616081009,0.3776879162529022,1.5561273720460447,2,4052.36867879764
28,17035,0.0006989772555985359,0.37716703361654097,1.549250121985007,2,4058.9165911648333
28,17146,0.0006981619598148667,0.3790858443233184,1.535624971927691,2,4057.049436293574
28,17183,0.0007311766489939901,0.5211374750701089,1.8659581240516374,2,4276.067868851114
28,17220,0.0006981721404905786,0.36895072228588704,1.5425670111220393,2,4021.430643977978
28,17405,0.0008006142920418026,0.8655232655466434,2.7523015306901906,2,4668.455981250306
28,17442,0.0006983250232984148,0.3666880493426709,1.544322370941608,2,4001.3516349624538
28,17812,0.0006984112790505701,0.3786077205630089,1.5486091252275316,2,4002.1615160685255
28,17886,0.0006980625337945103,0.3799017397430434,1.5425698696045,2,4068.9077940296443
28,17960,0.0006977194360005745,0.3742839607972252,1.5417667891232465,2,4054.8908830417777
28,17997,0.0006977651813693222,0.36712190936769235,1.5365922024747403,2,4012.805607744757
28,18108,0.0007312417973047409,0.5189918571071237,1.8782133899325546,2,4241.990306412828
28,18219,0.0007965093234543155,0.8711991648621311,2.676521014069206,2,4692.343326673577
28,18391,0.0007301183724727931,0.5116578384213626,1.8696957310597337,2,4278.539874684056
28,18404,0.0007312121322735781,0.5109403421528047,1.8665308979575996,2,4292.464635866548
28,18478,0.0006979738611024796,0.380510900064507,1.5417498058932848,2,4031.852398976047
28,18539,0.0007301033671534943,0.511995437880452,1.8687133481183718,2,4261.657846995706
28,18552,0.0007311971269542793,0.5112779416118941,1.8655485150162376,2,4273.394108949014
28,18589,0.0006980381137946506,0.3762900305007491,1.5379977973365615,2,4003.071029378785
28,18737,0.0006984493617177395,0.36890877552356954,1.5410737704285609,2,4039.2003823129317
28,19181,0.0006988999729851073,0.3837523891112495,1.5472912371190688,2,4035.990612467007
28,19218,0.0006989103081525429,0.3715791850512485,1.547874386019162,2,4046.3433071001296
28,19477,0.0006987542966094611,0.38014975569216364,1.5489081603116146,2,4036.205031191699
28,19662,0.000803136199392088,0.8793359710309059,2.7928345013323286,2,4680.135503692854
28,19810,0.0006985003080746902,0.3746191104555889,1.5453330127947402,2,4025.224995185898
28,20143,0.0008048028142671046,0.8948824038108143,2.823127865922613,2,4661.510146062685
28,20180,0.0006986172219296683,0.38104335612898416,1.529023528818318,2,4044.6981515442617
28,20291,0.0006986676819760486,0.3722735825252105,1.5425248664937428,2,4032.1320148680097
28,20365,0.0007033921141913271,0.3867793592773324,1.595015819443638,2,4061.5405466621837
28,20500,0.0007013354046285851,0.3946165242971075,1.5721301983979956,2,4077.661176424899
28,20513,0.00070242916442937,0.39389902802854965,1.5689653652958615,2,4138.046500796174
28,20611,0.0007013929202787588,0.33777419144164844,1.5951618673824697,2,4157.967146918433
28,21203,0.0007016299870821597,0.3934956373071273,1.5820325802978303,2,4063.641867841618
28,21216,0.0007027237468829446,0.39277814103856945,1.5788677471956962,2,4048.3947246101857
28,21327,0.0007303796748983735,0.5063548951309991,1.8682276426424733,2,4264.713127316816
28,21401,0.0007303782146684128,0.4989124727866972,1.8775921881407185,2,4220.392503121317
28,21734,0.0007303491601327034,0.5086138008961579,1.870901078983397,2,4235.166610497854
28,21771,0.000730341782806653,0.501372256081823,1.8694941937540255,2,4278.657704998864
28,21993,0.0007023584533010274,0.34081909827626833,1.5755535600683361,2,4158.9618336353205
28,22326,0.0007031869536169779,0.39809528688167123,1.5761086780494058,2,4059.2004369400256
28,22474,0.0007032529647556746,0.3996481523929776,1.5835445444328016,2,4071.1823294928486
28,22659,0.00073013951375738,0.492850672021681,1.8729263485434744,2,4264.701072418112
28,22844,0.0007033720738767583,0.4020575387405452,1.5923321210419146,2,4089.380558940285
28,22918,0.00070272671095382,0.393811423383799,1.5855170014002369,2,4057.9887331552804
28,23029,0.0007302624147288966,0.5154965416466974,1.8625178411290215,2,4268.528684641073
28,23177,0.0007027634210777639,0.3983296679302403,1.5770422883482023,2,4070.3576647801087
28,23288,0.0007027860995730354,0.401077415169397,1.593327821999066,2,4029.78149869993
28,23399,0.0007028078739194477,0.38582531145821847,1.5878711965240155,2,4104.663420660967
28,23510,0.0007302316758424593,0.5165159097864064,1.8527199052281151,2,4304.62962841225
28,23658,0.00070289960103932,0.38837441763677927,1.5896562956982676,2,4054.0410161354976
28,23695,0.0007029636580337605,0.39778059119301623,1.5948727048346714,2,4055.0820166138506
28,23732,0.0008390966693544435,1.1695176573070467,3.3175314090027337,2,4854.049450320645
28,23843,0.0007303868623911014,0.5083387671185439,1.866890984462049,2,4258.918106323179
28,23991,0.0007010639496189622,0.38767772777782833,1.572306150293814,2,4036.642025683147
28,24065,0.0007010759149336149,0.3924962046279107,1.5695922657174246,2,4058.383186951388
28,24435,0.0007012422386138976,0.39384070638255075,1.5661974647332493,2,4088.477379537953
28,24583,0.0007009060980762865,0.392843706567894,1.573242782414602,2,4061.204093900197
28,24879,0.0007005659797209544,0.3773212239928882,1.5614210753053541,2,4033.067276834275
28,24916,0.0007005902294346181,0.381393812252666,1.5652336826073512,2,4027.6412747780496
28,24953,0.0007307000868411774,0.5155789051166659,1.8722161525960976,2,4246.1419269584085
28,25434,0.0007008887232989052,0.37615309009072523,1.5665940601505575,2,4007.2980627649063
28,25458,0.0007009911667926359,0.3929392680302598,1.5693142713479382,2,4059.3402704382247
28,25471,0.0007020849265934209,0.392221771761702,1.566149438245804,2,4133.02526792383
28,25619,0.0007304691190896195,0.48953107721369266,1.8772274953053327,2,4248.474263402699
28,26433,0.0007305494476831617,0.5180822955243125,1.8487912532092272,2,4299.635062498916
28,26470,0.0007013504766355683,0.39235343424034824,1.5573115968705742,2,4052.7006765762562
28,26531,0.0007002855162237999,0.3895173274318992,1.564266978703372,2,4041.591809038096
28,26544,0.0007013792760245848,0.3887998311633414,1.561102145601238,2,4104.446957533763
28,26581,0.0008279957459904004,1.0958503675763742,3.1370815732167694,2,4799.321457652343
28,26729,0.0007014120613905152,0.3862390111499375,1.5665690582495326,2,4085.1141738686715
28,26766,0.0007014448460600113,0.39046146110583935,1.5683765219733918,2,4069.1121564617397
28,26914,0.0007015244161999769,0.33745312510777564,1.5670298896330606,2,4171.528580619133
28,27025,0.0007015846145404223,0.38614314914557446,1.5794694744992093,2,4054.8078156493584
28,27136,0.0007016430811916983,0.3755901372119935,1.5782021203763932,2,4031.2709911654374
28,27543,0.0007153438493781883,0.42986714346621485,1.7191582093946416,2,4108.279819564372
28,27604,0.0007263378477217668,0.4993391080219354,1.8223866279639256,2,4200.389104022567
28,27617,0.0007274316075225518,0.49862161175337755,1.8192217948617915,2,4248.284001640517
28,27826,0.0007263230526510452,0.4872895519757643,1.8361033059749556,2,4227.972150625479
28,27839,0.0007274168124518301,0.48657205570720646,1.8329384728728215,2,4238.590141815236
28,28320,0.0007149266668061206,0.44897258893111247,1.6897411969398108,2,4168.07349854593
28,28431,0.0007275045464109351,0.5060009587213039,1.8142046475874696,2,4290.015503581484
28,28455,0.0007139579712204277,0.4421008579918396,1.7051455759798053,2,4213.22179799407
28,28468,0.0007150517310212127,0.4413833617232818,1.7019807428776712,2,4151.279533657372
28,28936,0.0007263191861557021,0.4950305170415529,1.8345373289966007,2,4229.771196603382
28,28949,0.0007274129459564871,0.49431302077299505,1.8313724958944666,2,4216.493790539482
28,29269,0.0007148023123615498,0.4451464780011827,1.706083074643195,2,4179.85851867105
28,29282,0.0007158960721623347,0.44442898173262485,1.7029182415410609,2,4175.812049071814
28,29319,0.0007159118780777767,0.43309291268890715,1.71426459477717,2,4183.7654633500915
28,29578,0.0007159810372299641,0.4549009922956006,1.710559701836968,2,4198.064800865587
28,29763,0.0007273388411705894,0.4806318028006437,1.8385331818636823,2,4240.126666030721
28,29837,0.0007154525483588903,0.44519220395430564,1.7168810892523196,2,4148.94155423592
28,30133,0.0007273728031844796,0.5031800712283268,1.8294621579669905,2,4295.7240804382045
28,30355,0.0007156358577857942,0.4275184665291592,1.7182724087256203,2,4146.808659949961
28,30392,0.0007156429770340559,0.4375834678749999,1.7219905380321445,2,4126.140544664726
28,30429,0.0007156436745295932,0.4500076298628989,1.7119559417053978,2,4154.735649310234
28,30540,0.0007156778005528871,0.45174296223955923,1.696802726496524,2,4195.7548800733
28,30675,0.0007129905883248646,0.43851907940491175,1.6936492076003709,2,4188.952007652148
28,30688,0.0007140843481256495,0.4378015831363539,1.6904843744982367,2,4120.93830807521
28,30762,0.000727740876110968,0.5004459468374789,1.848955185100364,2,4283.423665733235
28,31095,0.0007141791522253218,0.4444086170159585,1.7081199092447221,2,4132.389700631302
28,31132,0.0007277167366228734,0.48837484103243356,1.8468274757464735,2,4245.262338824648
28,31465,0.0007140772583335783,0.44800994791235305,1.7088502310259592,2,4163.229098567144
28,31761,0.0007138429597495654,0.427665585650347,1.7015274796456668,2,4107.794035190369
28,33130,0.0007143199730666439,0.375078818249383,1.69451125585142,2,4263.5380142856275
28,33228,0.0007132343252466379,0.44109689318905687,1.6936553331411797,2,4145.6479093373555
28,33241,0.0007143280850474228,0.44037939692049904,1.6904905000390456,2,4151.390380633024
28,33315,0.0007143710964339068,0.43687989676266326,1.7032191565653247,2,4128.290855530696
28,33524,0.0007133077425503679,0.4400802124731276,1.6995088363812736,2,4187.417952128501
28,33537,0.0007144015023511529,0.4393627162045698,1.6963440032791395,2,4123.872891017149
28,33796,0.0007144693377227029,0.44346228855064407,1.684672351779266,2,4166.989126885503
28,33907,0.0007145290390402185,0.3736092528103352,1.699343274660154,2,4295.226316791923
28,34018,0.0007160380683246642,0.44468226151875895,1.7212448264064646,2,4139.986829349466
28,34092,0.0007174270031288515,0.46112499716698485,1.7276086781758047,2,4153.946898109466
28,34166,0.0007174460332196324,0.45654827769391065,1.7360328409797965,2,4211.430753951502
28,34425,0.0007268594251934057,0.49378817331720637,1.831384530042537,2,4255.342392593275
28,34536,0.0007175514008907696,0.4544489736062456,1.7367457789805767,2,4167.408691877013
28,35078,0.0007259102441763018,0.4936713476286073,1.8228381127637638,2,4257.156673961892
28,35091,0.0007270040039770867,0.4929538513600495,1.8196732796616297,2,4236.473748567215
28,35128,0.0007269951988495559,0.5042747731434428,1.8317133692862968,2,4285.902552121621
28,35313,0.0007171995069323928,0.4590892611182264,1.7371621803309452,2,4193.958733730904
28,35337,0.0007161582111761942,0.3820307350629142,1.7508833978547063,2,4251.149189153142
28,35374,0.0007258410849678757,0.49267764116278817,1.8306807494593609,2,4259.234490084215
28,35387,0.0007269348447686607,0.49196014489423034,1.8275159163572268,2,4207.5279705407975
28,36016,0.0007266966295857959,0.4853144228914166,1.8383615491332925,2,4266.524148014416
28,36040,0.0007171133379105904,0.38662576211062,1.7599561789784497,2,4216.948502368898
28,36275,0.0007183108931333357,0.4571504062685441,1.7486887574981305,2,4185.502008235688
28,36645,0.0007177423407227545,0.46073774149843644,1.7176729781051654,2,4200.392803160482
28,36780,0.0007167569482085237,0.45062327987519263,1.7323103173295218,2,4175.066420277116
28,36793,0.0007178507080093086,0.4499057836066348,1.7291454842273877,2,4186.739609719758
28,36854,0.000716790959820347,0.45137122597359963,1.7321421733105584,2,4161.826176735434
28,36867,0.000717884719621132,0.4506537297050418,1.7289773402084243,2,4165.119992727812
28,36941,0.0007179322279361137,0.46233241144257076,1.7342127804025125,2,4174.987461278231
28,37496,0.0007162714078425685,0.4469218908815278,1.7215890071842832,2,4154.956754948827
28,37570,0.0007272037598778814,0.4960566819041187,1.840343553542636,2,4216.253953211168
28,37718,0.0007163103545582613,0.45326926936610895,1.7174628995109682,2,4150.321231288182
28,37903,0.0007271885017407909,0.4875801506040263,1.8448834522476274,2,4246.00308553812
28,38088,0.0007164168991906193,0.43536107671582697,1.7231457793013651,2,4148.093640372156
28,38162,0.0007164238067031164,0.45164908730489517,1.7281536679431426,2,4220.865847657894
28,38347,0.0007272425300165794,0.5025913397037173,1.815738909052541,2,4268.141779104701
28,38371,0.0007150405330750453,0.45078694532980185,1.7045083237612617,2,4175.88323194982
28,38384,0.0007161342928758302,0.450069449061244,1.7013434906591276,2,4177.845583561749
28,38556,0.0007261406387043287,0.4886616769945542,1.8302607167727654,2,4191.90571495451
28,38569,0.0007272343985051137,0.4879441807259964,1.8270958836706312,2,4228.810088341579
28,38606,0.0007161606126131386,0.4459833549407821,1.7281457345618865,2,4117.218998595439
28,38815,0.0007261259196218058,0.4930782090354707,1.8352354254454735,2,4278.663631573586
28,38828,0.0007272196794225908,0.4923607127669129,1.8320705923433394,2,4234.575570958649
29,50,0.0008557147703624789,1.2737193348185731,3.5809388266450086,2,4985.533348767451
29,53,0.0008555803376683493,1.2717536196471864,3.570762528188219,2,4992.245663110696
29,85,0.0007237792797667577,0.47637709989884736,1.8031960408381247,2,4230.807089821381
29,87,0.0007311188579416818,0.4918174617872653,1.8521669250607182,2,4329.828940691076
29,95,0.0007240583911375161,0.48057015218958765,1.8105200425289811,2,4188.808874323946
29,124,0.0008559765967449021,1.4197516471456146,3.511183846818349,2,5058.0612713776645
29,127,0.0008558421640507725,1.4177859319742279,3.5010075483615597,2,5137.560960657993
29,159,0.0006990315946269274,0.37646696238689525,1.5392062088630438,2,4073.708187016706
29,169,0.0006993107059976857,0.38066001467763555,1.5465302105539003,2,3984.7508670865345
29,186,0.0007073988678404293,0.405512378539604,1.6020344089414094,2,4124.173794278575
29,198,0.0007063759564391056,0.4070654528709094,1.6145563890790409,2,4077.1881303860987
29,201,0.000706241523744976,0.4050997376995226,1.604380090622251,2,4074.154057796964
29,235,0.0007311091261709758,0.5191583994517038,1.8422437078785654,2,4298.240599616358
29,238,0.0007309746934768462,0.5171926842803171,1.8320674094217755,2,4340.4146913967
29,272,0.0007311039204709568,0.5178655117045605,1.8387288394789438,2,4357.78276153541
29,275,0.0007309694877768272,0.5158997965331737,1.8285525410221544,2,4359.32578995151
29,309,0.000706418256771605,0.4044048573140855,1.6014103997861842,2,4084.042766938039
29,312,0.0007062838240774754,0.4024391421426987,1.5912341013293947,2,4120.960451903197
29,383,0.0008565315259065891,1.3604753775216292,3.546848115041527,2,5021.571730588672
29,386,0.0008563970932124595,1.3585096623502424,3.5366718165847377,2,5011.115536554233
29,408,0.0007074746975419423,0.4115791321065794,1.597763559543043,2,4188.149684329254
29,420,0.0007064517861406186,0.41313220643788484,1.6102855396806746,2,4099.104081088963
29,423,0.000706317353446489,0.41116649126649807,1.6001092412238846,2,4091.441595781968
29,457,0.000706466521471991,0.3862973647782771,1.6116204948860173,2,4112.0324507576315
29,529,0.0006991652995433119,0.3847041050097281,1.5372295942385379,2,4043.1331777198525
29,568,0.0007065277083633151,0.35043112805627863,1.6106164558560438,2,4205.937323677106
29,571,0.0007063932756691855,0.34846541288489186,1.6004401573992544,2,4222.675942203865
29,642,0.0007310668341992295,0.4278172190529443,1.9201128593149561,2,4320.536137737142
29,679,0.0007065735746622249,0.34391320334854303,1.601710605591275,2,4222.998467946396
29,714,0.0006992559228898807,0.3780367901101489,1.5424564579467606,2,4084.8696776957836
29,724,0.0006995350342606391,0.3822298424008892,1.549780459637617,2,4046.105207509547
29,753,0.0007063104156797474,0.3839176854503522,1.608925252489192,2,4078.259615863778
29,790,0.0007066047455406615,0.4083727720129524,1.6028229464252965,2,4175.842716652996
29,793,0.0007064703128465319,0.40640705684156564,1.592646647968507,2,4153.098035188085
29,827,0.0007063027630263857,0.3866688651380182,1.6079433321455534,2,4095.924034007253
29,936,0.0006987414377457909,0.37840329350777324,1.536840018538118,2,3980.9676016393405
29,946,0.0006990205491165493,0.38259634579851354,1.5441640202289744,2,4059.058049710648
29,973,0.0006987432476519641,0.3807266907658553,1.5424973341466144,2,4064.0411105446274
29,975,0.0007060828258268881,0.39616705265427327,1.591468218369208,2,4151.243723059475
29,983,0.0006990223590227225,0.3849197430565956,1.5498213358374708,2,4012.4393281175617
29,1012,0.0008538427012621233,1.2428718111890271,3.551875166422729,2,4936.053146973451
29,1015,0.0008537082685679937,1.2409060960176403,3.5416988679659394,2,4951.2267693541835
29,1047,0.0006987573326261292,0.38215560136879784,1.5355488854461599,2,4019.320036493752
29,1086,0.0007060972076762792,0.4019294038392077,1.5991016225286305,2,4114.429701876106
29,1089,0.0007059627749821496,0.39996368866782095,1.5889253240718406,2,4129.229374719913
29,1123,0.000731182662829109,0.507658060666444,1.8396009113381364,2,4339.733691310008
29,1197,0.0007061407484327416,0.40388086369594606,1.604249648627507,2,4069.780717883977
29,1200,0.000706006315738612,0.4019151485245593,1.5940733501707176,2,4081.4425991339
29,1234,0.0007311622180825027,0.4271828528930754,1.8556613985446946,2,4421.234167335742
29,1269,0.0007238171214082348,0.48673780702872205,1.8005072795353416,2,4195.535643070736
29,1271,0.0007311566995831588,0.5021781689171401,1.8494781637579352,2,4332.485433871592
29,1279,0.0007240962327789932,0.49093085931946234,1.807831281226198,2,4209.651928964538
29,1343,0.000723812719561372,0.48383144662311217,1.7978177363412193,2,4215.056133615677
29,1345,0.000731152297736296,0.49927180851153014,1.8467886205638129,2,4325.214026149067
29,1353,0.0007240918309321303,0.48802449891385247,1.8051417380320758,2,4224.733688131297
29,1382,0.0007061864095592332,0.3991085860844854,1.608143453921183,2,4070.5340025196606
29,1385,0.0007060519768651036,0.39714287091309863,1.5979671554643935,2,4091.2916287396492
29,1419,0.0007311488443971693,0.5169868526309153,1.8463961526752724,2,4336.320682111053
29,1422,0.0007310144117030397,0.5150211374595285,1.8362198542184829,2,4331.4459701051055
29,1493,0.0007062412234426029,0.3806753640799402,1.6153187500111006,2,4104.810092992948
29,1533,0.0008549994001866865,1.4652060038062302,3.4656397236981342,2,5171.684187104919
29,1555,0.0008561992003928064,1.2724667971829882,3.595488047765928,2,4979.218955887561
29,1570,0.0008550418562973531,1.2720541563429069,3.59783372944677,2,4973.332686355348
29,1641,0.0007060315202747426,0.3904189602402019,1.614220244030208,2,4075.346987593114
29,1644,0.000705897087580613,0.3884532450688151,1.6040439455734186,2,4085.5759985619056
29,1715,0.000706678825926652,0.351004088673449,1.5900771070705124,2,4253.964439953344
29,1740,0.0008621213838912589,1.3655459368935539,3.6587864462545356,2,5010.7440191587675
29,1752,0.0008610984724899352,1.3670990112248593,3.671308426392167,2,5000.450365854658
29,1755,0.0008609640397958056,1.3651332960534726,3.6611321279353777,2,4990.420307678073
29,1789,0.0007070814455283576,0.4032307511889113,1.617597993463201,2,4070.612615106212
29,1792,0.000706947012834228,0.4012650360175245,1.6074216950064115,2,4108.02310581741
29,1826,0.0007070952422177248,0.3543666494343001,1.6552092723563123,2,4128.177744548079
29,1898,0.0006997869898349406,0.3722959850534234,1.5607065692481115,2,4018.5743281542755
29,1972,0.0006998027719375606,0.38539142493560224,1.5545258651149925,2,4068.4151227431144
29,1974,0.0007071423501124846,0.4008317868240202,1.603496749337586,2,4126.215345233192
29,1982,0.0007000818833083189,0.38958447722634254,1.561849866805849,2,4061.377787395049
29,2048,0.0007309289453089411,0.4330891569971569,1.9212353451791842,2,4312.727837865719
29,2073,0.0007319508500337584,0.5172047878402372,1.859808375223,2,4311.238686782357
29,2085,0.0007309279386324347,0.5187578621715426,1.8723303553606314,2,4282.136389534859
29,2088,0.0007307935059383051,0.5167921470001559,1.862154056903842,2,4293.249124836754
29,2110,0.0007082550728894643,0.4063212993339387,1.6066407559337135,2,4184.264526145633
29,2122,0.0007072321614881406,0.4078743736652441,1.619162736071345,2,4115.032737295666
29,2125,0.000707097728794011,0.4059086584938573,1.6089864376145555,2,4106.386582165581
29,2159,0.0007072386785589775,0.3941522306259971,1.619118826291094,2,4112.856299154841
29,2162,0.0007071042458648479,0.3921865154546103,1.6089425278343041,2,4095.1500451726133
29,2270,0.0008625861927681522,1.508879205286263,3.6060249600324563,2,5170.135018472229
29,2273,0.0008624517600740226,1.5069134901148762,3.595848661575667,2,5116.370868049521
29,2307,0.0007072816131741079,0.4072794297079795,1.6146583979196594,2,4102.175552790894
29,2310,0.0007071471804799783,0.4053137145365927,1.60448209946287,2,4126.046536051997
29,2344,0.0007309073701722266,0.4931444108546154,1.8651801696935988,2,4294.264567017194
29,2347,0.000730772937478097,0.49117869568322864,1.8550038712368089,2,4292.495122539401
29,2379,0.0006999815574815488,0.3775973507882049,1.5631976106638006,2,4022.5696854900434
29,2381,0.0007073211356564728,0.39303771267662285,1.6121684948863941,2,4089.8518797741644
29,2418,0.0008628064474420249,1.4778362240515983,3.6169832205541272,2,5123.174121195414
29,2455,0.0007070674309242237,0.4111046253472027,1.602806756675775,2,4134.281888343319
29,2458,0.0007069329982300941,0.40913891017581594,1.5926304582189856,2,4171.7100976431975
29,2490,0.000699282292535084,0.3771938684708373,1.5435228094250077,2,4087.4014046763923
29,2500,0.0006995614039058424,0.3813869207615776,1.5508468111158642,2,4005.4875567141535
29,2606,0.000858228839177561,1.4980443137100932,3.518328843207338,2,5143.389666997682
29,2677,0.0008586629113248428,1.2787841446671693,3.6495180017541275,2,4967.548136721559
29,2680,0.0008585284786307132,1.2768184294957825,3.639341703297338,2,4973.088250513958
29,2714,0.0007067212537814117,0.4064938281712949,1.6026669439548247,2,4065.691666752642
29,2717,0.0007065868210872821,0.40452811299990815,1.5924906454980352,2,4123.585011590301
29,2751,0.0007310308826463956,0.4259478344718339,1.8664088120918034,2,4397.581337245142
29,2754,0.000730896449952266,0.4239821193004471,1.856232513635014,2,4412.880410433492
29,2823,0.0007236885913305012,0.47348837692532947,1.8028765824474084,2,4215.991744699969
29,2825,0.0007310281695054252,0.48892873881374743,1.851847466670002,2,4312.9091252741
29,2833,0.0007239677027012595,0.47768142921606976,1.810200584138265,2,4262.933957909991
29,2862,0.0007067500949960038,0.4070970467971795,1.5961162623931195,2,4144.162294676502
29,2865,0.0007066156623018742,0.40513133162579273,1.5859399639363296,2,4195.219520107733
29,2899,0.0007067626703164033,0.34914415224582357,1.6050050762257602,2,4219.895826113969
29,2902,0.0007066282376222737,0.3471784370744368,1.5948287777689703,2,4234.798778884046
29,2936,0.0007067788749900299,0.41026452469549185,1.588825350457764,2,4172.923566437811
29,2973,0.0007310098254497469,0.5075926348032227,1.8496929795536263,2,4341.067598181472
29,2976,0.0007308753927556173,0.5056269196318359,1.8395166810968364,2,4340.133601811595
29,3045,0.0006995033493631829,0.3810944298207319,1.5528786586298167,2,4005.6005243472546
29,3047,0.0007068429275381069,0.39653479170914985,1.6018495428524102,2,4129.667169775562
29,3055,0.0006997824607339413,0.3852874821114722,1.5602026603206731,2,4042.374433211104
29,3084,0.0008597660860773378,1.3136495482184063,3.64522802875136,2,5022.624406460343
29,3087,0.0008596316533832082,1.3116838330470195,3.6350517302945704,2,5048.839510480134
29,3121,0.0007068713209711303,0.41016366052478653,1.602663914135162,2,4148.331515515105
29,3124,0.0007067368882770007,0.40819794535339976,1.5924876156783725,2,4163.826438674292
29,3158,0.000730999274899533,0.5064961990978629,1.8481951350673471,2,4316.166431645302
29,3161,0.0007308648422054034,0.5045304839264761,1.8380188366105572,2,4325.439480432234
29,3183,0.0007320171418900965,0.5070744644644541,1.8518645088073598,2,4341.818763411776
29,3195,0.0007309942304887728,0.5086275387957596,1.8643864889449913,2,4246.916623129896
29,3198,0.0007308597977946432,0.5066618236243728,1.8542101904882013,2,4301.802331094431
29,3230,0.0006995980685738686,0.3858981088293711,1.5501568046411776,2,4048.0704115459052
29,3232,0.0007069376467487927,0.40133847071778905,1.599127688863771,2,4123.018830679522
29,3257,0.0008612818556835967,1.3024082674676933,3.663058030733296,2,4998.252546475078
29,3269,0.000860258944282273,1.3039613417989988,3.6755800108709273,2,5002.432667385397
29,3272,0.0008601245115881434,1.301995626627612,3.665403712414138,2,4997.070000135391
29,3304,0.0006996553722776922,0.3850105948525467,1.5620252134647403,2,4057.899316166716
29,3306,0.0007069949504526162,0.40045095674096465,1.6109960976873339,2,4114.945877835956
29,3309,0.0007068605177584866,0.3984852415695779,1.6008197992305444,2,4161.925873735164
29,3343,0.0007308883554059725,0.4328377462403994,1.9194499261197713,2,4292.337503280082
29,3380,0.0007060031355914929,0.3506986756945952,1.5866103102777704,2,4246.53301000494
29,3417,0.000852617160139567,1.4123101953228445,3.440332275461658,2,5048.659050351347
29,3420,0.0008524827274454374,1.4103444801514577,3.4301559770048686,2,5099.748705799784
29,3491,0.0007051210847549764,0.40493541398778304,1.5663114535252922,2,4195.396733433118
29,3516,0.0007323963021902032,0.5170546461800724,1.8642812920634344,2,4316.990474348992
29,3528,0.0007313733907888795,0.5186077205113778,1.876803272201066,2,4258.66660623985
29,3531,0.0007312389580947499,0.516642005339991,1.866626973744276,2,4276.310064176851
29,3553,0.0007061934460057262,0.3959144499161807,1.5898332551056424,2,4155.4888649552295
29,3565,0.0007051705346044025,0.3974675242474861,1.602355235243274,2,4036.1246327138033
29,3568,0.0007050361019102729,0.39550180907609933,1.592178936786484,2,4082.592615052292
29,3602,0.0008472163340500889,1.315805873975928,3.367691655739843,2,5019.507520577193
29,3639,0.0007051918822105838,0.3904758968189425,1.5949169794702773,2,4098.151638119759
29,3642,0.0007050574495164542,0.38851018164755574,1.5847406810134874,2,4080.3002154987425
29,3664,0.0007323893862147777,0.4954608092202931,1.8660028112983258,2,4314.54048482323
29,3676,0.000731366474813454,0.49701388355159853,1.8785247914359573,2,4274.681455734624
29,3679,0.0007312320421193244,0.49504816838021176,1.8683484929791674,2,4308.281919614704
29,3713,0.0007313616446136916,0.4353493832481813,1.9155672196679658,2,4257.218702728976
29,3748,0.0006979135208590277,0.3766247704423766,1.538708523211811,2,4009.6265918860604
29,3750,0.0007052530990339517,0.39206513233079454,1.5876794074344045,2,4137.170417670353
29,3758,0.000698192632229786,0.3808178227331169,1.5460325249026674,2,4067.581822571317
29,3787,0.0007052581814003783,0.386848422102331,1.5995504110427712,2,4097.659058830402
29,3790,0.0007051237487062487,0.38488270693094423,1.5893741125859813,2,4120.933358057396
29,3812,0.0007062949774111424,0.34832416431016605,1.6175004471728882,2,4173.363755090069
29,3861,0.000847932301607437,1.1585197266757672,3.4630495028005024,2,4945.694545355425
29,3898,0.000847993214089269,1.3807481761396236,3.354992402616817,2,5085.10995305366
29,3935,0.0007052827089061738,0.3902827024645083,1.594953751749404,2,4063.366773302336
29,3938,0.0007051482762120442,0.38831698729312153,1.5847774532926144,2,4083.911572811061
29,3972,0.0007052845105896661,0.38522815492101115,1.6045976396348975,2,4070.850558847186
29,3975,0.0007051500778955365,0.3832624397496244,1.5944213411781076,2,4106.4909736020145
29,4046,0.0007053118045602306,0.39665243373708736,1.5965173048226484,2,4077.087250769487
29,4049,0.000705177371866101,0.3946867185657006,1.586341006365859,2,4088.639909926601
29,4071,0.0007063367297554597,0.40762205703479104,1.5928103832438407,2,4178.502031217119
29,4083,0.000705313818354136,0.40917513136609646,1.6053323633814722,2,4090.785093345794
29,4086,0.0007051793856600064,0.4072094161947097,1.5951560649246828,2,4078.575613342069
29,4120,0.0007053260809392186,0.34809394226640983,1.5927758525655422,2,4203.453963469669
29,4123,0.000705191648245089,0.34612822709502306,1.5825995541087527,2,4252.862921716513
29,4145,0.0007324100373119436,0.5171508515773168,1.8502415484340502,2,4365.845131612107
29,4157,0.0007313871259106199,0.5187039259086222,1.8627635285716817,2,4284.0694303182945
29,4160,0.0007312526932164903,0.5167382107372355,1.8525872301148918,2,4317.344265190604
29,4194,0.0007053278795555098,0.38804995675341786,1.6057130705511726,2,4091.0567013905807
29,4197,0.0007051934468613802,0.3860842415820311,1.5955367720943832,2,4101.645326074823
29,4268,0.0007050680252352581,0.39135550248487,1.6002728626142133,2,4088.1109376927375
29,4271,0.0007049335925411285,0.3893897873134832,1.5900965641574238,2,4080.1489844590606
29,4305,0.0007314752034922123,0.5193717540939427,1.8553294249452126,2,4323.861080576858
29,4308,0.0007313407707980827,0.5174060389225559,1.8451531264884227,2,4372.700234689804
29,4342,0.0007048179431481897,0.34629645186123587,1.6358671022306233,2,4153.961187572873
29,4379,0.0007314531760592975,0.5000239577805647,1.8684396434460075,2,4291.192671100157
29,4382,0.0007313187433651679,0.4980582426091779,1.858263344989218,2,4293.477796817324
29,4416,0.0008451430551148584,1.3331512867667117,3.3230443780618932,2,5064.7179228293335
29,4419,0.0008450086224207288,1.331185571595325,3.3128680796051038,2,5065.599630985457
29,4451,0.0006975684125101597,0.3754269130796141,1.53007915550215,2,4024.769098373891
29,4453,0.0007049079906850837,0.3908672749680321,1.5790500397247436,2,4140.319664319871
29,4461,0.0006978475238809181,0.3796199653703544,1.5374031571930065,2,4041.742935847409
29,4490,0.0007314329592491326,0.510193515766053,1.8549471539567581,2,4315.207219560073
29,4493,0.000731298526555003,0.5082278005946662,1.8447708554999682,2,4325.089375119875
29,4564,0.000704972630296202,0.3827996865979192,1.6009930909911083,2,4096.516207525821
29,4567,0.0007048381976020723,0.3808339714265324,1.5908167925343188,2,4121.586725305312
29,4601,0.0007049750749548854,0.3460844190189926,1.5740420755617421,2,4248.084168200194
29,4638,0.0008457542507631704,1.3472947225806322,3.3296937174990924,2,5076.144015395194
29,4641,0.0008456198180690408,1.3453290074092454,3.319517419042303,2,5044.630580393751
29,4663,0.0007060129326496949,0.3967283194118538,1.5904042085869663,2,4124.112808209111
29,4675,0.0007049900212483712,0.39828139374315924,1.6029261887245978,2,4121.590505630735
29,4678,0.0007048555885542416,0.39631567857177247,1.5927498902678083,2,4094.567134749287
29,4712,0.000846017994517541,1.2602125743382362,3.3688498459287546,2,4957.214076162798
29,4860,0.0007050487519153983,0.33730027698570575,1.5943398022023607,2,4232.7131091931
29,4897,0.0008462898342674888,1.3473710340841012,3.3372827684352746,2,5066.938853113286
29,4900,0.0008461554015733592,1.3454053189127144,3.327106469978485,2,5076.236730048851
29,4922,0.0007060776398766641,0.4026757372554579,1.5862772014186777,2,4130.681408831478
29,4934,0.0007050547284753404,0.4042288115867633,1.5987991815563092,2,4086.1273676650476
29,4937,0.0007049202957812108,0.40226309641537655,1.5886228830995193,2,4134.876985148916
29,4959,0.0007324188960126159,0.5184704118773137,1.8677663238196498,2,4293.396425537276
29,4971,0.0007313959846112922,0.5200234862086192,1.8802883039572813,2,4264.42308429945
29,4974,0.0007312615519171626,0.5180577710372324,1.8701120055004918,2,4276.13424279729
29,5008,0.0007313937445468349,0.47646515219383606,1.878780484493502,2,4268.292761646072
29,5011,0.0007312593118527053,0.4744994370224493,1.8686041860367122,2,4264.310652675128
29,5045,0.0007059958822505129,0.40473104907691476,1.600578767465488,2,4087.6601320094414
29,5048,0.0007058614495563833,0.402765333905528,1.5904024690086986,2,4091.0758108227346
29,5082,0.0007313310241461808,0.47530036463311615,1.874622207342218,2,4248.387035231574
29,5117,0.000698010734942154,0.3724839266228731,1.539646064461392,2,4056.151656286911
29,5119,0.000705350313117078,0.38792428851129107,1.5886169486839856,2,4110.785431537903
29,5127,0.0006982898463129124,0.3766769789136134,1.5469700661522485,2,4040.3240408365746
29,5154,0.0006983962957535664,0.3746228019700287,1.5471949654149308,2,4035.7470235546107
29,5156,0.0007057358739284904,0.39006316385844664,1.5961658496375244,2,4105.981632174156
29,5193,0.0007057367260217956,0.3841199672833922,1.5979835875455048,2,4148.334258724884
29,5255,0.0007067793716763249,0.39756607408920874,1.6013568857797469,2,4162.507412124649
29,5267,0.0007057564602750011,0.39911914842051416,1.6138788659173784,2,4034.920344768845
29,5270,0.0007056220275808715,0.3971534332491274,1.603702567460589,2,4071.013329145174
29,5304,0.0007057862420849918,0.4018821105625041,1.6035295705580634,2,4090.0059886651293
29,5307,0.0007056518093908622,0.39991639539111734,1.5933532721012735,2,4089.554880682336
29,5329,0.0007322541929521663,0.5166839495331772,1.8621660844506693,2,4329.245871598818
29,5341,0.0007312312815508426,0.5182370238644827,1.8746880645883008,2,4258.3484837171
29,5344,0.000731096848856713,0.5162713086930959,1.864511766131511,2,4262.533067918046
29,5415,0.0007058183043613164,0.40759188203544916,1.5945216853713213,2,4096.544709889875
29,5418,0.0007056838716671868,0.4056261668640624,1.5843453869145319,2,4146.578578996916
29,5477,0.0007068625246411986,0.407610950830955,1.587991992525121,2,4176.383771210255
29,5489,0.0007058396132398749,0.4091640251622604,1.6005139726627524,2,4105.768082291678
29,5492,0.0007057051805457453,0.40719830999087364,1.590337674205963,2,4098.921461769015
29,5524,0.0006985396908465281,0.3272406761518983,1.537843168734176,2,4160.545446936276
29,5563,0.0007312107456303951,0.4811779380063559,1.8604973899572794,2,4311.571805187023
29,5600,0.0007058925122204388,0.39076977923068573,1.6132908191642712,2,4104.094366144562
29,5603,0.0007057580795263092,0.38880406405929896,1.6031145207074813,2,4107.926462542378
29,5637,0.0007059177100312766,0.34409352165835283,1.5913309220322849,2,4222.3438908929265
29,5674,0.0007059200832508339,0.3487204847233761,1.5980869121604533,2,4240.605797898975
29,5677,0.0007057856505567043,0.3467547695519893,1.5879106137036638,2,4232.602053081608
29,5711,0.0007059617849779553,0.4077138953045533,1.5826711174172043,2,4151.361227059523
29,5736,0.0008534389643086021,1.2347299015441158,3.5556373874196088,2,4939.719877414824
29,5748,0.0008524160529072784,1.2362829758754212,3.5681593675572403,2,4919.456125214328
29,5751,0.0008522816202131488,1.2343172607040345,3.557983069100451,2,4925.985132381106
29,5785,0.0008525174099649293,1.1924543793622855,3.536274204628207,2,4961.148880217452
29,5859,0.0007312604656340221,0.5165466915930691,1.844264049515914,2,4356.843730970958
29,5862,0.0007311260329398925,0.5145809764216823,1.834087751059124,2,4332.19363252958
29,5884,0.0007323460364022596,0.518994409966566,1.8582818206403817,2,4315.654286484761
29,5896,0.0007313231250009359,0.5205474842978715,1.8708038007780132,2,4287.91827055344
29,5899,0.0007311886923068063,0.5185817691264847,1.8606275023212238,2,4315.162756615621
29,5936,0.0007311279160459157,0.5228294124417298,1.8342636739629317,2,4334.086119141887
29,5970,0.0008504803431534974,1.2879228561847604,3.459276869654263,2,4962.675496189441
29,5973,0.0008503459104593678,1.2859571410133737,3.4491005711974734,2,4994.056167716559
29,6005,0.0006980219705700027,0.3783906124796112,1.5340567588185392,2,4068.81332929514
29,6007,0.0007053615487449267,0.39383097436802916,1.5830276430411327,2,4124.986297584638
29,6015,0.0006983010819407611,0.3825836647703515,1.5413807605093957,2,4018.3256809258883
29,6044,0.0007053730953753911,0.4044296481390073,1.5851723126011437,2,4130.412809270237
29,6047,0.0007052386626812615,0.4024639329676205,1.5749960141443542,2,4161.438547793191
29,6069,0.0007064311954637665,0.4049526093459653,1.588588969548256,2,4158.012464076304
29,6081,0.0007054082840624428,0.4065056836772707,1.6011109496858875,2,4135.682538919101
29,6084,0.0007052738513683132,0.4045399685058839,1.5909346512290976,2,4138.079051233949
29,6116,0.0006980767750102981,0.3613022132228342,1.5422648314683012,2,4010.6444109395343
29,6153,0.0006980774352848938,0.3774422770719974,1.5305901099540709,2,4061.796985671797
29,6163,0.0006983565466556522,0.3816353293627377,1.5379141116449273,2,4043.042058477672
29,6192,0.0007054451050346796,0.3762165496185002,1.6043580865147908,2,4066.877749693866
29,6229,0.0007313040276939923,0.43692562052136097,1.864194259230545,2,4382.985072672725
29,6232,0.0007311695949998627,0.4349599053499742,1.854017960773755,2,4426.85394726992
29,6266,0.0007054615818651667,0.34205014126459904,1.5981622067328645,2,4225.088721584702
29,6301,0.000698125333613992,0.3758171150374592,1.537166183603194,2,4025.5486448046977
29,6303,0.000705464911788916,0.39125747692587715,1.5861370678257876,2,4162.863480919416
29,6311,0.0006984044449847503,0.3800101673281995,1.5444901852940505,2,4043.866782140816
29,6340,0.0007054837374994436,0.4026708411752376,1.596057961034588,2,4075.4720903274347
29,6343,0.000705349304805314,0.40070512600385083,1.5858816625777985,2,4081.8776860527546
29,6377,0.0007312938859793669,0.4722370561461354,1.8707711369702071,2,4303.95105257927
29,6417,0.0007311560756762868,0.5229878696848987,1.8282138463367672,2,4344.772548280532
29,6486,0.0007239424111135964,0.4907373173470643,1.8012156326877613,2,4259.270783208245
29,6488,0.0007312819892885204,0.5061776792354823,1.8501865169103549,2,4311.397590110681
29,6491,0.0007311475565943908,0.5042119640640955,1.840010218453565,2,4296.32891323085
29,6599,0.000731279434515893,0.5138700081784435,1.845969302640634,2,4314.091665175732
29,6602,0.0007311450018217634,0.5119042930070568,1.8357930041838446,2,4343.799130560916
29,6636,0.0007056365056645916,0.35009722653539455,1.6415898519867524,2,4118.193614797637
29,6747,0.0007047748576071357,0.386798419716602,1.6013577550547389,2,4096.266793232335
29,6750,0.0007046404249130061,0.38483270454521523,1.5911814565979494,2,4094.3367083195103
29,6782,0.0007235458664805952,0.4717378711950546,1.7999120247745952,2,4200.225124585202
29,6792,0.0007238249778513536,0.4759309234857949,1.8072360264654517,2,4223.656218395668
29,6821,0.0008634287658948489,1.4793966906439218,3.6368150258642276,2,5076.687060418212
29,6824,0.0008632943332007193,1.477430975472535,3.626638727407438,2,5106.968477337327
29,6846,0.0007098873616115189,0.4187403268393859,1.6181747193944247,2,4235.34602465439
29,6858,0.0007088644502101952,0.4202934011706913,1.6306966995320562,2,4112.545055003868
29,6861,0.0007087300175160656,0.41832768599930453,1.6205204010752663,2,4115.285457655806
29,6895,0.0007088786625751641,0.40087584946538424,1.6319541033167,2,4136.820472974502
29,6898,0.0007087442298810345,0.39891013429399746,1.6217778048599105,2,4141.356738439543
29,6920,0.0007099042913828977,0.40583516429789207,1.6329597399014943,2,4117.349867927747
29,6932,0.000708881379981574,0.4073882386291975,1.6454817200391259,2,4144.855517483038
29,6935,0.0007087469472874443,0.4054225234578107,1.6353054215823364,2,4111.40207020488
29,6994,0.000709935075997766,0.4172850233007138,1.6314823626055328,2,4123.345439124909
29,7006,0.0007089121645964423,0.41883809763201924,1.6440043427431643,2,4123.975484075256
29,7009,0.0007087777319023127,0.41687238246063246,1.6338280442863744,2,4121.198039732003
29,7043,0.0008746853129394157,1.3523610898348828,3.940906084158059,2,5105.030124344267
29,7046,0.0008745508802452861,1.350395374663496,3.9307297857012697,2,5091.84364357294
29,7068,0.0007315576580058336,0.5030660362968935,1.8570566129148003,2,4294.7823441163055
29,7080,0.0007305347466045099,0.504619110628199,1.8695785930524318,2,4265.3116573025
29,7083,0.0007304003139103803,0.5026533954568122,1.8594022945956423,2,4259.7690227572875
29,7117,0.0007089408836830291,0.40562200478138905,1.6374728997186714,2,4101.399361323295
29,7120,0.0007088064509888995,0.4036562896100023,1.6272966012618815,2,4098.9285954005145
29,7189,0.0007016410818870437,0.38580671298416136,1.5788330524693333,2,4030.6661050405787
29,7191,0.0007089806600619678,0.4012470748725793,1.6278039366919268,2,4127.649251504575
29,7228,0.0007089981436319519,0.395185134187226,1.6351517055107232,2,4130.852819633879
29,7302,0.0007090101732559452,0.35450074525096403,1.6269176582935305,2,4258.259842288419
29,7327,0.0007315447384872045,0.5074488509621917,1.8602260921200755,2,4297.269898133793
29,7339,0.0007305218270858808,0.5090019252934972,1.872748072257707,2,4252.703393502208
29,7342,0.0007303873943917512,0.5070362101221104,1.8625717738009175,2,4256.87011648616
29,7376,0.0007090289050042387,0.41269439640380007,1.620246561968003,2,4132.888983002633
29,7379,0.000708894472310109,0.4107286812324133,1.6100702635112132,2,4135.9367218443695
29,7413,0.0007305164657544806,0.474104265080853,1.8679621043997856,2,4295.580315337729
29,7416,0.000730382033060351,0.47213854990946624,1.8577858059429961,2,4283.490996169016
29,7450,0.000709047640464341,0.4153928847618071,1.6214676809811883,2,4138.944195283688
29,7453,0.0007089132077702114,0.4134271695904203,1.6112913825243984,2,4163.112753976409
29,7485,0.0007017082315048084,0.3807807264207984,1.5794146409718248,2,4016.6641899851575
29,7487,0.0007090478096797324,0.3962210883092164,1.6283855251944184,2,4181.902740885684
29,7524,0.0007090965662539649,0.3863910398043708,1.6408578202795465,2,4136.234728995355
29,7561,0.0007088347705420347,0.41859222801911544,1.6066619485804532,2,4142.274815155447
29,7586,0.000710135926653058,0.4154422402725468,1.6259110626626638,2,4193.191161599281
29,7598,0.0007091130152517343,0.4169953146038522,1.6384330428002953,2,4130.518803167251
29,7601,0.0007089785825576047,0.4150295994324654,1.6282567443435054,2,4132.258236739992
29,7672,0.0007305691752894721,0.5052174061591155,1.8440876718781372,2,4335.338754918321
29,7675,0.0007304347425953425,0.5032516909877287,1.8339113734213477,2,4335.449775100978
29,7709,0.0007306334182472583,0.4849793423460064,1.8526695720843338,2,4307.689752176793
29,7746,0.0007086015167340816,0.35596482432967347,1.6179260731849525,2,4260.518308757644
29,7783,0.0007306208207968073,0.427388133663742,1.8485858380043432,2,4437.455452628084
29,7820,0.0008729035266440645,1.4887259621976485,3.826015714597251,2,5078.49332743531
29,7857,0.0007306182534799731,0.504490014837788,1.8476547346349657,2,4289.310997046689
29,7860,0.0007304838207858435,0.5025242996664012,1.8374784361781757,2,4318.952081821687
29,7892,0.0007232738768766471,0.48758642350028947,1.7850517740364191,2,4300.483314298595
29,7894,0.0007306134550515712,0.5030267853887075,1.8340226582590127,2,4321.287210256406
29,7919,0.0007316354928262268,0.5083469824281192,1.8597375509375844,2,4296.700858492532
29,7931,0.0007306125814249031,0.5099000567594246,1.872259531075216,2,4242.39731680012
29,7934,0.0007304781487307735,0.5079343415880379,1.8620832326184265,2,4256.92120172361
29,7968,0.0007087023442577896,0.41788968880493216,1.6146519895468816,2,4097.1164946524605
29,7971,0.00070856791156366,0.4159239736335454,1.6044756910900921,2,4180.557085709521
29,8005,0.0007087035117756647,0.3978160998389226,1.6350791236443967,2,4089.4433700527884
29,8008,0.0007085690790815351,0.3958503846675358,1.6249028251876072,2,4112.924947039932
29,8040,0.000701375662635154,0.38682857464391224,1.5606699449629207,2,4008.4006629129804
29,8050,0.0007016547740059123,0.39102162693465253,1.5679939466537771,2,4070.2298666972283
29,8077,0.0007232587065047483,0.4793143733405322,1.8022286718606435,2,4220.251755256968
29,8079,0.0007305982846796724,0.49475473522895014,1.851199556083237,2,4296.336438650741
29,8082,0.0007304638519855428,0.49278902005756337,1.8410232576264476,2,4319.254423219241
29,8116,0.0007305965466005947,0.4934865876862652,1.8600538307199859,2,4300.867771630427
29,8119,0.0007304621139064651,0.4915208725148784,1.8498775322631964,2,4317.4583683498495
29,8153,0.0007087219429402068,0.41608726819038494,1.6266154350473814,2,4149.409517690441
29,8156,0.0007085875102460772,0.41412155301899817,1.6164391365905915,2,4154.567876192708
29,8190,0.000708756047935459,0.3908202112716559,1.6370623689292323,2,4105.298233755029
29,8215,0.0007097805714863167,0.41078441084183764,1.6317638835480777,2,4128.356477659723
29,8227,0.000708757660084993,0.41233748517314306,1.6442858636857092,2,4109.374682611294
29,8230,0.0007086232273908634,0.4103717700017563,1.6341095652289197,2,4099.759132443144
29,8264,0.0007305891452130265,0.5149310687462574,1.8329474623095976,2,4368.334962014439
29,8267,0.0007304547125188969,0.5129653535748706,1.8227711638528077,2,4358.510408708056
29,8338,0.0007305838884565791,0.4789262649404752,1.8607501623349685,2,4269.323618954028
29,8375,0.0007087747057898076,0.40239420094316297,1.637985333964938,2,4074.201316341268
29,8378,0.000708640273095678,0.4004284857717762,1.6278090355081485,2,4137.831623809841
29,8449,0.0007085837493566214,0.4059824374191828,1.6385104126603447,2,4114.3479644845
29,8452,0.0007084493166624918,0.404016722247796,1.6283341142035552,2,4109.127786383331
29,8484,0.0007017823000065349,0.3872313739054611,1.5711710134158845,2,4088.4820728527516
29,8494,0.0007020614113772933,0.3914244261962014,1.578495015106741,2,4046.2757253346517
29,8523,0.0007091508450017443,0.3540653633771518,1.6298603087590564,2,4245.370734442225
29,8548,0.0007105697987184518,0.41600875352528205,1.6305895733801812,2,4223.541579851034
29,8560,0.0007095468873171281,0.41756182785658746,1.6431115535178127,2,4088.3872215193132
29,8563,0.0007094124546229985,0.4155961126852007,1.6329352550610232,2,4138.212542757498
29,8597,0.0007095663573141535,0.424348532074603,1.6235589656045701,2,4145.53799690552
29,8600,0.0007094319246200239,0.4223828169032162,1.6133826671477807,2,4181.138809660068
29,8637,0.0008788585853588646,1.6366443330223115,3.9102448815802893,2,5123.550715276339
29,8671,0.0007096117681108985,0.3618708334076526,1.6838162664204237,2,4165.1513330540565
29,8696,0.0008801753578411712,1.4940497623882716,3.9942840685540895,2,5096.427618615371
29,8708,0.0008791524464398475,1.495602836719577,4.006806048691721,2,5057.474125914388
29,8711,0.0008790180137457179,1.4936371215481903,3.9966297502349315,2,5071.590582289116
29,8745,0.0008791854530897079,1.7291890747902328,3.8659645896399324,2,5214.937743603453
29,8782,0.0007096292086572429,0.39709949731071725,1.6402434283638243,2,4144.327867108032
29,8807,0.0007106605244664114,0.4189581875826616,1.640595589256257,2,4144.925300503187
29,8819,0.0007096376130650877,0.42051126191396704,1.6531175693938884,2,4103.046157662045
29,8822,0.0007095031803709581,0.41854554674258027,1.6429412709370985,2,4160.760199469444
29,8893,0.0007303924141618994,0.5010446717413266,1.8513555114409916,2,4277.7408670919895
29,8896,0.0007302579814677698,0.4990789565699398,1.8411792129842022,2,4322.078163435022
29,8930,0.0007303863215009805,0.5121802138370448,1.82531756474279,2,4352.769623930721
29,8967,0.0007097187831973086,0.3917167283173248,1.6503086629621126,2,4112.953330948542
29,9004,0.0007097354302080785,0.39296909818059833,1.648566937255962,2,4149.761077072451
29,9039,0.0007023971786581219,0.3934549369226421,1.5854914460621155,2,4047.380054010709
29,9041,0.000709736756833046,0.40889529881106007,1.634462330284709,2,4154.007732539676
29,9044,0.0007096023241389164,0.4069295836396733,1.624286031827919,2,4189.33502876126
29,9049,0.0007026762900288803,0.3976479892133824,1.592815447752972,2,4087.2390866350006
29,9066,0.0007107688634898597,0.42173742126873365,1.6319343005499438,2,4199.023238936231
29,9078,0.000709745952088536,0.42329049560003906,1.6444562806875753,2,4134.061689862085
29,9081,0.0007096115193944064,0.4213247804286523,1.6342799822307859,2,4136.628424190018
29,9115,0.0007097460288993655,0.3613022067121209,1.6224910322183428,2,4244.424091217903
29,9140,0.0008809914169857097,1.5668507805805434,3.9656354713948465,2,5144.72702381742
29,9152,0.000879968505584386,1.5684038549118489,3.978157451532478,2,5090.752632000102
29,9155,0.0008798340728902564,1.566438139740462,3.9679811530756885,2,5104.340287077991
29,9189,0.0007097692943573206,0.38780971906272643,1.6489799128104212,2,4177.134293478125
29,9229,0.0008799392565065968,1.6713433367429196,3.9141124727418046,2,5194.560953589613
29,9261,0.0007021706782222471,0.39410404670322063,1.5831074170665835,2,4060.119958193529
29,9263,0.0007095102563971712,0.4095444085916386,1.632078301289177,2,4145.813577624308
29,9266,0.0007093758237030416,0.4075786934202518,1.6219020028323876,2,4179.657066799859
29,9271,0.0007024497895930055,0.39829709899396093,1.59043141875744,2,4087.4461375573533
29,9298,0.0007231572694016899,0.47958331021163575,1.7830122701700382,2,4229.823351045886
29,9308,0.0007234363807724482,0.48377636250237604,1.7903362718608946,2,4216.891542360537
29,9337,0.0007094729041758737,0.42082678090727194,1.6290102084639941,2,4113.124828048466
29,9340,0.0007093384714817441,0.41886106573588516,1.6188339100072042,2,4198.303227535135
29,9362,0.0007104360384982745,0.42030474534919426,1.63335148803462,2,4154.524082795504
29,9374,0.0007094131270969508,0.4218578196804997,1.6458734681722516,2,4155.80351024924
29,9377,0.0007092786944028212,0.4198921045091129,1.6356971697154616,2,4170.749063353965
29,9409,0.0007231560007888873,0.4835528843247303,1.7957752967971845,2,4214.4268155255
29,9411,0.0007304955789638113,0.4989932462131483,1.844746181019778,2,4293.426791117045
29,9414,0.0007303611462696817,0.4970275310417615,1.8345698825629886,2,4318.428623831197
29,9436,0.000877233567922634,1.4547117512199945,3.933676299191971,2,5085.894934177204
29,9448,0.0008762106565213103,1.4562648255513,3.9461982793296024,2,5087.943295284365
29,9451,0.0008760762238271807,1.4542991103799132,3.936021980872813,2,5097.209515505848
29,9483,0.0007018526572302485,0.33513810925565246,1.570595227620073,2,4148.090533695139
29,9522,0.0007092104713757301,0.40950096217085263,1.6430935027148377,2,4107.5866172996
29,9525,0.0007090760386816005,0.40753524699946586,1.6329172042580478,2,4135.932650615615
29,9559,0.0007092135800533093,0.4006964484770749,1.6353304471720715,2,4147.854068843734
29,9633,0.0007304852411029928,0.48092345842048106,1.8695545374337392,2,4233.121135317445
29,9636,0.0007303508084088632,0.4789577432490943,1.8593782389769493,2,4251.9860451767345
29,9670,0.000709229606033667,0.4233059810541394,1.6283654912417411,2,4145.756619795798
29,9673,0.0007090951733395374,0.42134026588275264,1.6181891927849517,2,4127.3861229609165
29,9705,0.0007019195624331901,0.38757119897488546,1.5837865042188524,2,4056.825267769296
29,9707,0.0007092591406081142,0.4030115608633034,1.632757388441446,2,4133.269268298119
29,9744,0.000709294180728748,0.3515898533847559,1.6380172669803157,2,4256.8836828786425
29,9806,0.0008784092047998004,1.4842578665259027,3.9431576307615854,2,5123.410036236449
29,9818,0.0008773862933984767,1.4858109408572082,3.955679610899217,2,5067.330077595604
29,9821,0.0008772518607043471,1.4838452256858214,3.9455033124424275,2,5096.355306064442
29,9855,0.0007093473536346572,0.35814230919119344,1.6174315846988772,2,4278.712697398826
29,9880,0.0007314761224940018,0.5111241750932607,1.8564999658642396,2,4296.117339293567
29,9892,0.0007304532110926781,0.5126772494245662,1.869021946001871,2,4321.505437515799
29,9895,0.0007303187783985485,0.5107115342531794,1.8588456475450812,2,4285.031316127258
29,9927,0.0007020212142990134,0.393029672734908,1.5797719385055222,2,4070.9081312396547
29,9929,0.0007093607924739374,0.408470034623326,1.6287428227281158,2,4126.476648120604
29,9937,0.0007023003256697717,0.3972227250256483,1.5870959401963787,2,4083.46814188858
29,10003,0.0007093759598935313,0.39872087128673817,1.6341636440398832,2,4087.320056993753
29,10038,0.0007020505875988938,0.38972686378422733,1.5731757987810884,2,4026.424863968322
29,10048,0.0007023296989696521,0.3939199160749676,1.5804998004719448,2,4058.109820527973
29,10075,0.000723105168434883,0.4834918501488902,1.785149648794674,2,4196.146367071204
29,10077,0.0007304447466098071,0.49893221203730814,1.8341205330172676,2,4350.745372606261
29,10085,0.0007233842798056414,0.4876849024396305,1.7924736504855305,2,4222.081200962878
29,10114,0.0007094602528846647,0.35920590269398195,1.6329929717002503,2,4236.5899226106185
29,10117,0.0007093258201905351,0.3572401875225952,1.6228166732434604,2,4263.781558470788
29,10151,0.0007073941664004144,0.4087588211303809,1.5967201919870404,2,4182.957350822855
29,10188,0.0007085674393190328,0.4160065742839799,1.6124586091233328,2,4190.373115989199
29,10191,0.0007084330066249032,0.41404085911259314,1.602282310666543,2,4185.661605805208
29,10213,0.0008732060943529189,1.4198550958778495,3.8795459056257147,2,5058.861295758232
29,10225,0.0008721831829515952,1.421408170209155,3.892067885763346,2,5030.568376906611
29,10228,0.0008720487502574656,1.4194424550377682,3.8818915873065567,2,5029.694842438062
29,10260,0.0007004503952295333,0.3900804461790859,1.5688818313177504,2,4039.0634160294485
29,10262,0.0007077899734044573,0.40552080806750385,1.617852715540344,2,4087.5131643499667
29,10265,0.0007076555407103277,0.4035550928961171,1.6076764170835545,2,4133.535091206888
29,10287,0.0007088230612230236,0.4078917052710463,1.6159536235999363,2,4130.279604758983
29,10299,0.0007078001498216999,0.4094447796023517,1.6284756037375678,2,4094.0368973834447
29,10302,0.0007076657171275703,0.40747906443096493,1.6182993052807784,2,4105.033681362131
29,10373,0.000707814229000272,0.3488379722223559,1.6167855562743005,2,4241.266524138819
29,10410,0.0008666801190355971,1.4437405821527352,3.73624088542978,2,5054.274331075042
29,10413,0.0008665456863414675,1.4417748669813484,3.7260645869729907,2,5085.7031069929035
29,10447,0.0007078573277708489,0.41159294082254383,1.6153365034175882,2,4129.650551369547
29,10450,0.0007077228950767193,0.40962722565115706,1.6051602049607983,2,4140.236061311291
29,10472,0.0007088970892020937,0.41321195821016204,1.6158526697773001,2,4148.223110306965
29,10484,0.00070787417780077,0.41476503254146746,1.6283746499149316,2,4123.487854416253
29,10487,0.0007077397451066404,0.4127993173700807,1.6181983514581417,2,4158.703907203154
29,10521,0.0007078825837919358,0.4100557805026294,1.607208337047295,2,4133.000511485584
29,10546,0.0008680332874525431,1.4166171051977332,3.7574431997409823,2,5081.466910470461
29,10558,0.0008670103760512194,1.4181701795290387,3.769965179878614,2,5039.0227610583715
29,10561,0.0008668759433570898,1.416204464357652,3.7597888814218243,2,5065.138814789478
29,10632,0.0007307736371432453,0.4351124205885134,1.9206604585098486,2,4345.14355591039
29,10635,0.0007306392044491157,0.43314670541712663,1.9104841600530587,2,4294.948544264611
29,10669,0.0007079129518365443,0.4090337506790045,1.6252016215945857,2,4150.630415633639
29,10672,0.0007077785191424147,0.4070680355076177,1.6150253231377962,2,4107.623941160258
29,10743,0.0007079564753056219,0.3544249343980022,1.621118917644087,2,4201.034925625343
29,10746,0.0007078220426114923,0.35245921922661544,1.610942619187297,2,4244.064224079977
29,10768,0.000708993963929776,0.4156483088659815,1.6248130335872109,2,4128.376851170284
29,10780,0.0007079710525284523,0.4172013831972869,1.6373350137248424,2,4159.80365461975
29,10783,0.0007078366198343227,0.4152356680259001,1.6271587152680524,2,4154.076846528196
29,10817,0.0007079854854784021,0.34972068485188645,1.6138367323481093,2,4248.148881908769
29,10852,0.0007006628907403666,0.3881790102417869,1.5649168075206257,2,4036.1613771758953
29,10854,0.0007080024689152906,0.4036193721302049,1.6138876917432192,2,4144.63403776324
29,10862,0.0007009420021111249,0.3923720625325272,1.5722408092114821,2,4025.267832903114
29,10891,0.0008677939642693054,1.3490117762223193,3.826476157039075,2,5006.479630366852
29,10894,0.0008676595315751758,1.3470460610509325,3.8162998585822856,2,4998.053661299657
29,10965,0.0007077595767728732,0.40346076775005735,1.6254165056323338,2,4125.35948948163
29,10968,0.0007076251440787436,0.4014950525786706,1.6152402071755438,2,4150.45277683324
29,11002,0.0007080508837511055,0.401813360716185,1.6278147972822326,2,4097.364956953118
29,11005,0.0007079164510569759,0.39984764554479824,1.617638498825443,2,4111.070872037458
29,11037,0.0007003857142717666,0.3897950373729867,1.5670396353078253,2,4030.5321524061155
29,11039,0.0007077252924466906,0.40523539926140467,1.6160105195304189,2,4101.771898898893
29,11042,0.000707590859752561,0.4032696840900179,1.605834221073629,2,4118.418481625423
29,11076,0.0007077132451325003,0.351951099078451,1.6162658183463452,2,4246.148263037684
29,11079,0.0007075788124383707,0.34998538390706424,1.6060895198895553,2,4233.674888193684
29,11111,0.0007000919856482767,0.3886057884904648,1.5552241458813958,2,4030.6533597204666
29,11113,0.0007074315638232007,0.40404615037888275,1.6041950301039893,2,4147.982554443217
29,11148,0.0007235355429044711,0.46774877574178403,1.802503094141331,2,4194.996855872337
29,11224,0.0007308703009447297,0.5117956734911616,1.8522489501519974,2,4273.3934429530755
29,11227,0.0007307358682506001,0.5098299583197748,1.842072651695208,2,4353.304439945525
29,11261,0.0007308605611768539,0.5085631965979264,1.844018922093701,2,4322.8774002580985
29,11264,0.0007307261284827243,0.5065974814265396,1.8338426236369116,2,4320.685212410943
29,11286,0.0007085585374014788,0.4164355271537701,1.6192782624989972,2,4144.625431817087
29,11298,0.0007075356260001551,0.4179886014850755,1.6318002426366287,2,4085.7981979480132
29,11301,0.0007074011933060255,0.4160228863136887,1.6216239441798392,2,4100.189816345391
29,11323,0.0007085687861032187,0.40268613912673806,1.615868028113777,2,4166.716808259451
29,11335,0.000707545874701895,0.4042392134580435,1.6283900082514084,2,4072.6630260798847
29,11338,0.0007074114420077654,0.4022734982866567,1.618213709794619,2,4122.913911491438
29,11372,0.0007075515154495979,0.41582050343729354,1.6104943706645112,2,4117.303723298395
29,11375,0.0007074170827554683,0.41385478826590677,1.6003180722077213,2,4102.9552635095915
29,11409,0.0007075529564721743,0.3487344457026124,1.61041764877025,2,4221.5126930247825
29,11446,0.0007308542574666955,0.5115633507226155,1.8390827656171633,2,4334.781956952263
29,11449,0.0007307198247725659,0.5095976355512287,1.8289064671603739,2,4326.445310964773
29,11483,0.0007075682471007325,0.3925891353389318,1.6183870628388233,2,4079.069520406831
29,11508,0.000708609958063141,0.41248323803286224,1.6132380172926064,2,4145.748078630185
29,11520,0.0007075870466618173,0.41403631236416766,1.625759997430238,2,4148.946061743672
29,11523,0.0007074526139676877,0.4120705971927809,1.6155836989734484,2,4151.364844186954
29,11594,0.0007076598630230188,0.4063529183629087,1.6112381163432232,2,4131.813660564126
29,11597,0.0007075254303288892,0.40438720319152194,1.6010618178864338,2,4166.935729598734
29,11631,0.0007308313028248177,0.41888451114843384,1.859533816767859,2,4427.052872626933
29,11656,0.0008666031747115383,1.3428881324311612,3.767163409553156,2,5013.994856016176
29,11668,0.0008655802633102146,1.3444412067624667,3.7796853896907874,2,4972.492273400661
29,11671,0.000865445830616085,1.34247549159108,3.769509091233998,2,4985.842664378323
29,11705,0.0007077060564265557,0.3974807021214308,1.6215815242055274,2,4126.799033386679
29,11708,0.0007075716237324261,0.395514986950044,1.611405225748738,2,4137.666721851021
29,11740,0.0007003733701728727,0.38509127544724175,1.5553541293888418,2,4029.919547556575
29,11750,0.0007006524815436311,0.38928432773798205,1.5626781310796982,2,4080.0544144239702
29,11767,0.00086676824426495,1.4078544425013182,3.7335264035010085,2,5074.443050857089
29,11779,0.0008657453328636263,1.4094075168326237,3.74604838363864,2,5026.6304160319205
29,11782,0.0008656109001694967,1.407441801661237,3.7358720851818505,2,5054.863807574781
29,11814,0.0007003815639626884,0.3828558884645344,1.5521965706466485,2,4052.2666516474187
29,11824,0.0007006606753334468,0.3870489407552747,1.559520572337505,2,4088.023215414659
29,11853,0.0007306467788576579,0.4294756097025216,1.8556043391105224,2,4419.998861686654
29,11856,0.0007305123461635283,0.4275098945311348,1.8454280406537324,2,4436.417257985742
29,11890,0.0007080534709011266,0.41856445770905115,1.6172668600697961,2,4093.4742297326893
29,11893,0.000707919038206997,0.4165987425376644,1.6070905616130062,2,4121.127292376175
29,11915,0.0007317561618993221,0.5053566055863561,1.848547339840343,2,4351.156792649249
29,11927,0.0007307332504979984,0.5069096799176616,1.8610693199779744,2,4270.9252242847415
29,11930,0.0007305988178038688,0.5049439647462748,1.850893021521185,2,4298.844438567822
29,11964,0.0007083262814219834,0.4091357084613242,1.6308484783652548,2,4088.934385075877
29,11967,0.0007081918487278538,0.4071699932899374,1.6206721799084653,2,4083.2769733970313
29,11999,0.000700989310927915,0.3894531943914258,1.553614148399848,2,4052.943231726252
29,12038,0.0007306818664753466,0.4817408887405662,1.8672893362958258,2,4234.300144336926
29,12041,0.000730547433781217,0.4797751735691794,1.857113037839036,2,4267.467868428533
29,12073,0.0007010164538084363,0.33401475553873766,1.563868703384657,2,4153.8347107656255
29,12112,0.0008705236075537338,1.4597786459161088,3.8098437881371057,2,5088.867378724837
29,12115,0.0008703891748596042,1.457812930744722,3.799667489680316,2,5055.002816958858
29,12147,0.0007010244119195153,0.379592179853833,1.5649527693043441,2,4086.9458634949838
29,12157,0.0007013035232902737,0.3837852321445733,1.5722767709952006,2,4031.644808733891
29,12174,0.0007317024834998327,0.4970397415082902,1.852809055517381,2,4341.687805580546
29,12186,0.000730679572098509,0.49859281583959564,1.8653310356550126,2,4267.9576307237385
29,12189,0.0007305451394043794,0.49662710066820887,1.855154737198223,2,4298.02338330267
29,12211,0.0007093903729182269,0.40603876909028475,1.6217585293832175,2,4189.904236956918
29,12223,0.0007083674615169031,0.40759184342159016,1.634280509520849,2,4059.390401332606
29,12226,0.0007082330288227735,0.4056261282502034,1.6241042110640591,2,4124.55709194574
29,12297,0.0007083777275010409,0.412793761356371,1.6165365981068613,2,4115.602572845468
29,12300,0.0007082432948069113,0.41082804618498425,1.6063602996500719,2,4153.310659102244
29,12334,0.0007084023229591536,0.3529897003517698,1.674800729971083,2,4209.1275385587505
29,12371,0.0007084148424096686,0.3987434725242806,1.624111639116884,2,4139.236591447175
29,12408,0.0007084412136645096,0.4068361491277491,1.6285241532985553,2,4102.417597451235
29,12411,0.00070830678097038,0.40487043395636235,1.6183478548417654,2,4115.251427153337
29,12445,0.0007306627757540665,0.42720613928579637,1.8554716691477005,2,4384.05615897305
29,12519,0.0007084756828755844,0.41545303072258705,1.6076227447449938,2,4188.554453567773
29,12544,0.0007095053839190168,0.42159126082902804,1.620325102692441,2,4111.120508560401
29,12581,0.0008727805616825569,1.4293866201150673,3.857048306288938,2,5073.52556863847
29,12593,0.0008717576502812332,1.4309396944463728,3.8695702864265695,2,5027.818499547338
29,12596,0.0008716232175871036,1.428973979274986,3.85939398796978,2,5065.495893231998
29,12665,0.0007009809277299283,0.3936217368238812,1.5737388235272172,2,4096.601821776753
29,12667,0.0007083205059048523,0.40906209871229915,1.6227097077498107,2,4119.5824812635465
29,12670,0.0007081860732107227,0.4070963835409124,1.6125334092930212,2,4150.169618423027
29,12692,0.000731768695674108,0.5077572159225824,1.8525167376473268,2,4346.792120164531
29,12704,0.0007307457842727843,0.5093102902538879,1.8650387177849583,2,4255.856616409332
29,12707,0.0007306113515786547,0.5073445750825011,1.8548624193281684,2,4254.728314075228
29,12741,0.0007306955973445392,0.4772400944850007,1.8602066493381684,2,4289.281305235483
29,12766,0.0007092940890515772,0.41813889725533737,1.6278024089243517,2,4194.075028712087
29,12778,0.0007082711776502535,0.4196919715866428,1.6403243890619832,2,4100.650020240425
29,12781,0.0007081367449561239,0.417726256415256,1.6301480906051937,2,4127.560940420161
29,12813,0.000700770272226481,0.3759452184032559,1.5645856360001233,2,4027.3394931384855
29,12823,0.0007010493835972394,0.3801382706939962,1.5719096376909798,2,4089.1793370096507
29,12850,0.0007007818472016099,0.38597032128677533,1.5555409935985507,2,3998.840834895498
29,12860,0.0007010609585723683,0.3901633735775156,1.5628649952894071,2,4070.2094222918545
29,12887,0.0007007831180344184,0.38969789888441164,1.5496979601983654,2,4077.565829290689
29,12926,0.0008688659269071737,1.5538601760105994,3.724523260492726,2,5123.059500601523
29,12929,0.000868731494213044,1.5518944608392127,3.7143469620359366,2,5176.842010437315
29,12963,0.0007081254856660022,0.3572036881095179,1.6015957121928097,2,4249.942711861394
29,13037,0.0007307218527642581,0.49080289797563864,1.8592201658390834,2,4281.447491636679
29,13040,0.0007305874200701285,0.48883718280425187,1.8490438673822935,2,4296.536916640735
29,13062,0.0008699328678943601,1.410797504520055,3.8074397119702903,2,5078.511283313158
29,13074,0.0008689099564930364,1.4123505788513604,3.819961692107922,2,5056.499134315405
29,13077,0.0008687755237989068,1.4103848636799736,3.8097853936511323,2,5041.206331243702
29,13111,0.0007081405982733785,0.41749999866170234,1.5977833879676515,2,4166.698789824733
29,13148,0.0007081511860607393,0.4132233267671948,1.6222301431065982,2,4138.2720067132095
29,13151,0.0007080167533666097,0.41125761159580804,1.6120538446498087,2,4089.9641842042
29,13185,0.0007307167686519374,0.42722861464003997,1.9215325903323355,2,4314.315163319199
29,13222,0.0007081646430717967,0.40097690276020054,1.6374180983667128,2,4103.350217458875
29,13225,0.0007080302103776671,0.39901118758881376,1.6272417999099233,2,4105.758412974958
29,13247,0.0007091906102187245,0.4116657763869514,1.6259630582699183,2,4147.9000724026755
29,13259,0.0007081676988174008,0.4132188507182568,1.6384850384075498,2,4109.060649569917
29,13262,0.0007080332661232712,0.41125313554687004,1.6283087399507599,2,4079.3800732218424
29,13405,0.0007009063111565357,0.39019582272737185,1.5525387197192635,2,4077.18983892731
29,13481,0.0008696800707658579,1.5067796119472558,3.775698091599458,2,5055.148613481862
29,13484,0.0008695456380717283,1.504813896775869,3.7655217931426685,2,5071.463867946992
29,13518,0.0007306956896440916,0.4344893208958325,1.843205490547963,2,4439.482446183938
29,13555,0.0007303724214687916,0.4711887463042808,1.8642861465382818,2,4275.295128545295
29,13580,0.0007057832185141509,0.40426727077070557,1.5828654719098334,2,4162.249289786368
29,13592,0.0007047603071128272,0.405820345102011,1.595387452047465,2,4071.03952603366
29,13595,0.0007046258744186976,0.4038546299306242,1.585211153590675,2,4118.164034801545
29,13629,0.0007314815541288994,0.5176122958588089,1.8437655131892678,2,4367.991653119967
29,13632,0.0007313471214347698,0.5156465806874221,1.833589214732478,2,4341.0987214611905
29,13666,0.0007322714971851259,0.4265454105246457,1.8735098941195485,2,4424.477850196686
29,13740,0.0007008261633763383,0.3653534006501423,1.5610686242712495,2,4030.2077393389773
29,13743,0.0007006917306822087,0.36338768547875555,1.5508923258144596,2,4061.954312751348
29,13777,0.0007322626025287498,0.4712022836792187,1.887007930784649,2,4272.689388304738
29,13814,0.000700864345058066,0.3647955601369048,1.5551282052206847,2,4066.8398343373938
29,13849,0.0006935406633441654,0.3627684412772015,1.4846617967323414,2,4037.2340680658817
29,13888,0.0007008827287735679,0.3340788701062718,1.554201107197422,2,4173.1687491861785
29,13891,0.0007007482960794383,0.332113154934885,1.5440248087406325,2,4177.098276667366
29,13962,0.0007322513113838663,0.4204665994024577,1.950645504199752,2,4332.7779882658115
29,14073,0.0007009406541906047,0.3859765242048515,1.5423691717055714,2,4089.59202976704
29,14076,0.0007008062214964751,0.38401080903346474,1.5321928732487815,2,4139.4677794863865
29,14098,0.0007019983221963933,0.3869239982388726,1.5490773494285097,2,4060.946836955056
29,14110,0.0007009754107950696,0.388477072570178,1.5615993295661412,2,4068.6706683791804
29,14113,0.00070084097810094,0.3865113573987912,1.5514230311093513,2,4057.8899851808706
29,14147,0.0007009912269749593,0.3744888655691854,1.5572081858429918,2,4058.671919808052
29,14150,0.0007008567942808297,0.37252315039779865,1.547031887386202,2,4083.148194023583
29,14172,0.0008152890045837883,1.0018791479365015,2.9121455925812647,2,4802.469714571668
29,14184,0.0008142660931824646,1.003432222267807,2.924667572718896,2,4784.989493151782
29,14187,0.000814131660488335,1.0014665070964202,2.9144912742621067,2,4791.327996461742
29,14221,0.0007322364198288812,0.43730078897324676,1.8792296024552981,2,4396.3941699400875
29,14224,0.0007321019871347516,0.43533507380186,1.8690533039985087,2,4409.127340806014
29,14332,0.0007322358120902156,0.48735856631840635,1.8871250311098215,2,4238.434619178874
29,14335,0.000732101379396086,0.4853928511470196,1.8769487326530316,2,4275.209124274738
29,14357,0.0007018134917335317,0.3852589663153309,1.5432322718787845,2,4114.971750549897
29,14369,0.000700790580332208,0.3868120406466363,1.555754252016416,2,4092.851443705663
29,14372,0.0007006561476380784,0.38484632547524955,1.5455779535596266,2,4070.6399072099357
29,14394,0.0007021063507965272,0.3893344647912773,1.5506715552248758,2,4117.045769562876
29,14406,0.0007010834393952035,0.39088753912258273,1.5631935353625073,2,4089.564127486369
29,14409,0.0007009490067010739,0.38892182395119596,1.5530172369057174,2,4065.687903386427
29,14468,0.0007332962818645953,0.5235860737030702,1.8670893846784837,2,4335.883867735147
29,14480,0.0007322733704632716,0.5251391480343757,1.8796113648161152,2,4294.80812976811
29,14483,0.000732138937769142,0.5231734328629889,1.8694350663593258,2,4312.73676997279
29,14517,0.000700472319970497,0.38605904235324034,1.5387108453026634,2,4065.344930290518
29,14520,0.0007003378872763674,0.38409332718185357,1.5285345468458735,2,4098.851837165447
29,14591,0.0007005240864660871,0.3824236941670325,1.5307702364629252,2,4108.574141837784
29,14628,0.0007005305659891793,0.3715847192934323,1.5451718796796845,2,4078.346495860729
29,14665,0.0008101883158867062,0.9129703799106451,2.8564803145699194,2,4798.591586691118
29,14700,0.0007249804167894315,0.484723636545621,1.8112943457697992,2,4222.6347174111215
29,14702,0.0007323199949643555,0.500163998434039,1.8602652299923927,2,4321.051417181085
29,14710,0.0007252595281601899,0.4889166888363613,1.8186183474606556,2,4225.9756773997515
29,14739,0.0007005478086754149,0.3675403547477403,1.5471060060571564,2,4031.2181974967634
29,14776,0.0008111079004595642,0.8849546247171588,2.8943155707423887,2,4771.771364891491
29,14813,0.0007006005396556495,0.37154363359575276,1.547148172539988,2,4068.607117572781
29,14850,0.0008112697034274238,1.017413179710817,2.839190787568689,2,4799.636007394257
29,14853,0.0008111352707332942,1.0154474645394302,2.8290144891118993,2,4786.278730184099
29,14927,0.0007005018886249897,0.3879941178462688,1.5350342765495917,2,4124.689095948287
29,14961,0.0007006364637251136,0.38040803255032374,1.5419663659424692,2,4111.081094008312
29,14964,0.000700502031030984,0.37844231737893697,1.5317900674856797,2,4160.032201969496
29,14998,0.0007006594933968335,0.366235657392419,1.5471534669283975,2,4099.397472278846
29,15023,0.0007333197282807692,0.5116252782932416,1.8730761146567376,2,4332.524867985842
29,15035,0.0007322968168794455,0.513178352624547,1.8855980947943691,2,4257.074682990721
29,15038,0.0007321623841853159,0.5112126374531603,1.8754217963375792,2,4261.307372278824
29,15072,0.0008117119302561872,0.9523573859528557,2.86868354227618,2,4760.853208247294
29,15109,0.0008125051410213571,1.0126748020744236,2.8539315675601307,2,4821.970792416501
29,15112,0.0008123707083272275,1.0107090869030368,2.843755269103341,2,4854.332575855822
29,15146,0.0007322777758020841,0.49726912985870125,1.8843895771080952,2,4249.596492525826
29,15149,0.0007321433431079545,0.4953034146873145,1.8742132786513057,2,4298.77049628117
29,15220,0.0007007800816148328,0.33307600348584376,1.5481862315138448,2,4184.977958178481
29,15223,0.0007006456489207032,0.331110288314457,1.538009933057055,2,4195.212782207456
29,15245,0.0008103609909166024,0.9847765936508591,2.8268686524116484,2,4779.71915991029
29,15257,0.0008093380795152787,0.9863296679821646,2.83939063254928,2,4696.585669172615
29,15260,0.0008092036468211491,0.9843639528107778,2.8292143340924905,2,4800.664415269459
29,15282,0.0007332528957416067,0.5074511323874822,1.8760822907526888,2,4324.819230100827
29,15294,0.000732229984340283,0.5090042067187877,1.8886042708903203,2,4288.842333158597
29,15297,0.0007320955516461534,0.5070384915474009,1.8784279724335304,2,4281.378074146463
29,15319,0.0007021307722385181,0.39078469511799546,1.5534665463759163,2,4086.152815426893
29,15331,0.0007011078608371944,0.3923377694493009,1.5659885265135478,2,4053.904962382498
29,15334,0.0007009734281430648,0.3903720542779141,1.5558122280567583,2,4037.0637451172233
29,15405,0.0007014917023497597,0.33323937792290287,1.5421530744237488,2,4205.025230486167
29,15442,0.000818762472715561,1.0475313346711752,2.94593962357579,2,4881.022183711825
29,15479,0.0007015551231880172,0.38884509867073497,1.5394546749647673,2,4092.4768623293603
29,15553,0.0007321390906679358,0.4949691049853516,1.8841536791713542,2,4281.559973668597
29,15556,0.0007320046579738062,0.49300338981396485,1.8739773807145643,2,4283.687724067976
29,15590,0.0007016240345733675,0.3909446150198676,1.5341424587999581,2,4140.097074426371
29,15615,0.0007026498827277117,0.38759830184852356,1.5546557638528617,2,4145.101061345515
29,15627,0.000701626971326388,0.389151376179829,1.5671777439904933,2,4029.251857153135
29,15630,0.0007014925386322584,0.3871856610084422,1.5570014455337033,2,4028.1639364158914
29,15701,0.0007016487797762291,0.3321850469298269,1.5567694902541795,2,4202.613293423355
29,15738,0.0007321281022374317,0.49072764467731156,1.872487170182204,2,4301.2522700017025
29,15775,0.0007016801480630085,0.3756951896322724,1.5591841989546458,2,4082.63660986881
29,15810,0.0007247806220414258,0.4841910073109704,1.8168353014550176,2,4203.411278421933
29,15812,0.0007321202002163499,0.4996313691993884,1.8658061856776111,2,4350.461268443273
29,15820,0.0007250597334121842,0.4883840596017107,1.824159303145874,2,4268.258351631892
29,15849,0.0007321199209825452,0.5139336864503657,1.8581481982183115,2,4326.889577936582
29,15852,0.0007319854882884156,0.511967971278979,1.8479718997615215,2,4344.430590176252
29,15874,0.0007027503788583413,0.3944812499319003,1.551845471997845,2,4097.361920637826
29,15921,0.000694414161852417,0.36012661274204577,1.5043612869922467,2,4009.247919578604
29,15923,0.000701753740027341,0.37556697463046373,1.5533321712148402,2,4105.972987130136
29,15958,0.0006944174893627317,0.3602912225218318,1.497807778712676,2,4007.7834584499774
29,15968,0.00069469660073349,0.3644842748125721,1.5051317804035325,2,3992.95928238771
29,15997,0.0007017585448149271,0.3295937658999918,1.562440086797754,2,4196.976882172321
29,16034,0.000732099503747416,0.52677714262724,1.8341587899768261,2,4357.069754856046
29,16071,0.0007014644640936677,0.3879984717930029,1.5571080289107244,2,4039.592753285443
29,16074,0.0007013300313995381,0.3860327566216161,1.546931730453935,2,4067.067751380095
29,16108,0.0007010982424715319,0.3348777233656959,1.5442467045992605,2,4181.291970761006
29,16111,0.0007009638097774023,0.3329120081943091,1.534070406142471,2,4198.476480913015
29,16145,0.0007014498176506286,0.3668184386723905,1.5586216293714599,2,4067.8000085570975
29,16180,0.0006940769321890527,0.3622818909953757,1.4870670720733878,2,4051.555284280231
29,16190,0.0006943560435598111,0.366474943286116,1.4943910737642443,2,4039.3066686316442
29,16217,0.0006938039671165075,0.36189426742433584,1.4982638127485162,2,4006.123849219302
29,16219,0.0007011435452914316,0.3773346293127538,1.5472346969711097,2,4082.826414940686
29,16227,0.0006940830784872659,0.36608731971507613,1.5055878144393726,2,3998.929917030495
29,16254,0.0006938805547061462,0.3636900944190232,1.4880586975845205,2,4035.2506586856634
29,16293,0.0007012234928966327,0.38198951370628975,1.562928164905832,2,4052.5139978758402
29,16296,0.0007010890602025031,0.380023798534903,1.552751866449042,2,4061.6563732048467
29,16328,0.0006938969723392101,0.3126601201317094,1.4930774180362274,2,4095.7206556340607
29,16355,0.0007022628851738604,0.3891507907015073,1.5564861524132838,2,4066.8234421288344
29,16367,0.0007012399737725367,0.39070386503281274,1.5690081325509153,2,4070.3183075553984
29,16370,0.0007011055410784071,0.38873814986142596,1.5588318340941258,2,4101.764545866403
29,16392,0.0007332348499363591,0.5246989646583998,1.8595414940569963,2,4327.9983643531505
29,16404,0.0007322119385350354,0.5262520389897053,1.8720634741946278,2,4316.573397938541
29,16407,0.0007320775058409058,0.5242863238183185,1.861887175737838,2,4334.122892094142
29,16429,0.0007332341475594444,0.5258577837091524,1.8657715039785177,2,4377.272662540736
29,16441,0.0007322112361581207,0.5274108580404578,1.8782934841161492,2,4261.119459733748
29,16444,0.0007320768034639911,0.5254451428690711,1.8681171856593597,2,4314.941195916323
29,16503,0.0007332232269144077,0.5233798902860037,1.8553491745185218,2,4341.9484086617595
29,16515,0.000732200315513084,0.5249329646173092,1.8678711546561533,2,4319.650172743732
29,16518,0.0007320658828189544,0.5229672494459224,1.8576948561993638,2,4333.285260461925
29,16552,0.0007013086961460837,0.38127614683808836,1.559144235613282,2,4045.1169703137984
29,16555,0.0007011742634519541,0.3793104316667016,1.5489679371564922,2,4062.3153727786134
29,16589,0.0007013160762472828,0.3858830996950051,1.5435717216181484,2,4081.6188328925755
29,16626,0.0007013170101578039,0.3887456814082983,1.5307274676883598,2,4119.066221338445
29,16651,0.0008182611543548749,0.9957304134552202,2.9696122440225565,2,4814.945825115591
29,16663,0.0008172382429535512,0.9972834877865256,2.982134224160188,2,4807.701317534722
29,16666,0.0008171038102594216,0.9953177726151389,2.9719579257033986,2,4791.4758704340165
29,16688,0.0007023531687571905,0.3847593138963381,1.5495611848309534,2,4149.688317690802
29,16700,0.0007013302573558668,0.3863123882276435,1.562083164968585,2,4025.0579106378514
29,16703,0.0007011958246617372,0.38434667305625675,1.551906866511795,2,4061.0565025902
29,16774,0.0007321895725712979,0.495978439806593,1.874407108178671,2,4300.7541133047525
29,16777,0.0007320551398771683,0.49401272463520624,1.8642308097218812,2,4312.866501328611
29,16799,0.0007332113896317123,0.5271948574926268,1.8533271522815467,2,4369.439027682608
29,16811,0.0007321884782303886,0.5287479318239323,1.8658491324191782,2,4326.264486708738
29,16814,0.000732054045536259,0.5267822166525455,1.8556728339623887,2,4334.721040501674
29,16846,0.0006940539113723753,0.3600927351615461,1.4923741694710069,2,3993.1163818792543
29,16856,0.0006943330227431337,0.3642857874522864,1.4996981711618633,2,4006.042148810475
29,16922,0.0008184598993023491,1.0642962077839855,2.9486731531829524,2,4819.448823233465
29,16925,0.0008183254666082195,1.0623304926125987,2.938496854726163,2,4833.890424470862
29,16959,0.0007017871386855003,0.38632599542911217,1.5610306871305215,2,4077.2935665804116
29,16962,0.0007016527059913707,0.3843602802577254,1.5508543886737316,2,4098.613978231149
29,16996,0.0007004168513208348,0.38624486857532325,1.532808573345898,2,4063.9302180017435
29,16999,0.0007002824186267052,0.3842791534039365,1.5226322748891086,2,4115.328571277548
29,17031,0.0006929935508899021,0.35957185252518487,1.4854969194099694,2,4003.3126116461417
29,17033,0.0007003331290648261,0.37501221441360283,1.534467803632563,2,4083.1173525793847
29,17041,0.0006932726622606605,0.36376490481592516,1.4928209211008259,2,3998.950659531761
29,17070,0.0006995009594988507,0.3650181726288094,1.5475444412321773,2,4030.5953729116754
29,17073,0.0006993665268047211,0.36305245745742265,1.5373681427753874,2,4079.12876827621
29,17095,0.0007005297906836623,0.32966342416382205,1.5588558532684473,2,4140.224510842871
29,17144,0.0006995178332811569,0.37693102512038024,1.5208426535752468,2,4086.6892563649344
29,17181,0.0007325325224602804,0.5189826558671709,1.8511758056991932,2,4372.782959668178
29,17216,0.0006921884357819449,0.35135554119453094,1.4788138085470015,2,3980.75230219496
29,17226,0.0006924675471527032,0.35554859348527124,1.486137810237858,2,4027.3874324034123
29,17255,0.0007325265578078065,0.48089446223549953,1.8841550428192129,2,4285.682354148634
29,17329,0.0006996320398191662,0.32775824200962134,1.538431028381328,2,4171.160017934203
29,17366,0.0006996652026251614,0.3778100088558169,1.5442204755614601,2,4081.200296944011
29,17369,0.0006995307699310318,0.3758442936844301,1.5340441771046702,2,4088.7432408823956
29,17403,0.0008019701655080928,0.8633684463437054,2.7375192123377463,2,4704.719718487793
29,17438,0.000692341318589781,0.3490928682513148,1.4805691683665705,2,4005.6844811863207
29,17448,0.0006926204299605394,0.3532859205420551,1.487893170057427,2,3970.928031827697
29,17477,0.0007324939274375422,0.525575849626521,1.854930011883726,2,4315.039969628506
29,17480,0.0007323594947434126,0.5236101344551343,1.844753713426936,2,4359.239255819003
29,17514,0.0007324918968939059,0.5196882537983188,1.8696705796269395,2,4339.695474992214
29,17517,0.0007323574641997763,0.5177225386269321,1.85949428117015,2,4347.071732473445
29,17588,0.0006997195536178972,0.374139142425617,1.5394655415954914,2,4051.0686012564965
29,17591,0.0006995851209237676,0.37217342725423025,1.529289243138702,2,4071.5305578795824
29,17625,0.0006997238566663043,0.331905346253267,1.5395888685984258,2,4189.453125651231
29,17628,0.0006995894239721747,0.32993963108188024,1.5294125701416363,2,4189.548924814993
29,17699,0.0006997469608544171,0.3829618924853561,1.5199132739914902,2,4133.441125335215
29,17736,0.000732476032578222,0.5188977830568718,1.8720873725173282,2,4322.031554659775
29,17739,0.0007323415998840924,0.5169320678854851,1.8619110740605382,2,4330.990054449096
29,17808,0.0006924275743419363,0.3610125394716528,1.484855922652494,2,3994.6074937239982
29,17810,0.0006997671525168604,0.37645290136007076,1.5338268068750875,2,4097.861848497271
29,17813,0.0006996327198227308,0.374487186188684,1.5236505084182976,2,4098.556410670398
29,17847,0.0006994325585564996,0.38064452887468975,1.5198572337510527,2,4101.491450631316
29,17884,0.0006994184072608005,0.3777469205401053,1.527787551252056,2,4050.204077113057
29,17887,0.0006992839745666709,0.3757812053687185,1.517611252795266,2,4109.739606587629
29,17921,0.00069906669967047,0.3704729214959483,1.5396829151447644,2,4031.3185664324637
29,17924,0.0006989322669763404,0.3685072063245615,1.529506616687975,2,4063.60919215391
29,17956,0.0006917357312919407,0.3566887797058691,1.478013586548209,2,3992.5152873302673
29,17958,0.0006990753094668647,0.37212914159428706,1.5269844707708025,2,4046.4653495666785
29,17993,0.0006917814766606884,0.34952672827633624,1.4728389998997025,2,3966.071148066174
29,18003,0.0006920605880314468,0.35371978056707654,1.480163001590559,2,3992.0445306111856
29,18032,0.0006991268632948232,0.3822125738436833,1.5344277480239827,2,4048.1590542813206
29,18035,0.0006989924306006936,0.3802468586722965,1.5242514495671933,2,4045.4714767779983
29,18069,0.0007326026803376009,0.5247512125515071,1.8541658294909609,2,4367.783586640941
29,18072,0.0007324682476434713,0.5227854973801204,1.8439895310341714,2,4377.024637281812
29,18106,0.0007325976707710311,0.5168370379041857,1.8634310715801106,2,4337.462112992087
29,18109,0.0007324632380769015,0.5148713227327989,1.8532547731233207,2,4338.226274233596
29,18131,0.0007002226647359156,0.3801305656326519,1.5315197163560694,2,4067.8367630805587
29,18143,0.0006991997533345919,0.3816836399639573,1.544041696493701,2,4074.5449514270254
29,18146,0.0006990653206404623,0.37971792479257055,1.5338653980369115,2,4047.68794033444
29,18180,0.0006992168649092381,0.3628248076052112,1.5391455845000523,2,4038.3615850191845
29,18217,0.0007978651969206057,0.869044345659193,2.6617386957167617,2,4729.506203079284
29,18254,0.0007980649398391074,0.8638098077640171,2.6922121128379146,2,4724.409640813559
29,18257,0.0007979305071449778,0.8618440925926303,2.682035814381125,2,4698.426661381152
29,18279,0.0007335997810270287,0.5251631180333023,1.8576308912507362,2,4343.177921623169
29,18291,0.000732576869625705,0.5267161923646078,1.8701528713883677,2,4320.385234802569
29,18294,0.0007324424369315754,0.524750477193221,1.8599765729315778,2,4350.468465013547
29,18328,0.0006992835500110095,0.37445378008044755,1.5461510503899034,2,4028.8550609323165
29,18331,0.0006991491173168799,0.3724880649090608,1.535974751933114,2,4048.726299503868
29,18353,0.0007003236819373616,0.3275749982872573,1.5566536063014653,2,4176.62977614161
29,18400,0.0007252284275649443,0.49334516106144866,1.802777695382562,2,4239.808779811091
29,18410,0.0007255075389357027,0.49753821335218895,1.8101016970734185,2,4237.929559802544
29,18476,0.0006993297345687699,0.37835608086156886,1.5269674875408406,2,4036.479943420916
29,18479,0.0006991953018746403,0.3763903656901821,1.516791189084051,2,4074.8654648401316
29,18501,0.0008002515841445342,0.8962496926558391,2.701858011141631,2,4747.757159748404
29,18513,0.0007992286727432104,0.8978027669871446,2.7143799912792623,2,4642.370661293897
29,18516,0.0007990942400490808,0.8958370518157578,2.704203692822473,2,4676.0089592935565
29,18548,0.0007252134222456455,0.49368276052053806,1.8017953124411998,2,4256.361704149993
29,18558,0.0007254925336164039,0.49787581281127835,1.8091193141320563,2,4241.298969149569
29,18585,0.0006920544090860168,0.358694849409393,1.4742445947615237,2,3992.657819510644
29,18587,0.0006993939872609408,0.37413521129781097,1.5232154789841172,2,4131.10925024939
29,18612,0.0008004884784106399,0.9158330330770036,2.677705061211677,2,4778.575276147531
29,18624,0.0007994655670093162,0.9173861074083091,2.6902270413493086,2,4747.04761328622
29,18627,0.0007993311343151866,0.9154203922369223,2.680050742892519,2,4677.142539448578
29,18661,0.0007003413655621783,0.38674351427343784,1.5401538933479153,2,4065.876446192257
29,18664,0.0007002069328680487,0.38477779910205107,1.5299775948911258,2,4074.5962030698784
29,18698,0.0006997833291585591,0.3801837840525402,1.5363113534825525,2,4056.2375416716786
29,18701,0.0006996488964644295,0.37821806888115345,1.5261350550257626,2,4045.851023037671
29,18733,0.0006924656570091057,0.35131359443221344,1.477320567853523,2,3973.8446410164233
29,18743,0.0006927447683798641,0.35550664672295373,1.4846445695443795,2,4003.0196028658443
29,18760,0.0007334174734827512,0.5163768823301025,1.8726517723843128,2,4325.293601932918
29,18772,0.0007323945620814274,0.517929956661408,1.8851737525219443,2,4277.96098691201
29,18775,0.0007322601293872978,0.5159642414900212,1.8749974540651548,2,4258.4510583391575
29,18809,0.0007323939843964378,0.5009775266012513,1.8819408290774828,2,4305.412067366658
29,18812,0.0007322595517023082,0.49901181142986445,1.871764530620693,2,4328.285757887617
29,18834,0.0007334154219596644,0.5226514172924127,1.8674358016204833,2,4363.713328769093
29,18846,0.0007323925105583407,0.5242044916237182,1.8799577817581148,2,4299.933133643435
29,18849,0.0007322580778642111,0.5222387764523314,1.8697814833013249,2,4302.885717174824
29,18871,0.0007334151616108144,0.5290688065321959,1.8623546609860493,2,4357.357154077933
29,18886,0.0007322578175153611,0.5286561656921146,1.8647003426668913,2,4338.727568986802
29,18994,0.0007001481559179714,0.332838814624805,1.5469858718679723,2,4164.43791835332
29,18997,0.0007000137232238418,0.33087309945341825,1.5368095734111828,2,4184.514876181818
29,19031,0.0007001541262546876,0.37406246454591996,1.55429996762705,2,4026.6448130228464
29,19034,0.000700019693560558,0.3720967493745332,1.54412366917026,2,4030.525272599526
29,19068,0.000732381121692388,0.528852508249323,1.8512372054222777,2,4353.832995434357
29,19071,0.0007322466889982584,0.5268867930779362,1.8410609069654877,2,4384.770461735521
29,19105,0.0007001848358875023,0.3320043300804601,1.53191497599722,2,4169.641839407
29,19142,0.0008079109352758425,0.9595176090148263,2.80760585761799,2,4760.437180373411
29,19145,0.0008077765025817129,0.9575518938434395,2.7974295591612006,2,4797.003897835692
29,19179,0.0007002558464513976,0.38159756990831134,1.5325089187666245,2,4087.0048510677725
29,19214,0.0006929266034439092,0.3539840039598924,1.4841211834441244,2,3996.0912738704724
29,19224,0.0006932057148146675,0.3581770562506327,1.4914451851349808,2,4004.3459378861817
29,19253,0.0007002726078786828,0.3658885067537173,1.5461896554654793,2,4057.9623797592635
29,19290,0.0007002760799259582,0.36485118549409856,1.554246117277771,2,4020.193844810871
29,19293,0.0007001416472318286,0.3628854703227118,1.5440698188209816,2,4062.8175520678774
29,19364,0.0007002980256364821,0.37749300561706706,1.548647012607535,2,4039.1155067043446
29,19367,0.0007001635929423525,0.3755272904456803,1.5384707141507454,2,4064.95746219579
29,19401,0.0007323611734211803,0.43705324691470065,1.877603627333237,2,4392.113530763822
29,19404,0.0007322267407270507,0.4350875317433139,1.8674273288764476,2,4437.884706485705
29,19438,0.0007003276447866907,0.36286946205308057,1.5504883370898792,2,4067.5800644428004
29,19475,0.0007001101700757513,0.3779949364892255,1.5341258419591703,2,4096.304994470745
29,19500,0.0008052890505583744,0.8982774760524209,2.7744366786472985,2,4752.121815476568
29,19512,0.0008042661391570507,0.8998305503837264,2.78695865878493,2,4686.767008149651
29,19515,0.0008041317064629211,0.8978648352123396,2.7767823603281405,2,4732.763996282111
29,19537,0.0007334205778422029,0.5230309564542276,1.8820427331607505,2,4324.6022742678115
29,19549,0.0007323976664408792,0.5245840307855331,1.894564713298382,2,4290.303128772867
29,19552,0.0007322632337467496,0.5226183156141463,1.8843884148415921,2,4276.913654101933
29,19623,0.0006998096988996486,0.3823747787829885,1.5246585832187112,2,4082.668560675752
29,19660,0.0008044920728583783,0.8771811518279679,2.7780521829798843,2,4728.589244763549
29,19734,0.0006998471417456154,0.38330671924086746,1.5185248178746882,2,4118.161910092308
29,19771,0.0006998552117748061,0.38114856801420965,1.5243817162432607,2,4133.087294768217
29,19806,0.0006925166033660565,0.3570239293642328,1.4815798102197024,2,4017.480569674093
29,19808,0.0006998561815409805,0.37246429125265074,1.530550694442296,2,4077.324155345065
29,19816,0.0006927957147368148,0.36121698165497307,1.4889038119105589,2,4023.5759771666385
29,19845,0.0006998584162869086,0.36515759787070295,1.55243131134803,2,4054.65447536602
29,19848,0.000699723983592779,0.3631918826993162,1.54225501289124,2,4049.998697673955
29,20030,0.0006999435244017092,0.3838831139545058,1.523641918487376,2,4094.661856193839
29,20067,0.0007324284943393481,0.441808823265302,1.8596835277833685,2,4430.963621198277
29,20104,0.0008060557254090325,0.8651173199603377,2.8202506614566496,2,4767.910724957575
29,20107,0.0008059212927149029,0.8631516047889509,2.81007436299986,2,4728.238094363279
29,20141,0.0008061586877333948,0.8927275846078762,2.808345547570169,2,4740.644349089207
29,20144,0.0008060242550392652,0.8907618694364894,2.7981692491133794,2,4768.2217061199535
29,20252,0.0007000056149965341,0.38388531463480435,1.5430350594625928,2,4064.419934949951
29,20255,0.0006998711823024045,0.3819195994634176,1.5328587610058029,2,4070.3083296465006
29,20287,0.0006926839772674148,0.3546784014338544,1.478771663918705,2,4018.288986204797
29,20297,0.0006929630886381732,0.35887145372459467,1.4860956656095614,2,4022.8474255957995
29,20326,0.0007000903047020716,0.38086442147049265,1.5445755636740888,2,4057.463494098064
29,20329,0.000699955872007942,0.3788987062991059,1.5343992652172993,2,4068.8998785790623
29,20361,0.0006974084094826934,0.3691841781859763,1.5312626168686,2,4012.893885676295
29,20371,0.0006976875208534517,0.3733772304767166,1.5385866185594566,2,4072.1137319059007
29,20400,0.0007018031684964386,0.33563692232280995,1.6053460120445107,2,4130.113077754554
29,20435,0.0006944920798795841,0.351504604108806,1.5041821890449079,2,4004.9020538702976
29,20462,0.0007047819362497624,0.3962985461886518,1.5765655242754097,2,4082.1224728671596
29,20474,0.0007037590248484387,0.3978516205199572,1.5890875044130413,2,4060.2317710845978
29,20477,0.0007036245921543091,0.39588590534857043,1.5789112059562513,2,4050.0065444908487
29,20573,0.0007048237063799349,0.3962881172271794,1.5701537006757516,2,4098.596296784156
29,20585,0.0007038007949786112,0.3978411915584848,1.582675680813383,2,4128.994821585892
29,20588,0.0007036663622844816,0.395875476387098,1.5724993823565936,2,4069.7148928492607
29,20659,0.000703851501376174,0.33668617279494695,1.5835025966831386,2,4228.479714301589
29,20684,0.0007048758307657046,0.39614440623438646,1.580508013952469,2,4091.7566446024143
29,20696,0.0007038529193643809,0.3976974805656919,1.5930299940901005,2,4064.4622031357176
29,20699,0.0007037184866702513,0.3957317653943051,1.582853695633311,2,4023.144160845079
29,20733,0.0007038734284514598,0.38472578510569544,1.5891408377499703,2,4068.1741313812236
29,20736,0.0007037389957573302,0.38276006993430867,1.5789645392931808,2,4084.92007999812
29,20770,0.0007038781879035331,0.3444678819990503,1.5827140139100693,2,4201.8727586644945
29,20773,0.0007037437552094035,0.34250216682766355,1.5725377154532798,2,4218.9881783931505
29,20844,0.0007316411665067212,0.4287739053512686,1.935405030495505,2,4342.1099708379425
29,20879,0.0006966054474645042,0.32287186329080003,1.5183874481258819,2,4146.638948694518
29,20918,0.00070396053866384,0.34028471335336385,1.5783804500778067,2,4178.786222627129
29,20955,0.000703962332796833,0.3420447446395546,1.6286425232221529,2,4175.485340606609
29,20992,0.0008380676848503162,1.111831302050315,3.294800534252824,2,4888.138786331426
29,20995,0.0008379332521561866,1.1098655868789282,3.2846242357960347,2,4895.163061615676
29,21027,0.0006966506678888135,0.32176510911783096,1.5193812125986241,2,4136.185394942232
29,21103,0.00070401029351922,0.34202807525091095,1.5652965261684137,2,4224.605596913806
29,21140,0.0007040551000336843,0.3893234973372841,1.5837723490736684,2,4104.5388509359545
29,21143,0.0007039206673395547,0.38735778216589734,1.573596050616879,2,4092.8089499717566
29,21177,0.0007037571551965289,0.3440029938355392,1.6211430648445755,2,4147.760011115789
29,21212,0.0006967400421743109,0.37518295994721335,1.5151145446206584,2,4035.6407992768745
29,21251,0.000731667977223919,0.43738715743724094,1.9254129319799582,2,4321.276434453329
29,21288,0.0007316695488869188,0.4299571987875664,1.8703176268996407,2,4408.554249000373
29,21291,0.0007315351161927892,0.4279914836161796,1.8601413284428512,2,4420.3557781137415
29,21323,0.0007243959701897397,0.488759714039643,1.8044744400674357,2,4269.9200775882755
29,21325,0.0007317355483646637,0.504200075928061,1.8534453242900293,2,4337.787481793849
29,21333,0.0007246750815604981,0.4929527663303833,1.8117984417582922,2,4206.611329817724
29,21397,0.000724394509959779,0.4813172916953411,1.8138389855656807,2,4180.472371767455
29,21399,0.000731734088134703,0.49675765358375906,1.8628098697882742,2,4339.172749190033
29,21436,0.0008351635172148456,1.0731614052399097,3.263422880967514,2,4862.403290415464
29,21439,0.000835029084520716,1.0711956900685229,3.2532465825107244,2,4890.655436807513
29,21510,0.0008352509234300341,1.2170279408515625,3.1986870056206183,2,4914.462407560154
29,21513,0.0008351164907359045,1.2150622256801757,3.188510707163829,2,4911.291612131474
29,21547,0.0007317294611751869,0.500568774405588,1.8694384284709895,2,4300.231991671539
29,21550,0.0007315950284810573,0.4986030592342012,1.8592621300142,2,4295.789478506415
29,21572,0.0007327459797755015,0.5160104074494682,1.8556472910617279,2,4341.819322518859
29,21584,0.0007317230683741778,0.5175634817807737,1.8681692711993594,2,4302.371489852525
29,21587,0.0007315886356800482,0.5155977666093869,1.8579929727425695,2,4304.592934917931
29,21609,0.0007045290855169488,0.3954731606802409,1.5742080914562466,2,4073.6772165242373
29,21621,0.0007035061741156251,0.3970262350115463,1.5867300715938781,2,4067.812634444483
29,21624,0.0007033717414214955,0.39506051984015955,1.5765537731370887,2,4053.206493355854
29,21658,0.0007317204762762501,0.48464314534655367,1.8837097260113977,2,4237.5371739988905
29,21661,0.0007315860435821205,0.4826774301751669,1.8735334275546078,2,4285.099649404209
29,21683,0.0007327304250882428,0.5243436647365156,1.8450577654229803,2,4373.451174727633
29,21695,0.0007317075136869191,0.5258967390678211,1.8575797455606118,2,4357.608230910769
29,21698,0.0007315730809927895,0.5239310238964343,1.8474034471038223,2,4348.220957743694
29,21730,0.0007243654554240696,0.4910186198048019,1.8071478764083593,2,4192.636631217927
29,21732,0.0007317050335989936,0.5064589816932199,1.8561187606309528,2,4349.360056360582
29,21735,0.000731570600904864,0.5044932665218331,1.8459424621741634,2,4346.690046745535
29,21767,0.0007243580780980192,0.48377707499046696,1.805740991178988,2,4250.672286882348
29,21769,0.0007316976562729432,0.4992174368788849,1.8547118754015814,2,4314.148488520997
29,21777,0.0007246371894687776,0.48797012728120726,1.8130649928698443,2,4246.22366244307
29,21804,0.0006962813765178889,0.3562045519544483,1.5246631659157148,2,3978.445007534588
29,21843,0.0007316853962567193,0.47765610659276764,1.8737002778293164,2,4308.8925597481875
29,21880,0.0007316767088438818,0.43226972848504724,1.931795254672299,2,4325.8466920003
29,21917,0.0007036908152389124,0.3388739079996661,1.5674040246573164,2,4198.733126570793
29,21942,0.0007047270973045228,0.3987029854731983,1.5719719720128675,2,4167.568701702574
29,21954,0.0007037041859031991,0.40025605980450374,1.584493952150499,2,4080.4484407929253
29,21957,0.0007035697532090695,0.39829034463311697,1.5743176536937096,2,4102.668771263136
29,21989,0.0006963747485923936,0.3232239171849122,1.5118003574932986,2,4150.611935387558
29,22028,0.0007037255488102019,0.37869367556879396,1.5825623265831816,2,4059.7427129456546
29,22065,0.0007317356803905337,0.41849791046697454,1.8723416707549974,2,4397.448283228905
29,22090,0.0007326438068826208,0.49710199204629635,1.8719858315221636,2,4311.574320449042
29,22102,0.0007316208954812971,0.49865506637760176,1.884507811659795,2,4286.909130969727
29,22105,0.0007314864627871675,0.496689351206215,1.8743315132030052,2,4286.8112295587125
29,22139,0.000704086819331815,0.4030226118958568,1.577274715934934,2,4112.157806097775
29,22142,0.0007039523866376854,0.40105689672447004,1.5670984174781446,2,4106.155729093011
29,22176,0.0008413106729850149,1.2938243902230782,3.26430380280066,2,5027.064892363902
29,22179,0.0008411762402908853,1.2918586750516914,3.2541275043438707,2,5053.153845020957
29,22213,0.0008415049809979823,1.2667605051248705,3.2926995373069463,2,4935.493324310522
29,22216,0.0008413705483038527,1.2647947899534837,3.282523238850157,2,4922.728457012578
29,22250,0.0007044727776784472,0.3416517750108454,1.5898729943268304,2,4198.4319522708865
29,22253,0.0007043383449843176,0.33968605983945865,1.5796966958700405,2,4207.320473424648
29,22287,0.0007315329994398606,0.43122291796502193,1.9331300418637536,2,4318.628449492348
29,22349,0.0007325478449146384,0.517229172699393,1.8637077592269713,2,4329.769445453356
29,22361,0.0007315249335133147,0.5187822470306984,1.8762297393646028,2,4291.778296790156
29,22364,0.0007313905008191851,0.5168165318593116,1.8660534409078129,2,4277.81932675738
29,22396,0.0006972178875967031,0.3782369400988267,1.5368645834399812,2,4034.4928626256265
29,22398,0.0007045574657716272,0.39367730198724465,1.5858354676625748,2,4105.963755479176
29,22401,0.0007044230330774976,0.3917115868158579,1.5756591692057849,2,4090.993132962903
29,22423,0.000732542038266754,0.524449455397864,1.8502257853463022,2,4387.629566536852
29,22435,0.0007315191268654303,0.5260025297291695,1.8627477654839337,2,4283.903058525758
29,22438,0.0007313846941713007,0.5240368145577827,1.8525714670271443,2,4371.981014435661
29,22472,0.0007046088382219648,0.39749333319003943,1.5687622260803575,2,4160.505803514081
29,22509,0.0008431002099653922,1.2421084643213323,3.315408514310668,2,5005.0733689407525
29,22534,0.0007056756197271067,0.4042961153869183,1.5916526663012518,2,4152.353807291457
29,22546,0.000704652708325783,0.4058491897182237,1.6041746464388833,2,4105.3129369937615
29,22549,0.0007045182756316534,0.40388347454683693,1.5939983479820934,2,4090.782688433929
29,22571,0.0007056808810994311,0.403829311994996,1.5803178541859255,2,4166.612361557986
29,22583,0.0007046579696981074,0.4053823863263014,1.592839834323557,2,4097.8583689894795
29,22586,0.0007045235370039778,0.40341667115491464,1.5826635358667671,2,4091.2249925185274
29,22620,0.0007046850582379874,0.3984255494590517,1.5901580625936305,2,4058.603172895825
29,22623,0.0007045506255438578,0.3964598342876649,1.5799817641368405,2,4075.1175762581615
29,22655,0.0007241558090487463,0.4752554909303249,1.8091731459684368,2,4199.667099549216
29,22657,0.0007314953872236703,0.49069585281874284,1.8581440301910304,2,4328.8720001286365
29,22665,0.0007244349204195046,0.47944854322106517,1.8164971476592933,2,4249.685077412444
29,22682,0.000705720303737218,0.40249229634711947,1.5810472801643431,2,4163.68319322038
29,22694,0.0007046973923358942,0.4040453706784249,1.5935692603019747,2,4094.5026553913067
29,22697,0.0007045629596417646,0.4020796555070381,1.5833929618451852,2,4103.086676757107
29,22731,0.0007314825778272863,0.5026490272957294,1.8655200082981058,2,4227.951288753209
29,22734,0.0007313481451331567,0.5006833121243426,1.855343709841316,2,4308.771753510369
29,22768,0.0007047210012788181,0.4021114758047906,1.586732986209804,2,4150.520178462105
29,22771,0.0007045865685846885,0.40014576063340385,1.5765566877530146,2,4124.996667805925
29,22793,0.0007057442320404458,0.40062963979850935,1.5851529588158115,2,4105.819206237471
29,22805,0.0007047213206391221,0.40218271412981477,1.597674938953443,2,4083.643684596253
29,22808,0.0007045868879449925,0.400216998958428,1.5874986404966531,2,4110.7824317573595
29,22842,0.0007047279473430486,0.39990271953760703,1.5775498026894703,2,4120.974634608814
29,22845,0.000704593514648919,0.39793700436622026,1.5673735042326808,2,4191.8178913470365
29,22914,0.0006967430062451862,0.3762162422924429,1.5217637988251993,2,4029.4586499422085
29,22916,0.0007040825844201103,0.39165660418086085,1.5707346830477928,2,4123.726498545981
29,22953,0.0007043744416030597,0.37679458113272096,1.5964551466174148,2,4051.7502559966624
29,22956,0.0007042400089089301,0.3748288659613342,1.586278848160625,2,4104.309103580938
29,22990,0.0007043217757128509,0.4005350426625851,1.5658169622099445,2,4112.498460555187
29,23027,0.0007316182881951869,0.5133417224437594,1.8477355227765773,2,4366.044993041839
29,23030,0.0007314838555010573,0.5113760072723726,1.8375592243197878,2,4342.724426914479
29,23052,0.0007051144513539871,0.4025112605333172,1.5856488259859813,2,4149.395648888443
29,23064,0.0007040915399526634,0.4040643348646226,1.5981708061236128,2,4088.3989772614623
29,23067,0.0007039571072585338,0.40209861969323585,1.5879945076668234,2,4076.271500978679
29,23101,0.0007316109726488285,0.496336503335351,1.877556177483874,2,4283.138056344476
29,23104,0.0007314765399546989,0.49437078816396424,1.8673798790270841,2,4271.222145486029
29,23138,0.0007041186041714665,0.38581663540123884,1.5873735573508996,2,4071.366751822607
29,23141,0.0007039841714773369,0.38385092022985207,1.57719725889411,2,4095.149125133696
29,23175,0.0007041192945440542,0.3961748487273022,1.562259969995758,2,4175.305992852256
29,23200,0.000732633448697209,0.5216802988014781,1.8521162903481345,2,4306.639623497186
29,23212,0.0007316105372958852,0.5232333731327836,1.864638270485766,2,4291.678136705073
29,23215,0.0007314761046017556,0.5212676579613968,1.8544619720289761,2,4301.67140656756
29,23286,0.0007041419730393257,0.39892259596645885,1.5785455036466218,2,4113.685498692759
29,23289,0.0007040075403451961,0.3969568807950721,1.5683692051898324,2,4126.5112487003325
29,23311,0.0007326298646360207,0.5016287768815975,1.8711259999765466,2,4363.840431502203
29,23323,0.000731606953234697,0.5031818512129029,1.883647980114178,2,4223.745709894874
29,23326,0.0007314725205405674,0.5012161360415162,1.8734716816573886,2,4267.547496830617
29,23360,0.0007316025236542237,0.4381696964892822,1.8642788763998883,2,4383.7432114488
29,23363,0.0007314680909600941,0.43620398131789545,1.8541025779430989,2,4434.9895155160675
29,23395,0.000696824169210814,0.36823013036686236,1.5241179939489777,2,4061.6867744315887
29,23405,0.0006971032805815723,0.37242318265760266,1.5314419956398342,2,4028.012709507723
29,23471,0.0007042176844458891,0.34191013062567593,1.571767228315371,2,4220.437720864294
29,23508,0.0007315875493087495,0.5143610905834683,1.8379375868756709,2,4330.815015266323
29,23545,0.0007315873021058764,0.4335190666986599,1.8669459334559582,2,4391.326231655529
29,23548,0.0007314528694117468,0.43155335152727314,1.8567696349991683,2,4425.18879251732
29,23582,0.0007315823910090864,0.436858958697662,1.8628667524576836,2,4420.22227157116
29,23585,0.0007314479583149568,0.43489324352627523,1.8526904540008942,2,4426.833219618572
29,23607,0.000705273804749242,0.3949835293217405,1.5773844802060948,2,4140.3390996983735
29,23619,0.0007042508933479183,0.39653660365304594,1.5899064603437263,2,4061.4584265789117
29,23622,0.0007041164606537887,0.39457088848165917,1.5797301618869368,2,4090.754096732853
29,23654,0.0006969158963306862,0.37077923654542316,1.52590309312323,2,4048.290581476376
29,23656,0.0007042554745056102,0.3862195984338411,1.5748739773458236,2,4087.108021192379
29,23664,0.0006971950077014446,0.37497228883616346,1.5332270948140865,2,4039.7221129829013
29,23693,0.0007043195315000508,0.3956257719900781,1.5800903864822273,2,4065.090890625464
29,23696,0.0007041850988059212,0.3936600568186913,1.5699140880254374,2,4110.6073084795335
29,23730,0.0008404525428207338,1.1673628381041086,3.3027490906502894,2,4927.323569295739
29,23804,0.0007317367092836281,0.4839769210279156,1.8723981941289298,2,4277.948128423169
29,23839,0.0007244031576824677,0.4907435860271878,1.8031377818870111,2,4187.067538708432
29,23841,0.0007317427358573917,0.5061839479156058,1.8521086661096047,2,4349.65368648292
29,23878,0.0007320059828654089,0.42268317807401,1.947074048424672,2,4310.546420601081
29,23915,0.000702339016031189,0.33168591416956605,1.563107722797778,2,4205.3190742359675
29,23952,0.00070237400862036,0.3387841519247992,1.57060813665341,2,4185.141206000782
29,23955,0.0007022395759262304,0.33681843675341244,1.5604318381966205,2,4204.1643237651815
29,23987,0.0006950802449103284,0.3700825466864722,1.5085529477187762,2,4002.564161687784
29,23989,0.0007024198230852524,0.3855229085748902,1.5575238319413698,2,4120.728954283569
29,24026,0.0007319674483246585,0.41891149564226593,1.9479808005833261,2,4308.275851715616
29,24063,0.0007024317883999051,0.39034138542497254,1.5548099473649803,2,4101.857545260259
29,24066,0.0007022973557057755,0.38837567025358577,1.5446336489081909,2,4112.458886232322
29,24100,0.0007024323628736722,0.3835516808037879,1.5674032925374402,2,4081.483078318864
29,24103,0.0007022979301795426,0.3815859656324011,1.5572269940806502,2,4086.681049437753
29,24125,0.0007034605163415394,0.3964097323170529,1.5552631993254855,2,4129.4140853402
29,24174,0.0007319541126028892,0.4343705048425315,1.9374485395983307,2,4321.384422477486
29,24177,0.0007318196799087596,0.4324047896711447,1.9272722411415408,2,4338.295825529566
29,24199,0.0007329718339669015,0.5272929681869912,1.8532775279393872,2,4364.140181908734
29,24214,0.0007318144898714482,0.5268803273469099,1.8556232096202292,2,4366.3920078215215
29,24236,0.0007329712585428104,0.495419487066585,1.8755826224801897,2,4335.17455050711
29,24248,0.0007319483471414867,0.4969725613978904,1.8881046026178212,2,4245.771026884079
29,24251,0.0007318139144473571,0.49500684622650365,1.8779283041610313,2,4244.701048087949
29,24285,0.0007025118922924642,0.3710370323205944,1.576177633184312,2,4047.0105396373738
29,24396,0.0007319274834720252,0.43707293444152406,1.9354786038747749,2,4294.691661369582
29,24399,0.0007317930507778956,0.4351072192701373,1.9253023054179854,2,4292.921542597103
29,24433,0.0007025981120801878,0.3916858871796126,1.5514151463808052,2,4140.813864060405
29,24470,0.0007319250505527091,0.5017853985012333,1.8767457357802706,2,4281.3679543929275
29,24473,0.0007317906178585795,0.49981968332984644,1.8665694373234807,2,4288.776205144979
29,24507,0.0007319244390029416,0.5168215446978323,1.8640685826366687,2,4323.418946863196
29,24510,0.000731790006308812,0.5148558295264455,1.8538922841798793,2,4349.749236486955
29,24581,0.0007022619715425768,0.3906888873649559,1.5584604640621578,2,4079.258338082054
29,24584,0.0007021275388484472,0.3887231721935691,1.5482841656053683,2,4117.110209699473
29,24616,0.000695315634150768,0.3637362287226516,1.5153252408149016,2,4050.1534151355095
29,24618,0.000702655212325692,0.37917659061106956,1.5642961250374952,2,4074.813594933211
29,24655,0.0007022583139991369,0.371380176161376,1.5731898487030587,2,4046.2653701191134
29,24658,0.0007021238813050073,0.3694144609899892,1.5630135502462688,2,4081.556645859749
29,24680,0.0007032382618265979,0.3931581729675567,1.562487393085683,2,4096.386566829257
29,24692,0.0007022153504252742,0.3947112472988621,1.5750093732233146,2,4104.821093361756
29,24695,0.0007020809177311446,0.3927455321274753,1.5648330747665251,2,4111.285200162655
29,24717,0.0007330967931994837,0.4979214740434599,1.8740592610412503,2,4323.055208933402
29,24729,0.00073207388179816,0.4994745483747653,1.8865812411788818,2,4260.303947177005
29,24732,0.0007319394491040304,0.4975088332033785,1.876404942722092,2,4306.168834272615
29,24803,0.0007018871594933183,0.38417658537499166,1.5660049475096347,2,4054.665791469932
29,24806,0.0007017527267991887,0.3822108702036049,1.5558286490528448,2,4051.640453414917
29,24840,0.0007019201494469176,0.37011034469816984,1.5614214400998199,2,4061.4211549428587
29,24875,0.0006945822750123207,0.3597260429015321,1.4976678727303163,2,4025.929337663193
29,24885,0.000694861386383079,0.3639190951922724,1.5049918744211728,2,4031.2677303589403
29,24912,0.0006946065247259843,0.3637986311613099,1.5014804800323134,2,4021.243116980726
29,24914,0.0007019461029009083,0.37923899304972786,1.550451364254907,2,4105.771664901405
29,24922,0.0006948856360967427,0.3679916834520502,1.5088044817231698,2,4022.1243292141576
29,24951,0.0007320559603074677,0.5134240859137279,1.8574338342436536,2,4328.878468868129
29,24954,0.0007319215276133381,0.5114583707423411,1.8472575357868637,2,4341.065453930426
29,24988,0.0007019688104545539,0.33778377131073145,1.604467611419758,2,4136.107631960607
29,25025,0.000701990633145967,0.37385013907636,1.5609665608301593,2,4096.140815682719
29,25050,0.000824551862173748,1.1021253095285541,3.0257581990751254,2,4873.003507493663
29,25062,0.0008235289507724242,1.1036783838598596,3.038280179212757,2,4850.895900885007
29,25065,0.0008233945180782946,1.1017126686884728,3.0281038807559675,2,4828.330923785716
29,25087,0.0007030523876092972,0.39008794495637233,1.5580109164885076,2,4067.780675181439
29,25099,0.0007020294762079735,0.39164101928767775,1.5705328966261392,2,4098.36250267852
29,25102,0.0007018950435138439,0.389675304116291,1.5603565981693492,2,4044.4112335884483
29,25124,0.0007330707350891795,0.5235342023711618,1.861399154968082,2,4332.652388651353
29,25136,0.0007320478236878558,0.5250872767024672,1.8739211351057135,2,4308.648890339484
29,25139,0.0007319133909937262,0.5231215615310805,1.863744836648924,2,4349.645842497629
29,25171,0.0006947363857477295,0.36485350890416046,1.5102729811813438,2,3992.05947979374
29,25173,0.0007020759639226535,0.3802938707925784,1.5592438654039373,2,4105.464511309668
29,25210,0.0007020836209727989,0.3777475337522927,1.5664997478580092,2,4078.4564030229326
29,25213,0.0007019491882786693,0.3757818185809059,1.5563234494012192,2,4119.072124581785
29,25358,0.0007022010256969902,0.3688740678063971,1.5648577238587174,2,4077.2542146406618
29,25395,0.0007022046392403149,0.36445653771999714,1.574090301639079,2,4049.4499399805627
29,25430,0.0006949050185902715,0.3585579089993691,1.5028408575755199,2,4004.368674470971
29,25440,0.0006951841299610298,0.3627509612901094,1.5101648592663763,2,4003.5094271589483
29,25543,0.000702694320660577,0.38644377184575096,1.575677382222564,2,4078.606088398461
29,25546,0.0007025598879664474,0.3844780566743642,1.5655010837657741,2,4102.435685491682
29,25568,0.0007040854915469448,0.3400653609606162,1.592900707687424,2,4206.018724531442
29,25615,0.0007244854143809858,0.47193589612233655,1.813474292730295,2,4202.644837433365
29,25654,0.000703085977233373,0.34134111907533987,1.6179150209585274,2,4172.0603642503675
29,25691,0.000703118861048656,0.3969253735186165,1.5596064599302881,2,4131.369643405048
29,25694,0.0007029844283545264,0.39495965834722974,1.5494301614734987,2,4142.217655109621
29,25716,0.0007041527000514288,0.39911256278510815,1.567594553056142,2,4137.2613856477765
29,25728,0.0007031297886501051,0.40066563711641356,1.5801165331937734,2,4078.205364411233
29,25731,0.0007029953559559755,0.3986999219450268,1.5699402347369835,2,4109.089332166811
29,25765,0.0007318151355124629,0.5222678770793768,1.8461220878678017,2,4336.977857817513
29,25768,0.0007316807028183333,0.5203021619079901,1.8359457894110118,2,4347.261376382302
29,25802,0.0007031515204867852,0.3932263670741961,1.5699700640980656,2,4042.648180127954
29,25805,0.0007030170877926556,0.39126065190280934,1.5597937656412757,2,4086.7219568603887
29,25839,0.0007031613277822566,0.3964180340812932,1.55018082552815,2,4135.558439969323
29,25876,0.0007318005923944881,0.49594026728677737,1.8773014140550104,2,4271.813138123369
29,25879,0.0007316661597003585,0.4939745521153906,1.867125115598221,2,4286.4668124921445
29,25913,0.000703216960180567,0.3745089953443051,1.5759645337882566,2,4066.472243684445
29,25950,0.0007317992118162544,0.4987708010520134,1.871429108698754,2,4307.063156025582
29,25953,0.0007316647791221248,0.4968050858806266,1.861252810241964,2,4338.437012314882
29,25987,0.000703233717877124,0.3386187806895084,1.5597274025822192,2,4217.299190035719
29,26024,0.0007317810026837796,0.4855121643875026,1.874125513206998,2,4260.181983994151
29,26086,0.0007043258376751387,0.3927282267541949,1.5677603796243424,2,4138.491435217662
29,26098,0.000703302926273815,0.3942813010855003,1.580282359761974,2,4039.4565111069373
29,26101,0.0007031684935796854,0.39231558591411353,1.570106061305184,2,4073.9991472817924
29,26135,0.000833390067401728,1.1249587940638723,3.1932893745832533,2,4919.269195656168
29,26138,0.0008332556347075984,1.1229930788924856,3.183113076126464,2,4912.437589432896
29,26170,0.000696004787356996,0.35692675069847507,1.5203916098636832,2,4024.238629612804
29,26209,0.0007033979541311961,0.3671309928709554,1.5854871385693015,2,4068.579767618244
29,26320,0.0007026651721197325,0.33991541335873243,1.5504070070704579,2,4235.116871137961
29,26357,0.0007030307326247333,0.3950194675468368,1.5660688408498444,2,4121.056501730363
29,26360,0.0007028962999306037,0.39305375237545004,1.5558925423930545,2,4118.1819890886445
29,26394,0.0007318390369441064,0.4944198706002895,1.8741470534190214,2,4275.028172405651
29,26397,0.0007317046042499768,0.49245415542890275,1.8639707549622315,2,4295.649785684349
29,26505,0.0007027337615872997,0.3950672692193202,1.5636272134383375,2,4094.6114203983107
29,26508,0.0007025993288931701,0.39310155404793345,1.553450914981548,2,4116.256152183937
29,26579,0.0008293516194566907,1.093695548373436,3.122299254864325,2,4921.685216181697
29,26616,0.0007318929015563885,0.42884456205283045,1.940007970633292,2,4336.69978688667
29,26653,0.0007027539898701451,0.3929874651583157,1.5537272076670061,2,4110.372700478178
29,26725,0.0006954283566818814,0.36864383005858137,1.5028158556744948,2,4039.7183413980038
29,26764,0.0007028007195263016,0.3883066419029012,1.5535942036209476,2,4158.533333906107
29,26804,0.0007026888622307779,0.39613313077733175,1.5514021991023106,2,4156.060235302523
29,26875,0.0007028630319298271,0.37169294871996383,1.5808144207412997,2,4039.647481189119
29,26878,0.0007027285992356975,0.36972723354857706,1.5706381222845103,2,4082.0282985946797
29,26910,0.0006955407114913431,0.31985794401641954,1.503276687058023,2,4137.501830503271
29,26937,0.0007328799030831129,0.5183701197594951,1.8744583735495968,2,4287.120273930239
29,26949,0.0007318569916817892,0.5199231940908006,1.8869803536872283,2,4286.321751729871
29,26952,0.0007317225589876596,0.5179574789194138,1.8768040552304388,2,4288.253718318974
29,26984,0.0006955958333235632,0.3204438069658466,1.509145890553146,2,4107.609320540781
29,27021,0.0006956009098317886,0.36854796805421836,1.5157162719241715,2,3999.651708107445
29,27023,0.0007029404880067126,0.3839883299426363,1.564687156146765,2,4089.6177581906954
29,27031,0.000695880021202547,0.37274102034495865,1.523040273615028,2,4055.3525610356714
29,27085,0.0007328669876601036,0.5241667413378217,1.8673200661618763,2,4333.826313862205
29,27097,0.0007318440762587799,0.5257198156691272,1.8798420462995078,2,4300.51977095261
29,27100,0.0007317096435646503,0.5237541004977404,1.8696657478427179,2,4292.006891839921
29,27132,0.0006956593764830645,0.3579949561206374,1.5144489178013556,2,3998.990998152579
29,27142,0.0006959384878538229,0.3621880084113777,1.521772919492212,2,3996.8872656398858
29,27171,0.0008802451753322281,1.509895758695283,3.9973735017292826,2,5103.357685034838
29,27174,0.0008801107426380985,1.5079300435238963,3.987197203272493,2,5100.955873411068
29,27208,0.0007303654604682603,0.42712204172929663,1.9178970628534615,2,4335.520649752848
29,27282,0.0007288112714876828,0.4721625072657314,1.8439124997337317,2,4244.4796308679315
29,27285,0.0007286768387935532,0.4701967920943446,1.8337362012769423,2,4297.576928593025
29,27317,0.0007092687137394719,0.41048295855812533,1.6565732546620788,2,4087.278215985408
29,27319,0.000716608291914396,0.4259233204465433,1.7055441388846724,2,4161.624729445705
29,27393,0.0007166515540088202,0.43576399433965063,1.7105265881030358,2,4208.3622445165165
29,27396,0.0007165171213146906,0.43379827916826386,1.700350289646246,2,4210.838838232165
29,27430,0.0007166705452546382,0.4340367986166457,1.7102025462885084,2,4159.517590183369
29,27433,0.0007165361125605086,0.4320710834452589,1.7000262478317185,2,4203.957283950468
29,27455,0.0007177072897788768,0.4521127536681122,1.694124324083417,2,4247.077460144262
29,27467,0.0007166843783775531,0.4536658279994176,1.7066463042210485,2,4137.3705933515575
29,27470,0.0007165499456834235,0.45170011282803085,1.6964700057642585,2,4181.945022585267
29,27504,0.000716699070348163,0.45447804247851215,1.6881843698016632,2,4253.173500865036
29,27507,0.0007165646376540334,0.4525123273071254,1.6780080713448737,2,4237.909802178958
29,27539,0.0007093601446695546,0.41227196237485875,1.655405006819604,2,4094.3059468665324
29,27541,0.0007166997228444786,0.4277123242632767,1.7043758910421976,2,4201.019032348103
29,27566,0.0007298119104958492,0.508970542613102,1.816282577326652,2,4328.346694343944
29,27578,0.0007287889990945255,0.5105236169444075,1.8288045574642835,2,4300.394867945346
29,27581,0.0007286545664003959,0.5085579017730207,1.818628259007494,2,4321.644943572141
29,27652,0.0007167238344963757,0.4512728426538335,1.6826786715191808,2,4266.4808348812685
29,27689,0.000716743375420654,0.43214903601694643,1.711981670828426,2,4172.116865628577
29,27692,0.0007166089427265244,0.43018332084555966,1.7018053723716364,2,4203.234488774475
29,27726,0.000728782963364169,0.47271326257909574,1.8423062279672822,2,4220.9654154097
29,27763,0.0007167527874617466,0.3850254141663133,1.7592715747506364,2,4172.92745312906
29,27800,0.0009184832778799779,1.8805525987527638,4.72383780417664,2,5245.972419121965
29,27803,0.0009183488451858483,1.878586883581377,4.71366150571985,2,5238.189589437742
29,27835,0.0007214331077431964,0.46897687461585036,1.769185270297784,2,4213.007755074095
29,27845,0.0007217122191139547,0.47316992690659065,1.7765092719886404,2,4220.067337877815
29,27862,0.0007177927084976114,0.44557435774358467,1.7065083215219419,2,4245.757795774734
29,27874,0.0007167697970962877,0.4471274320748901,1.7190303016595734,2,4114.275209843823
29,27877,0.000716635364402158,0.4451617169035033,1.708854003202784,2,4140.323699450878
29,27911,0.0007167705409764314,0.4518624000655427,1.6954796461506318,2,4175.727024032697
29,27914,0.0007166361082823018,0.4498966848941559,1.6853033476938424,2,4249.807286688985
29,28022,0.0007167792657715333,0.4535681780439001,1.7011202064903514,2,4179.481294243402
29,28025,0.0007166448330774037,0.4516024628725133,1.6909439080335615,2,4188.966285985507
29,28059,0.0007288215233752276,0.4689212262018238,1.8424900764359102,2,4253.525196547225
29,28133,0.0007162292382390891,0.37631850413058654,1.6987847786243493,2,4293.009055053072
29,28158,0.0007172688499513429,0.44505651459238077,1.7069862248164682,2,4226.0222380683745
29,28170,0.0007162459385500192,0.4466095889236862,1.7195082049540997,2,4157.930356262388
29,28173,0.0007161115058558896,0.4446438737522994,1.7093319064973098,2,4161.464437960596
29,28195,0.0007172778685280452,0.4371106111399926,1.70963624841756,2,4214.468938761675
29,28207,0.0007162549571267215,0.438663685471298,1.7221582285551915,2,4151.481469445262
29,28210,0.0007161205244325919,0.43669797029991125,1.7119819300984016,2,4125.327124107376
29,28247,0.0009156631467748574,2.094871860775629,4.572045394640516,2,5335.051301939755
29,28269,0.0007173051158858355,0.45433454639068577,1.689881977961766,2,4240.816518429028
29,28353,0.0007089726427021471,0.417616224836746,1.6534133471298058,2,4101.083879568761
29,28355,0.0007163122208770712,0.43305658672516395,1.7023842313523994,2,4187.61857431337
29,28358,0.0007161777881829416,0.4310908715537772,1.69220793289561,2,4237.819472055169
29,28380,0.0007173957562024441,0.44864420444057374,1.6994672279955627,2,4248.253230544647
29,28392,0.0007163728448011204,0.45019727877187915,1.7119892081331942,2,4194.659486824921
29,28395,0.0007162384121069908,0.4482315636004924,1.7018129096764048,2,4194.530114893713
29,28464,0.0007090680263125789,0.4237881806319257,1.6382275403026334,2,4098.77598516303
29,28466,0.000716407604487503,0.43922854252034366,1.687198424525227,2,4238.060715718436
29,28491,0.0007298711743459138,0.4997865287557838,1.827756926223116,2,4309.991131667043
29,28503,0.0007288482629445901,0.5013396030870892,1.8402789063607474,2,4262.352391980126
29,28506,0.0007287138302504605,0.4993738879157024,1.830102607903958,2,4287.405912614357
29,28614,0.0007164591433118532,0.45369680389529254,1.6981969588673302,2,4193.5685489005
29,28617,0.0007163247106177236,0.45173108872390577,1.6880206604105408,2,4226.9832493235845
29,28649,0.0007091520541405085,0.357236223056106,1.6458054679463636,2,4210.522036930438
29,28762,0.0007165177445500108,0.4206194624545931,1.7101719650388092,2,4173.059124554313
29,28799,0.0007165185979409721,0.41823005194424456,1.714499638505445,2,4173.247917076455
29,28834,0.0007091919775256873,0.40995316576751456,1.653889767122525,2,4122.803261287203
29,28836,0.0007165315557006114,0.4253935276559325,1.7028606513451185,2,4210.034216779969
29,28861,0.0007172492524534449,0.453041226892921,1.7014722039442458,2,4216.199292131976
29,28873,0.0007162263410521212,0.4545943012242264,1.7139941840818773,2,4213.1613863527355
29,28876,0.0007160919083579916,0.4526285860528396,1.7038178856250878,2,4187.473856107603
29,28910,0.0007167806847939838,0.4517893538648386,1.703118718992069,2,4192.80662321891
29,28913,0.0007166462520998542,0.4498236386934518,1.6929424205352794,2,4239.910600317338
29,28945,0.0007214292412478533,0.47671783968163894,1.767619293319429,2,4217.189645042654
29,28947,0.0007287688194227773,0.4921582015700569,1.8165901775420226,2,4322.517450634176
29,28955,0.0007217083526186117,0.48091089197237924,1.7749432950102855,2,4218.7896211659945
29,28982,0.000709739882874585,0.4053077174258457,1.6592224670329823,2,4081.300869336171
29,29046,0.0007296883640853787,0.42655632576679775,1.841474463188424,2,4420.001403468724
29,29061,0.0007285310199899254,0.4261436849267164,1.8438201448692655,2,4348.548873473509
29,29083,0.0007182145614325335,0.4513738669418356,1.7003254923874325,2,4236.311759955776
29,29095,0.0007171916500312098,0.45292694127314104,1.712847472525064,2,4237.297396359922
29,29098,0.0007170572173370802,0.45096122610175426,1.702671174068274,2,4212.773568722468
29,29120,0.0007182205369262085,0.4570577084582718,1.7088457705378763,2,4221.863893859704
29,29132,0.0007171976255248847,0.45861078278957723,1.7213677506755078,2,4228.86998674516
29,29135,0.0007170631928307551,0.45664506761819046,1.711191452218718,2,4225.033032127932
29,29169,0.0007286573692038405,0.47164471020665955,1.8412571205515937,2,4225.113573500696
29,29206,0.000728647993549581,0.4663116496917553,1.8449884493479205,2,4266.568372260973
29,29243,0.0007172476309915731,0.3805090207816387,1.7122009493773263,2,4351.005606073231
29,29246,0.0007171131982974435,0.3785433056102519,1.7020246509205363,2,4332.186970813834
29,29278,0.000709912367453701,0.42683380064126875,1.639165038966023,2,4149.982460351659
29,29315,0.0007099281733691429,0.41549773159755105,1.6505113922021324,2,4110.784614324314
29,29325,0.0007102072847399013,0.41969078388829134,1.6578353938929888,2,4126.890910862496
29,29453,0.0007296519890547615,0.5015270111143665,1.8331800743769313,2,4312.615625362964
29,29465,0.0007286290776534378,0.503080085445672,1.8457020545145628,2,4280.4608360688335
29,29468,0.0007284946449593082,0.5011143702742852,1.835525756057773,2,4308.142975073328
29,29502,0.0007173159288427879,0.38140282741108855,1.7134314161681896,2,4285.698726457643
29,29505,0.0007171814961486583,0.3794371122397018,1.7032551177114001,2,4312.4577016908415
29,29539,0.0007173172858534267,0.4555967438878526,1.6938221244360165,2,4265.779164878431
29,29542,0.0007171828531592971,0.4536310287164658,1.6836458259792266,2,4283.596351414677
29,29576,0.0007173369106962544,0.45274617309266246,1.6957773834845238,2,4241.235784898292
29,29613,0.0007286256272407845,0.4235397688723109,1.8364612872280994,2,4359.891027423322
29,29616,0.0007284911945466549,0.4215740537009241,1.82628498877131,2,4375.470641573241
29,29687,0.000717059126724123,0.43434286384499404,1.7138465525702413,2,4168.39865140369
29,29690,0.0007169246940299934,0.43237714867360727,1.7036702541134519,2,4165.9953500201
29,29724,0.0007168026302097625,0.4444289612222424,1.7112072819645827,2,4172.069535416182
29,29727,0.0007166681975156329,0.44246324605085563,1.7010309835077928,2,4243.79387348497
29,29759,0.0007213551364619556,0.4630366217092876,1.7747799792886445,2,4180.839138682464
29,29769,0.000721634247832714,0.4672296740000279,1.782103980979501,2,4226.2666638454175
29,29786,0.0007180561351481767,0.4349785416627671,1.7142482690464975,2,4219.831765150912
29,29798,0.000717033223746853,0.43653161599407253,1.726770249184129,2,4139.397669536123
29,29801,0.0007168987910527234,0.43456590082268576,1.7165939507273391,2,4150.765176961033
29,29833,0.0007094688436502565,0.42759702286294954,1.6531278866772818,2,4114.2331827041835
29,29835,0.0007168084218251806,0.4430373847513675,1.7020987708998754,2,4235.537341177456
29,29838,0.000716673989131051,0.44107166957998073,1.691922472443086,2,4229.559278856964
29,29872,0.0007287605708892166,0.5117714152758173,1.8179096127022132,2,4296.875951987706
29,29875,0.000728626138195087,0.5098057001044305,1.8077333142454237,2,4345.384043060433
29,29909,0.0007168379102928475,0.42661318331668985,1.7131849488411701,2,4163.328487973326
29,29946,0.0009190471844712682,1.9094524077652235,4.721932151674263,2,5270.225940399673
29,29949,0.0009189127517771386,1.9074866925938367,4.711755853217474,2,5277.728643438783
29,29971,0.0007178748181302314,0.4439031117054334,1.70822864620841,2,4215.134010964422
29,29983,0.0007168519067289077,0.4454561860367388,1.7207506263460415,2,4208.900680404517
29,29986,0.0007167174740347781,0.44349047086535204,1.7105743278892516,2,4202.356845999988
29,30020,0.0007168627583923121,0.3775995829417928,1.700099409754586,2,4325.494739145971
29,30057,0.0007287490611450053,0.42458522184185654,1.8245613167196435,2,4408.067745373285
29,30082,0.0007179323956850799,0.4450212235367526,1.7172617434198854,2,4180.6040038738365
29,30094,0.0007169094842837562,0.446574297868058,1.7297837235575169,2,4160.62271037763
29,30097,0.0007167750515896266,0.44460858269667125,1.719607425100727,2,4198.844790059281
29,30131,0.0007287286766507699,0.5010252520253887,1.8146798396145463,2,4323.947506919854
29,30168,0.0007169228500553117,0.44171359767642926,1.7172523969512343,2,4166.374774933021
29,30171,0.0007167884173611821,0.4397478825050425,1.7070760984944444,2,4181.670026118013
29,30240,0.0007096186675682564,0.3605690325051976,1.6489784686358693,2,4225.417271519451
29,30279,0.000728718501928569,0.4182503248344777,1.8373491060816431,2,4381.068237477439
29,30282,0.0007285840692344394,0.41628460966309094,1.8271728076248532,2,4402.38773293078
29,30351,0.0007096521530771604,0.4099232854378031,1.6545192061505825,2,4152.628036372856
29,30361,0.0007099312644479188,0.4141163377285434,1.661843207841439,2,4095.586726742731
29,30388,0.0007096592723254222,0.4199882867836438,1.6582373354571067,2,4107.808782940788
29,30390,0.0007169988505003462,0.43542864867206177,1.7072082196797003,2,4208.363337602264
29,30398,0.0007099383836961805,0.4241813390743841,1.6655613371479632,2,4080.49771178933
29,30427,0.0007169995479958834,0.44785281065996074,1.6971736233529535,2,4223.689477132782
29,30430,0.0007168651153017538,0.44588709548857397,1.686997324896164,2,4231.602996340679
29,30575,0.0007173798673456753,0.4349292998903758,1.7254188540833004,2,4143.742921899444
29,30578,0.0007172454346515457,0.43296358471898905,1.7152425556265105,2,4184.861551272088
29,30600,0.0007172488019895575,0.441832153715062,1.700754341283253,2,4210.588427726146
29,30612,0.0007162258905882338,0.44338522804636743,1.7132763214208846,2,4176.292488991277
29,30615,0.0007160914578941042,0.44141951287498066,1.7031000229640947,2,4182.764628272329
29,30637,0.0007299422253837002,0.4954436704298607,1.8283082719072286,2,4307.982555101061
29,30649,0.0007289193139823765,0.4969967447611661,1.84083025204486,2,4247.246412591491
29,30652,0.0007287848812882469,0.49503102958977935,1.8306539535880701,2,4265.985700007103
29,30684,0.0007081006434170158,0.4202064020449978,1.6267311719231992,2,4131.151200449547
29,30723,0.0009113895509938229,2.01153382412871,4.496382468661432,2,5278.480241070537
29,30726,0.0009112551182996933,2.0095681089573234,4.4862061702046425,2,5313.041930369995
29,30760,0.0007290967495772583,0.4982911276345408,1.8341728667479198,2,4278.637313009632
29,30763,0.0007289623168831287,0.49632541246315404,1.8239965682911303,2,4314.341029290079
29,30785,0.0007164867136140649,0.44736751186932483,1.6835098947698155,2,4198.750142499503
29,30797,0.0007154638022127412,0.44892058620063024,1.696031874907447,2,4177.954015225115
29,30800,0.0007153293695186116,0.4469548710292435,1.6858555764506575,2,4169.985657131691
29,30871,0.0007154811570074682,0.3809943110363815,1.6959221060547,2,4287.601119530436
29,30874,0.0007153467243133386,0.3790285958649947,1.6857458075979102,2,4272.308968163321
29,30896,0.000716504394861231,0.4503317087509622,1.6771787648471461,2,4263.213682377656
29,30945,0.0007154841569425118,0.3817451174437469,1.6868522211326034,2,4300.7841904666075
29,30948,0.0007153497242483822,0.3797794022723601,1.676675922675814,2,4310.921395281929
29,30970,0.000716515468340936,0.4395706928772004,1.6951534663676506,2,4204.596526832124
29,30982,0.0007154925569396123,0.4411237672085058,1.7076754465052821,2,4120.841034973691
29,30985,0.0007153581242454827,0.43915805203711905,1.6974991480484927,2,4147.603796947449
29,31019,0.0007290798276165522,0.4279518275616662,1.9041164205159995,2,4273.743493893143
29,31022,0.0007289453949224226,0.42598611239027945,1.8939401220592096,2,4296.276229370585
29,31093,0.000715535025691612,0.4422537978130204,1.6933375908922779,2,4187.5916825193235
29,31096,0.0007154005929974824,0.4402880826416336,1.6831612924354884,2,4178.937772843734
29,31128,0.0007217330319142396,0.47077965994107746,1.7830742731714357,2,4195.020814321688
29,31130,0.0007290726100891636,0.4862200218294954,1.8320451573940293,2,4304.003517752845
29,31138,0.000722012143284998,0.47497271223181775,1.7903982748622922,2,4211.902264490067
29,31167,0.0007155763324732972,0.3734478952161222,1.6890527591519446,2,4323.2177357764085
29,31229,0.0007166109551556522,0.4527813533808573,1.6921975067723527,2,4219.2827691361035
29,31303,0.0007166344930152689,0.44016080375354744,1.6924464868067544,2,4256.264526273887
29,31315,0.0007156115816139452,0.44171387808485285,1.7049684669443859,2,4126.9259708792015
29,31318,0.0007154771489198156,0.4397481629134661,1.6947921684875964,2,4105.709749345794
29,31352,0.000715622120703588,0.4347409500407888,1.7019281515678375,2,4136.41272147584
29,31355,0.0007154876880094584,0.432775234869402,1.691751853111048,2,4142.830628830242
29,31377,0.0007164608651075036,0.43512666708957015,1.69548706374708,2,4211.155623416465
29,31389,0.0007154379537061799,0.43667974142087557,1.7080090438847115,2,4182.015574436816
29,31392,0.0007153035210120503,0.4347140262494888,1.697832745427922,2,4151.518470810297
29,31426,0.0007156318661323884,0.42110997977663056,1.700059737464171,2,4145.977375064592
29,31463,0.0007154331317998686,0.4458551287094149,1.694067912673515,2,4155.072766721263
29,31466,0.000715298699105739,0.44388941353802813,1.6838916142167255,2,4213.84639039326
29,31500,0.000715382266453744,0.43583319869723014,1.6987662559854284,2,4160.990067693339
29,31503,0.0007152478337596144,0.43386748352584337,1.6885899575286385,2,4161.823499629963
29,31537,0.0007291883597037345,0.41997386486572,1.9063650954003943,2,4316.729850880534
29,31562,0.0007302104413773548,0.5104955998417977,1.8278865836303622,2,4296.220079666887
29,31574,0.0007291875299760311,0.5120486741731032,1.8404085637679937,2,4288.983732402109
29,31577,0.0007290530972819015,0.5100829590017164,1.8302322653112038,2,4284.155893680498
29,31611,0.0009094033381777258,1.995634399495294,4.455273805353327,2,5303.94196297172
29,31614,0.0009092689054835962,1.9936686843239073,4.445097506896538,2,5331.095121007341
29,31673,0.0007161957539253504,0.43608181218522873,1.691811558229523,2,4181.900592816506
29,31685,0.0007151728425240267,0.43763488651653415,1.7043335383671545,2,4190.1491150256725
29,31688,0.0007150384098298971,0.4356691713451474,1.694157239910365,2,4218.64011708897
29,31722,0.000729154602023782,0.41954243210208025,1.8386664007978601,2,4408.796564491602
29,31757,0.0007078592550409317,0.4100704045589909,1.637774277070629,2,4104.478009547769
29,31759,0.0007151988332158557,0.4255107664474089,1.6867451612932225,2,4168.37664415986
29,31767,0.00070813836641169,0.4142634568497312,1.6450982787614854,2,4099.5723626902545
29,31796,0.0007152030599750962,0.41139922415546354,1.7046045314890876,2,4156.307799488807
29,31833,0.0007291486449949336,0.48420219981094864,1.8485056243581193,2,4229.279710767788
29,31836,0.000729014212300804,0.48223648463956187,1.8383293259013298,2,4265.772983383142
29,31870,0.0007291474010505294,0.46742535671260654,1.8512150830509486,2,4240.003169603656
29,31907,0.0009104434837551424,1.9518721415306393,4.506262323683934,2,5251.888937381723
29,31910,0.0009103090510610128,1.9499064263592525,4.496086025227145,2,5242.087209988256
29,31944,0.0007152748202554107,0.3807546806934309,1.689141402371403,2,4288.137452818408
29,31947,0.0007151403875612811,0.3787889655220441,1.6789651039146132,2,4313.048998625826
29,32018,0.000729127116054627,0.5070413777091111,1.8306370297625434,2,4312.323143086326
29,32021,0.0007289926833604975,0.5050756625377243,1.8204607313057535,2,4282.438343393594
29,32055,0.0007153046792403279,0.4297637449750987,1.6957681584672448,2,4202.274300404731
29,32058,0.0007151702465461983,0.42779802980371195,1.685591860010455,2,4212.008043958179
29,32166,0.0007153531301082603,0.42686877024990866,1.7103078990857559,2,4125.648597299108
29,32169,0.0007152186974141307,0.4249030550785219,1.7001316006289664,2,4174.310867152338
29,32203,0.0007153692150865448,0.37421799720564086,1.6919537573944607,2,4293.27172445972
29,32206,0.0007152347823924152,0.3722522820342541,1.6817774589376708,2,4299.615230457391
29,32277,0.0007289149707791558,0.4773042487605584,1.8442439164877413,2,4244.556082004276
29,32280,0.0007287805380850262,0.4753385335891716,1.8340676180309519,2,4296.604668905128
29,32314,0.0007156421124109285,0.4498154907898411,1.6835549179814926,2,4231.163610882562
29,32317,0.0007155076797167989,0.44784977561845435,1.6733786195247027,2,4245.536973580656
29,32388,0.0007289987070986811,0.46489525334641524,1.8477578991513877,2,4283.50835141143
29,32425,0.0007289783305257554,0.4166472437567531,1.90892659131885,2,4305.721320419693
29,32487,0.000717024044613644,0.4408922400433359,1.7063547604557225,2,4193.833504574689
29,32499,0.0007160011332123203,0.4424453143746413,1.718876740593354,2,4175.205635255364
29,32502,0.0007158667005181907,0.4404795992032545,1.7087004421365641,2,4229.909617805123
29,32524,0.000717034869049244,0.4523023677113732,1.685413044954358,2,4272.336835124161
29,32539,0.0007158775249537907,0.45188972687129186,1.6877587266352,2,4196.968915942462
29,32561,0.0007170525499145778,0.4340228465295488,1.7034657049453479,2,4196.491485017491
29,32573,0.0007160296385132541,0.4355759208608542,1.7159876850829794,2,4119.037759170581
29,32576,0.0007158952058191245,0.43361020568946745,1.7058113866261895,2,4187.01546842098
29,32610,0.0007160351127823087,0.4235153829222284,1.7068697397378618,2,4151.802393611317
29,32647,0.0007160365556287399,0.3799696267010655,1.7072118317108664,2,4269.923192753485
29,32650,0.0007159021229346103,0.3780039115296787,1.6970355332540765,2,4266.689053957763
29,32684,0.0007160368361891549,0.4246456489866129,1.7169354585287562,2,4111.988726409861
29,32687,0.0007159024034950253,0.4226799338152261,1.7067591600719663,2,4146.602579809995
29,32721,0.0007160644151804204,0.38224810636250056,1.6860793664403229,2,4322.322011568468
29,32746,0.000717094337187921,0.45261629106177875,1.6987069025683104,2,4187.990508826332
29,32758,0.0007160714257865973,0.45416936539308417,1.7112288827059419,2,4217.47998715782
29,32761,0.0007159369930924677,0.4522036502216974,1.7010525842491524,2,4174.3139514294835
29,32783,0.0007170972303554091,0.4386188355237169,1.7078612049323043,2,4174.052953329844
29,32795,0.0007160743189540854,0.4401719098550223,1.7203831850699358,2,4130.618911709014
29,32798,0.0007159398862599558,0.43820619468363553,1.7102068866131463,2,4145.351517731925
29,32857,0.0007171507387018545,0.4508972597821639,1.6859454428481628,2,4198.721645599196
29,32869,0.0007161278273005308,0.4524503341134693,1.6984674229857943,2,4191.89325508731
29,32872,0.0007159933946064012,0.4504846189420825,1.6882911245290044,2,4201.3759702306625
29,32894,0.0007171581081759486,0.4534723889708529,1.7016432411816376,2,4166.926797562337
29,32906,0.0007161351967746249,0.4550254633021583,1.714165221319269,2,4210.9782570302
29,32909,0.0007160007640804953,0.45305974813077154,1.7039889228624792,2,4181.814343696632
29,32980,0.0007289342552839518,0.5059643237248116,1.8107097119330966,2,4338.389968612959
29,33017,0.0007161958335424079,0.45191838974084686,1.694246925047433,2,4199.159920744225
29,33020,0.0007160614008482783,0.4499526745694601,1.684070626590643,2,4188.3965059845
29,33054,0.0007161989056014293,0.37999062065195954,1.7017253410403925,2,4296.936032748168
29,33057,0.0007160644729072997,0.37802490548057277,1.691549042583603,2,4288.924000868971
29,33079,0.0007300251896669997,0.5087544609005656,1.83296006155813,2,4268.484699541375
29,33091,0.000729002278265676,0.5103075352318711,1.8454820416957616,2,4318.176330514349
29,33094,0.0007288678455715464,0.5083418200604843,1.835305743238972,2,4267.992698566568
29,33126,0.0007083362683580101,0.3574836371580269,1.6307580532763821,2,4242.876540315602
29,33153,0.000716928838787785,0.43672559930956223,1.6981830627069359,2,4204.037289989104
29,33165,0.0007159059273864613,0.43827867364086764,1.7107050428445674,2,4152.094263060748
29,33168,0.0007157714946923317,0.43631295846948087,1.7005287443877775,2,4155.289535809881
29,33202,0.0009138377472808484,2.1306220829769775,4.511126406439029,2,5368.785113343812
29,33205,0.0009137033145867188,2.1286563678055908,4.50095010798224,2,5325.087705529493
29,33276,0.0007157143709913777,0.42671075488906846,1.7132732144573142,2,4158.756688728935
29,33279,0.0007155799382972481,0.4247450397176817,1.7030969160005243,2,4182.504626490514
29,33311,0.000708387391725273,0.41928471567130715,1.6394659539902872,2,4136.995126747708
29,33313,0.000715726969900197,0.4347250775597251,1.6884368382128807,2,4175.567697142505
29,33321,0.0007086665030960314,0.42347776796204745,1.6467899556811436,2,4085.179967529825
29,33353,0.0009128024248055797,2.077913659910447,4.506775066322903,2,5339.613564126583
29,33387,0.0007157362837410897,0.44895452678362846,1.6922439083448508,2,4158.417419774754
29,33390,0.0007156018510469601,0.4469888116122417,1.682067609888061,2,4181.111020868003
29,33449,0.0007167644163244275,0.449009580129166,1.6862791793054948,2,4207.474884432687
29,33461,0.0007157415049231038,0.4505626544604714,1.6988011594431263,2,4202.243602559377
29,33464,0.0007156070722289742,0.4485969392890846,1.6886248609863364,2,4185.753113630773
29,33498,0.0007157416452409085,0.4170488433256992,1.7016318114015792,2,4147.335815912124
29,33533,0.0007084177976425191,0.4217675351132137,1.6325908007041017,2,4093.074063971013
29,33535,0.0007157573758174432,0.43720789700163165,1.6815616849266952,2,4238.4411241116095
29,33560,0.0007167809909022614,0.45199857854233,1.7045935825026177,2,4167.296035621579
29,33572,0.0007157580795009377,0.4535516528736354,1.7171155626402492,2,4167.708825803593
29,33575,0.0007156236468068081,0.45158593770224864,1.7069392641834593,2,4178.161193520446
29,33634,0.0007300569315053616,0.5125097071068525,1.8212381535841207,2,4331.594371038875
29,33646,0.0007290340201040379,0.514062781438158,1.8337601337217522,2,4337.508039150641
29,33649,0.0007288995874099083,0.5120970662667712,1.8235838352649623,2,4298.5469333991705
29,33671,0.0007168093776778969,0.4393347140030985,1.6945126153933732,2,4216.6411225179
29,33683,0.0007157864662765732,0.4408877883344039,1.7070345955310047,2,4196.941327206331
29,33686,0.0007156520335824436,0.4389220731630171,1.6968582970742148,2,4223.359757031268
29,33757,0.0007158084553427977,0.41722809421867,1.7103990786352519,2,4119.701340420638
29,33831,0.0007158257652442586,0.42532037943929984,1.7033865710324365,2,4198.349175141313
29,33834,0.000715691332550129,0.4233546642679131,1.693210272575647,2,4219.147483547063
29,33866,0.0007085079816940359,0.40373998253384125,1.6489152583999358,2,4061.5727142945884
29,33903,0.0007085453343315848,0.3560140717189791,1.6355900720851162,2,4204.720407446393
29,33913,0.0007088244457023431,0.3602071240097194,1.6429140737759726,2,4226.519163544184
29,33930,0.000716922617994764,0.44972739785696136,1.691727245001902,2,4230.730312245872
29,33942,0.0007158997065934403,0.4512804721882668,1.7042492251395336,2,4181.234751196296
29,33945,0.0007157652738993107,0.44931475701688,1.6940729266827437,2,4153.379784735169
29,33967,0.0007161075981939136,0.4507056429834198,1.6918060888510467,2,4183.044278583131
29,34014,0.0007100543636160304,0.42708708042740284,1.6574916238314268,2,4111.3896705727375
29,34016,0.0007173939417909544,0.4425274423158208,1.7064625080540203,2,4217.0948899727355
29,34024,0.0007103334749867888,0.43128013271814314,1.6648156255222832,2,4136.135844225846
29,34041,0.000718448951393411,0.4427115583000349,1.7126310788450558,2,4230.308906695119
29,34053,0.0007174260399920873,0.4442646326313403,1.7251530589826873,2,4174.47699391019
29,34056,0.0007172916072979577,0.44229891745995353,1.7149767605258979,2,4181.510882345696
29,34090,0.0007187828765951418,0.4589701779640467,1.7128263598233606,2,4242.8718725523795
29,34093,0.0007186484439010122,0.45700446279265994,1.7026500613665707,2,4226.670379061164
29,34164,0.0007188019066859227,0.4543934584909725,1.7212505226273525,2,4188.700207941684
29,34167,0.0007186674739917931,0.45242774331958574,1.7110742241705625,2,4182.8817095815
29,34201,0.0007282352394097943,0.48166741596826285,1.8382075907711695,2,4263.0783687138555
29,34204,0.0007281008067156647,0.4797017007968761,1.8280312923143796,2,4264.4706487989915
29,34275,0.0007188348955568094,0.46032970061824274,1.7043361224471365,2,4253.341581242068
29,34337,0.0007198719757254013,0.4446352763750727,1.733484176482178,2,4263.984050267008
29,34349,0.0007188490643240776,0.44618835070637813,1.7460061566198095,2,4201.604699193226
29,34352,0.000718714631629948,0.44422263553499136,1.7358298581630196,2,4219.963266630308
29,34386,0.0007188521330154423,0.4639169699708288,1.7112716603055902,2,4267.060631292019
29,34389,0.0007187177003213127,0.46195125479944205,1.7010953618488003,2,4279.116194855443
29,34421,0.0007208757204847719,0.47619299222585026,1.7676313274674995,2,4249.652846255952
29,34423,0.000728215298659696,0.49163335411426823,1.816602211690093,2,4300.440004722398
29,34426,0.0007280808659655664,0.48966763894288146,1.8064259132333031,2,4287.151528592483
29,34460,0.0007282128364956278,0.4183204486857114,1.8878368988431409,2,4315.975707630166
29,34485,0.0007199233820854911,0.4543061747463876,1.7298224300462222,2,4246.709023313912
29,34497,0.0007189004706841674,0.45585924907769304,1.7423444101838537,2,4159.459363584632
29,34500,0.0007187660379900378,0.45389353390630627,1.7321681117270642,2,4192.167015591194
29,34534,0.0007189072743570598,0.45229415440330745,1.7219634606281327,2,4225.616228214506
29,34537,0.0007187728416629302,0.4503284392319207,1.7117871621713427,2,4269.789147713974
29,34571,0.0007189286993808611,0.39337088911188955,1.7178884528900356,2,4327.9813607065125
29,34608,0.0007189405713938002,0.44157206305830493,1.74634391605824,2,4161.094004084699
29,34611,0.0007188061386996706,0.43960634788691816,1.73616761760145,2,4176.955214260471
29,34682,0.0007189649225502415,0.4466766617411823,1.7360621431113965,2,4185.8406426492875
29,34685,0.0007188304898561119,0.44471094656979554,1.7258858446546066,2,4215.659482092543
29,34719,0.0007189987902914576,0.4606565029340289,1.7114160590190757,2,4229.005364468723
29,34756,0.0007190144249575263,0.38893344386308054,1.7353463051281284,2,4306.368341962809
29,34759,0.0007188799922633967,0.38696772869169377,1.7251700066713385,2,4327.367721103793
29,34793,0.00071876483351334,0.38365118962002553,1.7288522267558002,2,4331.101793992254
29,34830,0.0007281848434341312,0.4784511457995572,1.8333823333857193,2,4231.729056138951
29,34833,0.0007280504107400016,0.47648543062817045,1.8232060349289294,2,4301.222181354299
29,34855,0.0007292702702080076,0.5099193692563394,1.8190245780196963,2,4345.254876942656
29,34870,0.0007281129261125543,0.5095067284162581,1.8213702597005383,2,4306.455222434306
29,34904,0.0007282604113694441,0.48722910148230686,1.837916262244868,2,4240.676504698516
29,34907,0.0007281259786753145,0.4852633863109201,1.827739963788078,2,4269.000159572419
29,34941,0.000718408552030005,0.3872998573409698,1.7806790086433084,2,4239.976853179583
29,35015,0.0007283618747769599,0.4263287412200319,1.8854900994783677,2,4287.289820446458
29,35052,0.0007184317282138058,0.4596687288179167,1.711146384393397,2,4204.504913764965
29,35055,0.0007182972955196762,0.45770301364652993,1.7009700859366075,2,4262.457771776339
29,35087,0.000721020299268453,0.4753586702686934,1.755920077086592,2,4250.487905570487
29,35126,0.0007283510723158461,0.5021199539405048,1.8169310509338525,2,4267.426188553529
29,35129,0.0007282166396217165,0.500154238769118,1.806754752477063,2,4302.462498790674
29,35200,0.0007283281979977963,0.506874542269449,1.8048736606532723,2,4357.706505208434
29,35203,0.0007281937653036667,0.5049088270980622,1.7946973621964823,2,4332.61722072661
29,35311,0.0007185553803986831,0.45693444191528826,1.7223798619785011,2,4223.176391144067
29,35314,0.0007184209477045535,0.4549687267439015,1.7122035635217112,2,4209.052131247224
29,35348,0.0007186078444432694,0.3791584195914182,1.7329362464001279,2,4327.7119439927965
29,35383,0.0007209511400600269,0.47436496380287424,1.7637627137821892,2,4197.905095288447
29,35385,0.0007282907182349509,0.4898053256912922,1.8127335980047827,2,4319.125404986372
29,35393,0.0007212302514307853,0.47855801609361454,1.7710867154730456,2,4228.090365932985
29,35422,0.0007186447342402622,0.4285326437067667,1.7361728451807434,2,4154.340027021832
29,35447,0.000719667655526044,0.4545769796487187,1.7325177310390845,2,4234.468309676298
29,35459,0.0007186447441247203,0.4561300539800241,1.745039711176716,2,4168.190408674112
29,35462,0.0007185103114305907,0.4541643388086373,1.7348634127199265,2,4137.6558659858565
29,35496,0.0007186572050494436,0.38908509721924767,1.726335855671961,2,4304.806866830798
29,35499,0.000718522772355314,0.3871193820478609,1.7161595572151715,2,4327.792758345768
29,35558,0.000719699804588242,0.4575150327466667,1.7302290480926898,2,4190.599226891083
29,35570,0.0007186768931869183,0.45906810707797213,1.7427510282303214,2,4186.451056659174
29,35573,0.0007185424604927887,0.45710239190658536,1.7325747297735319,2,4214.051945777751
29,35632,0.0007197442179014279,0.45863725866527727,1.718647969636201,2,4275.253156172181
29,35644,0.0007187213065001042,0.4601903329965827,1.7311699497738324,2,4213.519322144761
29,35647,0.0007185868738059746,0.4582246178251959,1.720993651317043,2,4230.372975271318
29,35681,0.0007184083743406274,0.4598874495222762,1.7100393313412732,2,4206.2697482952935
29,35684,0.0007182739416464978,0.45792173435088945,1.6998630328844833,2,4256.409561331542
29,35718,0.0007190479903511891,0.38814390098544405,1.72198683996778,2,4340.152673901769
29,35755,0.0007190952217004012,0.43737041661404424,1.7341047922523258,2,4209.71351903852
29,35780,0.0007205072026277716,0.45782909200467387,1.7435230206406462,2,4226.95426426163
29,35792,0.0007194842912264478,0.4593821663359793,1.7560450007782777,2,4155.762981956153
29,35795,0.0007193498585323182,0.4574164511645925,1.7458687023214878,2,4139.806940211919
29,35829,0.000728076179180202,0.4243552894412889,1.8853615457477217,2,4274.521680995062
29,35866,0.0007280713645580764,0.5025374121739182,1.805298828935424,2,4301.977029389252
29,35869,0.0007279369318639468,0.5005716970025315,1.7951225304786345,2,4329.386583269478
29,35891,0.0007205593842272317,0.4631738868240934,1.7276519946021862,2,4266.733099486663
29,35903,0.000719536472825908,0.4647269611553988,1.7401739747398177,2,4194.748774748118
29,35906,0.0007194020401317784,0.462761245984012,1.7299976762830278,2,4208.752099882643
29,35938,0.000712212648445777,0.4154298519557603,1.683663172487945,2,4116.839308531752
29,35965,0.0009342924057724933,2.1031580155794987,5.019121599944918,2,5363.494667579188
29,35977,0.0009332694943711696,2.104711089910804,5.031643580082549,2,5300.310182683141
29,35980,0.00093313506167704,2.1027453747394174,5.0214672816257595,2,5339.096247889489
29,36012,0.0007207129248771621,0.46771924180006047,1.7746083465582547,2,4213.641589820388
29,36014,0.0007280525030520862,0.48315960368847843,1.8235792307808483,2,4285.533481751901
29,36017,0.0007279180703579566,0.48119388851709166,1.8134029323240588,2,4292.04992217603
29,36051,0.0007195629711776656,0.38375344663912403,1.7420090275238715,2,4305.433699424963
29,36054,0.000719428538483536,0.38178773146773726,1.7318327290670816,2,4354.750991613747
29,36088,0.00071956691084443,0.4251749209956999,1.7493779092549269,2,4164.638316916735
29,36113,0.0007206240421929407,0.46601826353106307,1.7326800623756076,2,4248.225625836254
29,36125,0.000719601130791617,0.4675713378623685,1.745202042513239,2,4180.85832848256
29,36128,0.0007194666980974874,0.4656056226909817,1.7350257440564492,2,4217.169577453777
29,36162,0.0007196205662252414,0.4426615897149358,1.7413009414094325,2,4169.052861342465
29,36165,0.0007194861335311118,0.440695874543549,1.7311246429526426,2,4236.961913972365
29,36199,0.0007280458239214628,0.47384690335653934,1.8343413539878464,2,4250.107886001339
29,36202,0.0007279113912273332,0.47188118818515257,1.8241650555310565,2,4308.46366031719
29,36236,0.0007196475290055342,0.3877807334964068,1.7967878780958833,2,4230.746901791607
29,36271,0.000712327188424702,0.439555225177188,1.6849355549230927,2,4103.322076983132
29,36273,0.000719666766599626,0.45499558706560594,1.7339064391456862,2,4223.20652383055
29,36276,0.0007195323339054964,0.45302987189421917,1.7237301406888967,2,4249.395424663519
29,36310,0.0007280332760938856,0.4069184195033068,1.8295080359737907,2,4382.971630342757
29,36335,0.000729049820463283,0.5079508968927374,1.8069277780411994,2,4343.8610926242845
29,36350,0.0007278924763678297,0.5075382560526561,1.809273459722041,2,4291.333399274918
29,36409,0.0007290477190303149,0.503897474331455,1.8286292010793272,2,4256.108669375756
29,36421,0.0007280248076289912,0.5054505486627605,1.8411511812169588,2,4254.883795110223
29,36424,0.0007278903749348616,0.5034848334913737,1.8309748827601693,2,4273.757977283627
29,36458,0.0007197390037684262,0.3875119229201206,1.7418990379777508,2,4300.462539403279
29,36461,0.0007196045710742966,0.3855462077487338,1.731722739520961,2,4321.155426395194
29,36495,0.000719477927733109,0.435693377908949,1.7510707488325052,2,4154.033418996998
29,36498,0.0007193434950389794,0.43372766273756225,1.7408944503757153,2,4199.4277420233875
29,36520,0.0007200988352183312,0.4535435626429325,1.7368765652186822,2,4224.795784392494
29,36532,0.0007190759238170075,0.4550966369742379,1.7493985453563137,2,4200.246142048428
29,36535,0.0007189414911228779,0.45313092180285114,1.7392222468995238,2,4192.918383250293
29,36569,0.0007194645091849303,0.4648747115689983,1.7121269787565674,2,4292.357119906542
29,36606,0.0009325202498665448,2.1154087831389337,4.967916707313576,2,5370.1469240259485
29,36609,0.0009323858171724152,2.113443067967547,4.957740408856787,2,5365.923052037198
29,36717,0.0007281581884151097,0.5054782364832915,1.8211887971042713,2,4266.974894992247
29,36720,0.0007280237557209801,0.5035125213119047,1.8110124986474814,2,4307.065532765219
29,36742,0.0007201912740301789,0.4522860795946267,1.7321495660624882,2,4217.314939806168
29,36754,0.0007191683626288552,0.4538391539259321,1.7446715462001197,2,4233.417704578222
29,36757,0.0007190339299347256,0.45187343875454533,1.7344952477433297,2,4203.28356093722
29,36789,0.0007118670033006749,0.4323106025152787,1.66539228165235,2,4145.990478517209
29,36799,0.0007121461146714332,0.436503654806019,1.6727162833432065,2,4150.017602541666
29,36828,0.0007192342028354161,0.39003340246222135,1.73617008280663,2,4317.758423538995
29,36831,0.0007190997701412865,0.3880676872908346,1.7259937843498405,2,4329.546278321209
29,36863,0.0007119010149124982,0.4330585486136857,1.6652241376333867,2,4143.330651859339
29,36873,0.0007121801262832566,0.437251600904426,1.6725481393242432,2,4129.400121585013
29,36890,0.0007291481431438656,0.5058197371927473,1.8220841812583197,2,4282.918724308257
29,36902,0.0007281252317425419,0.5073728115240528,1.8346061613959512,2,4321.42815192901
29,36905,0.0007279907990484123,0.505407096352666,1.8244298629391618,2,4266.239939381664
29,36939,0.0007192881014024039,0.4601775922396326,1.7194304620500684,2,4256.427519813558
29,36942,0.0007191536687082743,0.45821187706824584,1.7092541635932785,2,4228.293096004724
29,36974,0.0007119666812874699,0.43689023712647973,1.6859233227670458,2,4093.8330524683297
29,36976,0.0007193062594623939,0.4523305990148977,1.7348942069896394,2,4208.82888491477
29,36979,0.0007191718267682643,0.4503648838435109,1.72471790853285,2,4230.362142053912
29,37013,0.0007193081204750752,0.4417334882545759,1.735851539778114,2,4170.310060166375
29,37016,0.0007191736877809456,0.43976777308318915,1.7256752413213245,2,4223.738283765478
29,37050,0.0007193099355563729,0.38299940100873,1.7306362976076928,2,4334.62598052568
29,37087,0.0007281185341888213,0.4192723079971129,1.8346939571302596,2,4377.149314194014
29,37090,0.0007279841014946917,0.41730659282572613,1.8245176586734697,2,4412.631137151333
29,37124,0.0007193283741791415,0.43928592934273464,1.7477379865054004,2,4193.046656630879
29,37127,0.0007191939414850119,0.43732021417134787,1.7375616880486109,2,4197.788547230718
29,37198,0.0007193721635660933,0.3928434682935533,1.7380886731911716,2,4315.216815220021
29,37201,0.0007192377308719637,0.39087775312216655,1.7279123747343816,2,4331.045840413863
29,37235,0.0007193767996220996,0.4300231089976184,1.7439191947235222,2,4194.375751220268
29,37260,0.000729133324724948,0.49990096956636954,1.8303235529455062,2,4306.3297523558085
29,37272,0.0007281104133236243,0.501454043897675,1.8428455330831377,2,4252.998811233185
29,37275,0.0007279759806294947,0.4994883287262882,1.8326692346263478,2,4311.663453610957
29,37309,0.0007194097099743759,0.39471452501019805,1.738109703378413,2,4300.788636239226
29,37312,0.0007192752772802463,0.3927488098388113,1.7279334049216235,2,4301.661434278072
29,37346,0.0007280906960038121,0.48827463134457677,1.8358494700620844,2,4192.149447220123
29,37349,0.0007279562633096825,0.48630891617319,1.825673171605295,2,4239.483116041567
29,37371,0.0007184402521931378,0.44620329612764364,1.7098170775188724,2,4245.139622285042
29,37383,0.0007174173407918141,0.44775637045894906,1.7223390576565039,2,4169.110125546462
29,37386,0.0007172829080976845,0.4457906552875623,1.7121627591997144,2,4205.387512878972
29,37408,0.0007194302665774815,0.44732845435519925,1.7218625201427789,2,4219.612799889561
29,37420,0.0007184073551761578,0.44888152868650466,1.7343845002804104,2,4181.272283744584
29,37423,0.0007182729224820282,0.4469158135151179,1.724208201823621,2,4187.876320476496
29,37457,0.0007183998640610762,0.3892073959101846,1.7113100271046267,2,4326.878570573064
29,37492,0.0007102877031339347,0.4293267097901717,1.6578358046092454,2,4128.668847548797
29,37494,0.0007176272813088588,0.44476707167858964,1.706806688831839,2,4243.888678294602
29,37519,0.0007186573286164245,0.45333754081056366,1.7137395970002904,2,4194.390999665126
29,37531,0.0007176344172151008,0.45489061514186907,1.726261577137922,2,4198.521878586263
29,37534,0.0007174999845209712,0.4529248999704823,1.7160852786811325,2,4165.970225459634
29,37566,0.0007212200551692476,0.4784615008127626,1.7765903509675982,2,4228.169626255411
29,37568,0.0007285596333441716,0.4939018627011806,1.8255612351901918,2,4270.425050034054
29,37571,0.000728425200650042,0.4919361475297938,1.8153849367334023,2,4292.302891281739
29,37605,0.0007285589916774865,0.4807516248182125,1.8395261200389195,2,4246.210419219427
29,37608,0.0007284245589833569,0.4787859096468257,1.82934982158213,2,4269.515712237301
29,37645,0.0009231803691267185,2.2155011060256955,4.702842962473593,2,5412.923199705005
29,37679,0.000717661774020776,0.45816930935831135,1.692180932324526,2,4310.544345283918
29,37716,0.0007176662280245515,0.4511144501631708,1.702680581158524,2,4249.770153161129
29,37719,0.000717531795330422,0.44914873499178404,1.6925042827017345,2,4254.1953046642675
29,37778,0.0007186944477480951,0.4516557472104156,1.7065075431931547,2,4219.177344490061
29,37790,0.0007176715363467714,0.45320882154172104,1.7190295233307862,2,4154.911355707174
29,37793,0.0007175371036526418,0.45124310637033427,1.7088532248739963,2,4200.909840613203
29,37899,0.0007212047970321571,0.4699849695126702,1.7811302496725898,2,4198.72998634546
29,37901,0.0007285443752070811,0.4854253314010882,1.8301011338951834,2,4282.180151625433
29,37904,0.0007284099425129515,0.4834596162297014,1.8199248354383935,2,4313.018507444266
29,37938,0.0007177288128199235,0.43953468233286075,1.7288110811558894,2,4167.676738825287
29,37941,0.0007175943801257939,0.437568967161474,1.7186347826990995,2,4160.696215157666
29,38010,0.0007211908494852087,0.4726673398963668,1.7826000261221275,2,4222.396006204545
29,38012,0.0007285304276601327,0.48810770178478474,1.831570910344721,2,4272.472733635315
29,38015,0.0007283959949660031,0.48614198661339797,1.8213946118879312,2,4306.390161945462
29,38037,0.0007187955047732923,0.4358057620837439,1.7236762688330116,2,4237.690614962429
29,38049,0.0007177725933719686,0.4373588364150493,1.7361982489706431,2,4170.4457918754615
29,38052,0.000717638160677839,0.43539312124366253,1.7260219505138532,2,4160.870195517481
29,38084,0.0007104331944819855,0.41776589562447086,1.6593925767263276,2,4103.847734994783
29,38094,0.0007107123058527439,0.42195894791521116,1.666716578417184,2,4137.072714743275
29,38160,0.0007177796801694067,0.44949426810195703,1.7133713495906986,2,4168.643475553778
29,38163,0.0007176452474752771,0.44752855293057026,1.7031950511339087,2,4190.228695033272
29,38222,0.0007188169739349964,0.45665935141983177,1.706048389309128,2,4221.8124037909
29,38234,0.0007177940625336727,0.4582124257511372,1.7185703694467596,2,4179.516623954545
29,38237,0.0007176596298395431,0.4562467105797504,1.7083940709899696,2,4167.320335823844
29,38259,0.0007186476724665744,0.4428527079304178,1.7203645420784164,2,4247.242422076329
29,38271,0.0007176247610652507,0.4444057822617232,1.7328865222160479,2,4167.629025846646
29,38274,0.0007174903283711211,0.44244006709033645,1.722710223759258,2,4152.883074438372
29,38308,0.0007176200960370577,0.44024191747848235,1.7252306875872758,2,4228.731397348999
29,38311,0.0007174856633429281,0.4382762023070956,1.715054389130486,2,4223.508627392838
29,38407,0.0007185157247193208,0.44401167831839566,1.7138097499920706,2,4205.690646651378
29,38419,0.0007174928133179971,0.4455647526497011,1.726331730129702,2,4208.513725908424
29,38422,0.0007173583806238675,0.4435990374783143,1.7161554316729126,2,4179.791969102844
29,38444,0.0007185295755045881,0.4406587963269569,1.7214354083956058,2,4206.367905081665
29,38456,0.0007175066641032644,0.44221187065826234,1.7339573885332373,2,4138.889120328882
29,38459,0.0007173722314091348,0.44024615548687557,1.7237810900764474,2,4201.348979291481
29,38518,0.0007185318353556305,0.4569632941974567,1.7102497730090724,2,4267.334607349502
29,38530,0.0007175089239543068,0.4585163685287621,1.722771753146704,2,4176.001141718754
29,38533,0.0007173744912601772,0.4565506533573753,1.7125954546899145,2,4155.204314863619
29,38565,0.0007212506937964799,0.4703489996346403,1.7633426810955934,2,4210.768182005533
29,38575,0.0007215298051672383,0.47454205192538057,1.77066668278645,2,4217.1946407658625
29,38602,0.0007101769079045048,0.428388173849426,1.6643925319868487,2,4122.920489165209
29,38604,0.0007175164860794288,0.443828535737844,1.7133634162094422,2,4182.020121843881
29,38607,0.0007173820533852992,0.4418628205664572,1.7031871177526527,2,4200.95976054373
29,38612,0.0007104560192752632,0.4325812261401663,1.6717165336777051,2,4106.058816248333
29,38629,0.0007185491262094994,0.45304718065242,1.7151469849348069,2,4212.40802188591
29,38641,0.0007175262148081757,0.4546002549837254,1.7276689650724384,2,4199.026717355044
29,38644,0.0007173917821140461,0.45263453981233864,1.7174926666156485,2,4199.289829624466
29,38713,0.0007102065212203185,0.3621769442711914,1.6561331722583819,2,4225.389380582685
29,38740,0.0007185842614697106,0.4546657459718859,1.7160216361295664,2,4214.553725126429
29,38752,0.0007175613500683868,0.45621882030319133,1.7285436162671979,2,4217.643627260617
29,38755,0.0007174269173742572,0.45425310513180456,1.718367317810408,2,4219.289274616321
29,38789,0.0007175670715878533,0.3845251626776578,1.7037669879932058,2,4329.87659183772
29,38824,0.000721235974713957,0.4747655316755568,1.7683173897683018,2,4171.292202195326
29,38826,0.000728575552888881,0.49020589356397476,1.8172882739908953,2,4336.152963787205
29,38834,0.0007215150860847154,0.4789585839662971,1.7756413914591582,2,4224.49129404285
30,89,0.0007299118244637432,0.4952452078341533,1.8685789319914785,2,4245.808111841077
30,163,0.0007051641393239129,0.3953350703222012,1.6045891000163979,2,4084.1458187995627
30,311,0.0007052112232936664,0.4078326033609735,1.6178224067169447,2,4127.77890186911
30,520,0.0007042040844395124,0.4042897092135919,1.605777318494026,2,4113.624619229325
30,533,0.0007052978442402974,0.4035722129450341,1.602612485391892,2,4063.4911043802554
30,718,0.0007053884675868662,0.39690489804545487,1.6078393491001146,2,4046.3465873595387
30,940,0.0007048739824427764,0.3972714014430792,1.6022229096914717,2,4085.0044976678055
30,977,0.0007048757923489496,0.39959479870116127,1.6078802252999684,2,4064.364417884741
30,1014,0.0008526356677841847,1.246299557235915,3.568287173353489,2,4929.979826250566
30,1038,0.0007037961175223297,0.40174120557266163,1.6040966097016478,2,4086.430827645658
30,1051,0.0007048898773231146,0.4010237093041038,1.6009317765995137,2,4068.794223089616
30,1125,0.0007299756293511705,0.5110858067133319,1.856012918268897,2,4264.575206509346
30,1273,0.0007299496661052203,0.505605914964028,1.8658901706886957,2,4261.326509789133
30,1347,0.0007299452642583575,0.5026995545584181,1.8632006274945732,2,4267.831770532452
30,1680,0.000729844478947069,0.516697381684678,1.8403890713663118,2,4330.903398150902
30,1976,0.000705935316634546,0.4042595328709082,1.6199087562683465,2,4089.6525597177656
30,2494,0.0007054148372320695,0.39606197640614327,1.6089057005783618,2,4075.3915337961234
30,2716,0.0007055142203034731,0.4099215742181829,1.6190789508855852,2,4096.507916588315
30,2790,0.0007298221548898447,0.5127261468529712,1.8459615026335026,2,4297.403507332137
30,2827,0.0007298211360274867,0.49235648486063543,1.8682594736007625,2,4276.376593293617
30,2864,0.0007055430615180653,0.4105247928440675,1.6125282693238798,2,4095.296065988461
30,2975,0.0007298027919718083,0.5110203808501106,1.8661049864843866,2,4254.393448045288
30,3049,0.0007056358940601684,0.39996253775603785,1.6182615497831705,2,4044.121651655696
30,3160,0.0007297922414215945,0.5099239451447508,1.8646071419981074,2,4322.6183748674375
30,3234,0.0007057306132708541,0.40476621676467706,1.6155396957945314,2,4095.2558986460294
30,3443,0.0007290773158376745,0.5128818554315644,1.8538030485822423,2,4254.83364775491
30,3456,0.0007301710756384595,0.5121643591630065,1.8506382154801082,2,4250.11569917033
30,3752,0.0007040460655560131,0.39549287837768254,1.604091414365165,2,4061.985121831488
30,4011,0.0007040923959418766,0.40351545110605125,1.5854423751321665,2,4068.33198725821
30,4455,0.0007037009572071452,0.3942950210149201,1.5954620466555038,2,4090.5216153967494
30,4492,0.000730225925771194,0.5136212618129409,1.8713591608875184,2,4239.859274871797
30,4825,0.0007038364280956015,0.399892724984025,1.5808372774146437,2,4113.719148699888
30,4849,0.0007027479586366748,0.3414455193011516,1.613916642235255,2,4100.287670856442
30,5121,0.0007041432796391395,0.3913520345581791,1.605028955614746,2,4100.13786076808
30,5232,0.0007045345985722867,0.4039119978961789,1.5921121781512564,2,4089.440519725291
30,5824,0.0007299968548653811,0.5161007093450688,1.8420645849396267,2,4305.262693792272
30,6009,0.0007041545152669882,0.39725872041491717,1.5994396499718933,2,4066.3092112455397
30,6157,0.0007042099799818793,0.39631038500730337,1.595973001107425,2,4104.971305321779
30,6305,0.0007042578783109775,0.39468522297276515,1.602549074756548,2,4037.921313588503
30,6490,0.0007300749558105819,0.5096054252823702,1.8665985238411151,2,4263.689430990179
30,6601,0.0007300724010379545,0.5172977542253314,1.8623813095713946,2,4281.397836999135
30,6786,0.0007296784111775807,0.4906059791303606,1.865294915927949,2,4227.322401595868
30,7378,0.0007078218715263001,0.41612214245068807,1.6366585688987634,2,4144.002733113142
30,7452,0.0007078406069864025,0.4188206308086951,1.6378796879119486,2,4093.7581688124665
30,7674,0.0007293621418115335,0.5086451522060034,1.8604996788088977,2,4255.4494560147195
30,7859,0.0007294112200020345,0.5079177608846759,1.864066741565726,2,4299.323394452317
30,7883,0.0007283126617728476,0.5071720277041533,1.853599498291907,2,4275.784082116668
30,7896,0.0007294064215736326,0.5064545314355954,1.850434665189773,2,4286.931904676032
30,8031,0.0007064144475313545,0.40641417884777603,1.6292176692184088,2,4098.982057680704
30,8044,0.0007075082073321394,0.4056966825792182,1.6260528361162747,2,4065.4225564753547
30,8081,0.0007293912512017338,0.49818248127583814,1.8676115630139976,2,4244.198141264486
30,8488,0.0007079148447035204,0.40609948184076705,1.6365539045692383,2,4084.227180161221
30,8845,0.0007073423571725805,0.41677179372213746,1.6376828199659035,2,4073.703591107799
30,8858,0.0007084361169733655,0.41605429745357964,1.6345179868637694,2,4097.027174761173
30,8895,0.0007291853806839608,0.5044724177882145,1.8677675183717521,2,4203.913791444733
30,9043,0.0007085297233551074,0.4123230448579481,1.6508743372154693,2,4096.460632959241
30,9265,0.0007083032229192326,0.4129721546385266,1.6484903082199376,2,4109.552777862797
30,9289,0.0007281960542978904,0.49916891441549954,1.851559994425526,2,4203.689354906872
30,9302,0.0007292898140986753,0.4984514181469417,1.848395161323392,2,4275.400784112993
30,9413,0.0007292885454858728,0.5024209922600362,1.8611581879505386,2,4233.678762757468
30,9733,0.0007069933874500245,0.35573509570020173,1.65759410701321,2,4157.5490498133395
30,9931,0.0007081537589959989,0.411897780670214,1.645154829658876,2,4113.82565927153
30,9955,0.0007281513819732517,0.5073403998518125,1.8439608491660167,2,4249.240461341706
30,9968,0.0007292451417740366,0.5066229035832546,1.8407960160638825,2,4298.502698095983
30,10042,0.0007081831322958793,0.4085949717195333,1.6385586899344422,2,4075.2528648326875
30,10066,0.0007281439533310836,0.503077454352754,1.853697373050162,2,4243.090906827173
30,10079,0.0007292377131318685,0.5023599580841961,1.850532539948028,2,4246.383806415487
30,10153,0.0007061871329224758,0.4121865671772689,1.613132198917801,2,4102.129358422932
30,10338,0.0007295919698649192,0.5125416963587309,1.8392120033341761,2,4314.368475059977
30,10449,0.0007066502942929103,0.41502068686943183,1.6317485103483484,2,4054.314228486036
30,10523,0.0007066755503139972,0.4134835265495174,1.6236203439780554,2,4113.214127929667
30,10856,0.000706795435437352,0.4070471181770929,1.6302996986739795,2,4097.227698720922
30,11115,0.0007062245303452622,0.40747389642577075,1.6206070370347498,2,4068.9610299739006
30,11152,0.0007296680876014566,0.48661688367709,1.8678859852946847,2,4230.23226853722
30,11263,0.0007296535276989153,0.5119909426448143,1.8604309290244616,2,4254.310445190454
30,11448,0.000729647223988757,0.5149910967695034,1.8554947725479238,2,4264.577201175929
30,11596,0.0007064528295450803,0.4097806644097967,1.6276501232739837,2,4048.424966064311
30,11744,0.0007065059148698582,0.4039593833825477,1.6207370205421956,2,4106.612030470213
30,11818,0.0007065141086596739,0.40172399639984036,1.6175794618000023,2,4050.982784826395
30,11990,0.0007060280958241155,0.4090387985952896,1.6221618726553362,2,4108.047526872317
30,12003,0.0007071218556249005,0.40832130232673175,1.618997039553202,2,4071.862428478683
30,12151,0.0007071569566165008,0.39846028778913894,1.6303356604576982,2,4062.1035403125693
30,12299,0.0007071706940231024,0.41622150740325903,1.6329486050376218,2,4114.608778284183
30,12817,0.0007069028169234665,0.39481332633856187,1.6299685271534774,2,4108.64433044576
30,12854,0.0007069143918985954,0.4048384292220813,1.6209238847519045,2,4132.584958606457
30,12878,0.0007058219029306189,0.40928350308827544,1.6182456844538533,2,4133.910279299454
30,12891,0.0007069156627314038,0.4085660068197176,1.6150808513517192,2,4097.893992998113
30,13396,0.0007059450960527362,0.40978142693123565,1.6210864439747517,2,4122.53951632307
30,13409,0.0007070388558535212,0.4090639306626778,1.6179216108726175,2,4072.0405948389234
30,13692,0.000698522818727357,0.3293076882984141,1.5696317637918629,2,4133.7005029457305
30,13853,0.0006996732080411509,0.38163654921250745,1.5500446878856953,2,3973.780309492462
30,14001,0.0006996960109651182,0.384277776730685,1.5420332555638987,2,4067.0989367908815
30,14593,0.0006993170529881486,0.3858514402139205,1.5471822433936857,2,4039.6600669485574
30,14667,0.0008089812824087677,0.916398125957533,2.8728923215006796,2,4748.728657312827
30,14704,0.000731112961486417,0.5035917444809269,1.8766772369231532,2,4289.760408091492
30,14963,0.000699429430247175,0.38383577859721174,1.5583783728732297,2,4034.583584794485
30,15074,0.0008105048967782486,0.9557851319997436,2.88509554920694,2,4752.479436480519
30,15518,0.0007309398988767214,0.5227682376816604,1.85376527439795,2,4327.977526209623
30,15814,0.0007309131667384113,0.5030591152462763,1.8822181926083714,2,4275.008103488408
30,15851,0.0007309128875046066,0.5173614324972536,1.8745602051490717,2,4238.016010043184
30,15962,0.0007005500340597172,0.3791593304571378,1.5631906698660298,2,4039.8107876985227
30,16171,0.0006991157170852532,0.3818674951992395,1.555614796328876,2,4034.6712022720476
30,16184,0.0007002094768860382,0.3811499989306817,1.552449963226742,2,4098.660060960933
30,16221,0.000699936511813493,0.3807623753596418,1.56364670390187,2,4045.6040519337434
30,16258,0.0007000130994031316,0.3825582023543292,1.5534415887378745,2,3985.7986725081682
30,16591,0.0007001090427693442,0.3893108457418931,1.5599837285489087,2,4050.203382024473
30,16850,0.0007001864560693608,0.3789608430968521,1.557757060624361,2,4026.550376658856
30,17035,0.0006991260955868876,0.37843996046049083,1.5508798105633232,2,4081.822824928428
30,17146,0.0006983107998032184,0.38035877116726824,1.5372546605060073,2,4035.333342818708
30,17183,0.0007313254889823418,0.5224104019140587,1.8675878126299537,2,4249.196400086735
30,17220,0.0006983209804789304,0.3702236491298369,1.5441966997003556,2,4046.693251690086
30,17405,0.0008007631320301543,0.8667961923905932,2.7539312192685066,2,4670.261559268911
30,17442,0.0006984738632867665,0.36796097618662077,1.5459520595199243,2,3999.330070274978
30,17812,0.0006985601190389218,0.37988064740695876,1.5502388138058478,2,4031.149889546182
30,17886,0.000698211373782862,0.3811746665869933,1.5441995581828163,2,4044.553473772606
30,17960,0.0006978682759889262,0.37555688764117506,1.5433964777015627,2,4013.6369161707917
30,17997,0.0006979140213576739,0.3683948362116422,1.5382218910530565,2,4029.3593329736773
30,18108,0.0007313906372930926,0.5202647839510736,1.8798430785108708,2,4272.649231027823
30,18219,0.0007966581634426672,0.872472091706081,2.678150702647522,2,4695.854455074047
30,18391,0.0007302672124611449,0.5129307652653124,1.87132541963805,2,4267.842699111436
30,18404,0.0007313609722619298,0.5122132689967546,1.8681605865359159,2,4304.192431457904
30,18478,0.0006981227010908314,0.38178382690845686,1.543379494471601,2,4018.64746873307
30,18539,0.000730252207141846,0.5132683647244018,1.870343036696688,2,4240.519846985769
30,18552,0.000731345966942631,0.512550868455844,1.8671782035945539,2,4312.349543323836
30,18589,0.0006981869537830023,0.37756295734469897,1.5396274859148777,2,4013.9390728257054
30,18737,0.0006985982017060912,0.3701817023675194,1.542703459006877,2,4013.851227059509
30,19181,0.000699048812973459,0.38502531595519934,1.548920925697385,2,4025.140867071075
30,19218,0.0006990591481408947,0.37285211189519835,1.5495040745974782,2,4054.5446873430265
30,19477,0.0006989031365978128,0.3814226825361135,1.5505378488899308,2,4048.4908446114546
30,19662,0.0008032850393804397,0.8806088978748557,2.7944641899106446,2,4675.048637059037
30,19810,0.0006986491480630419,0.37589203729953874,1.5469627013730565,2,4053.8962647202475
30,20143,0.0008049516542554563,0.8961553306547642,2.824757554500929,2,4672.841354543996
30,20180,0.00069876606191802,0.382316282972934,1.5306532173966343,2,4040.852711258462
30,20291,0.0006988165219644003,0.37354650936916034,1.544154555072059,2,4051.0476900656004
30,20365,0.0007035409541796788,0.3880522861212823,1.5966455080219542,2,4078.7859230677523
30,20513,0.0007025780044177218,0.3951719548724995,1.5705950538741777,2,4093.448133584112
30,20611,0.0007015417602671105,0.3390471182855983,1.596791555960786,2,4096.1980203941275
30,21203,0.0007017788270705114,0.39476856415107714,1.5836622688761466,2,4076.5866353715546
30,21216,0.0007028725868712964,0.3940510678825193,1.5804974357740125,2,4076.673987448005
30,21327,0.0007305285148867252,0.5076278219749489,1.8698573312207896,2,4262.8151198649875
30,21401,0.0007305270546567645,0.500185399630647,1.8792218767190347,2,4239.870769361917
30,21734,0.0007304980001210551,0.5098867277401078,1.8725307675617133,2,4223.172500928454
30,21771,0.0007304906227950047,0.5026451829257729,1.8711238823323417,2,4274.465509412186
30,22326,0.0007033357936053296,0.3993682137256211,1.577738366627722,2,4100.905929004128
30,22474,0.0007034018047440263,0.40092107923692744,1.5851742330111178,2,4075.5275991326903
30,22659,0.0007302883537457318,0.49412359886563084,1.8745560371217906,2,4229.659212703268
30,22844,0.00070352091386511,0.40333046558449503,1.5939618096202308,2,4097.692443546249
30,22918,0.0007028755509421717,0.39508435022774885,1.5871466899785531,2,4057.4402116807346
30,23029,0.0007304112547172483,0.5167694684906473,1.8641475297073378,2,4270.058408295561
30,23177,0.0007029122610661156,0.3996025947741902,1.5786719769265185,2,4079.015222532369
30,23399,0.0007029567139077994,0.38709823830216833,1.5895008851023318,2,4081.9296122822752
30,23510,0.000730380515830811,0.5177888366303562,1.8543495938064314,2,4310.403277963779
30,23658,0.0007030484410276717,0.38964734448072913,1.5912859842765839,2,4059.9063137753838
30,23695,0.0007031124980221123,0.3990535180369661,1.5965023934129876,2,4083.184077559736
30,23732,0.0008392455093427952,1.1707905841509965,3.3191610975810497,2,4855.460212513013
30,23843,0.0007305357023794531,0.5096116939624937,1.8685206730403652,2,4253.280671620953
30,23991,0.0007012127896073139,0.3889506546217782,1.5739358388721303,2,4038.5433896106438
30,24065,0.0007012247549219666,0.39376913147186055,1.5712219542957409,2,4061.516568936542
30,24583,0.0007010549380646382,0.3941166334118439,1.5748724709929183,2,4084.8924893902567
30,24879,0.0007007148197093061,0.37859415083683806,1.5630507638836704,2,4080.397577132094
30,24916,0.0007007390694229698,0.38266673909661586,1.5668633711856674,2,4056.6818074178095
30,24953,0.0007308489268295291,0.5168518319606158,1.8738458411744139,2,4239.2291243469535
30,25434,0.000701037563287257,0.3774260169346751,1.5682237487288737,2,4021.8602433609744
30,25471,0.0007022337665817726,0.39349469860565184,1.5677791268241204,2,4105.088898540386
30,25619,0.0007306179590779713,0.4908040040576425,1.878857183883649,2,4233.952210344876
30,26433,0.0007306982876715135,0.5193552223682624,1.8504209417875435,2,4304.719545553854
30,26470,0.00070149931662392,0.3936263610842981,1.5589412854488904,2,4101.147989893041
30,26531,0.0007004343562121516,0.39079025427584907,1.5658966672816883,2,4037.5785908136268
30,26544,0.0007015281160129365,0.39007275800729124,1.5627318341795542,2,4106.576991225918
30,26581,0.0008281445859787521,1.097123294420324,3.1387112617950854,2,4809.701343467966
30,26729,0.0007015609013788669,0.38751193799388733,1.5681987468278489,2,4044.3061677966016
30,26766,0.000701593686048363,0.3917343879497892,1.570006210551708,2,4062.9808866486537
30,26914,0.0007016732561883286,0.3387260519517255,1.5686595782113768,2,4157.943953318498
30,27025,0.0007017334545287741,0.3874160759895243,1.5810991630775255,2,4072.540962780882
30,27136,0.00070179192118005,0.3768630640559434,1.5798318089547094,2,4042.2747146540046
30,27543,0.0007154926893665401,0.4311400703101647,1.7207878979729578,2,4113.072327921245
30,27604,0.0007264866877101185,0.5006120348658852,1.8240163165422418,2,4213.7311156076075
30,27617,0.0007275804475109035,0.4998945385973274,1.8208514834401077,2,4257.484630362205
30,27826,0.0007264718926393969,0.48856247881971415,1.8377329945532719,2,4219.903739595613
30,27839,0.0007275656524401819,0.4878449825511563,1.8345681614511378,2,4262.927648838832
30,28431,0.0007276533863992868,0.5072738855652538,1.8158343361657858,2,4294.073730168037
30,28455,0.0007141068112087795,0.4433737848357895,1.7067752645581216,2,4170.42449278856
30,28468,0.0007152005710095644,0.44265628856723166,1.7036104314559875,2,4134.039000931513
30,28936,0.0007264680261440538,0.49630344388550274,1.836167017574917,2,4221.261498223385
30,28949,0.0007275617859448388,0.4955859476169449,1.8330021844727828,2,4247.798089253615
30,29269,0.0007149511523499015,0.44641940484513254,1.7077127632215112,2,4161.676654078288
30,29282,0.0007160449121506865,0.4457019085765747,1.704547930119377,2,4132.695883200233
30,29319,0.0007160607180661284,0.434365839532857,1.7158942833554862,2,4219.1967576894285
30,29763,0.0007274876811589411,0.4819047296445936,1.8401628704419986,2,4252.845089104708
30,29837,0.000715601388347242,0.4464651307982555,1.7185107778306359,2,4128.241857277653
30,30133,0.0007275216431728314,0.5044529980722766,1.8310918465453068,2,4247.984025289137
30,30355,0.0007157846977741459,0.42879139337310906,1.7199020973039365,2,4135.064510073098
30,30392,0.0007157918170224076,0.43885639471894977,1.7236202266104608,2,4145.066036257606
30,30429,0.0007157925145179449,0.45128055670684875,1.713585630283714,2,4146.713574605347
30,30540,0.0007158266405412388,0.4530158890835091,1.6984324150748402,2,4194.751978139599
30,30675,0.0007131394283132163,0.4397920062488616,1.695278896178687,2,4179.888220581588
30,30688,0.0007142331881140013,0.4390745099803038,1.692114063076553,2,4099.255765753934
30,30762,0.0007278897160993197,0.5017188736814288,1.8505848736786803,2,4262.522053714809
30,31095,0.0007143279922136735,0.4456815438599084,1.7097495978230384,2,4106.38727359777
30,31132,0.0007278655766112251,0.4896477678763834,1.8484571643247898,2,4267.807485639619
30,31761,0.0007139917997379171,0.4289385124942969,1.703157168223983,2,4133.780707635482
30,33130,0.0007144688130549956,0.37635174509333286,1.6961409444297362,2,4283.707667214608
30,33228,0.0007133831652349896,0.44236982003300673,1.695285021719496,2,4133.823645606899
30,33241,0.0007144769250357746,0.4416523237644489,1.6921201886173618,2,4174.649403844594
30,33315,0.0007145199364222585,0.4381528236066131,1.704848845143641,2,4109.8581051438005
30,33524,0.0007134565825387196,0.4413531393170775,1.7011385249595898,2,4116.7717912247845
30,33537,0.0007145503423395046,0.44063564304851965,1.6979736918574557,2,4133.233186270121
30,33796,0.0007146181777110546,0.44473521539459393,1.6863020403575824,2,4162.0446943127645
30,33907,0.0007146778790285702,0.37488217965428505,1.7009729632384702,2,4262.407520675126
30,34018,0.0007161869083130159,0.4459551883627088,1.7228745149847808,2,4131.359696441717
30,34166,0.0007175948732079841,0.4578212045378605,1.7376625295581127,2,4195.948344509003
30,34425,0.0007270082651817574,0.49506110016115623,1.8330142186208533,2,4263.246001846876
30,34536,0.0007177002408791213,0.45572190045019545,1.738375467558893,2,4170.426031883649
30,35078,0.0007260590841646535,0.4949442744725572,1.82446780134208,2,4253.669693657361
30,35091,0.0007271528439654384,0.49422677820399935,1.821302968239946,2,4227.089298661144
30,35313,0.0007173483469207445,0.46036218796217626,1.7387918689092614,2,4192.839862070872
30,35337,0.0007163070511645459,0.38330366190686405,1.7525130864330225,2,4245.189566885461
30,35374,0.0007259899249562274,0.49395056800673803,1.8323104380376771,2,4228.339073957232
30,35387,0.0007270836847570124,0.4932330717381802,1.829145604935543,2,4235.7844300152365
30,36016,0.0007268454695741476,0.48658734973536644,1.8399912377116088,2,4245.307793455957
30,36040,0.0007172621778989421,0.38789868895456986,1.761585867556766,2,4200.824123738768
30,36275,0.0007184597331216874,0.45842333311249395,1.7503184460764467,2,4194.697297987553
30,36645,0.0007178911807111063,0.4620106683423863,1.7193026666834816,2,4246.186676428106
30,36780,0.0007169057881968754,0.4518962067191425,1.733940005907838,2,4151.327879302434
30,36793,0.0007179995479976604,0.45117871045058466,1.730775172805704,2,4161.657768090121
30,36854,0.0007169397998086988,0.4526441528175495,1.7337718618888747,2,4162.137880314021
30,36867,0.0007180335596094837,0.45192665654899167,1.7306070287867406,2,4142.661897827913
30,36941,0.0007180810679244654,0.4636053382865206,1.7358424689808287,2,4190.795319892063
30,37496,0.0007164202478309202,0.44819481772547765,1.7232186957625995,2,4180.076281937555
30,37570,0.0007273525998662331,0.4973296087480686,1.8419732421209523,2,4264.248170570533
30,37718,0.000716459194546613,0.4545421962100588,1.7190925880892844,2,4177.616403380658
30,37903,0.0007273373417291426,0.4888530774479762,1.8465131408259436,2,4241.516084008664
30,38088,0.000716565739178971,0.43663400355977683,1.7247754678796814,2,4208.879799736117
30,38162,0.0007165726466914681,0.45292201414884503,1.7297833565214589,2,4203.164734957327
30,38347,0.0007273913700049311,0.5038642665476671,1.8173685976308573,2,4267.721283083736
30,38384,0.000716283132864182,0.4513423759051939,1.7029731792374438,2,4164.208622434792
30,38556,0.0007262894786926804,0.48993460383850407,1.8318904053510816,2,4204.34345146663
30,38569,0.0007273832384934654,0.48921710756994624,1.8287255722489475,2,4210.546258753042
30,38606,0.0007163094526014903,0.447256281784732,1.7297754231402027,2,4130.921137394385
30,38815,0.0007262747596101575,0.4943511358794206,1.8368651140237897,2,4247.09993218943
30,38828,0.0007273685194109425,0.49363363961086276,1.8337002809216556,2,4228.188545650857
